2026-03-09 07:10:01 [INFO] [supervisor] Logging initialised → logs\supervisor.log (level=INFO)
2026-03-09 07:10:01 [INFO] [core.config_loader] Configuration loaded: 3 cameras
2026-03-09 07:10:01 [INFO] [supervisor] Logging initialised → logs\supervisor.log (level=INFO)
2026-03-09 07:10:01 [INFO] [core.config_loader] Configuration loaded: 3 cameras
2026-03-09 07:10:01 [INFO] [supervisor.supervisor] ============================================================
2026-03-09 07:10:01 [INFO] [supervisor.supervisor] Supervisor starting — IndustrialVisionSystem v2.0
2026-03-09 07:10:01 [INFO] [supervisor.supervisor] ============================================================
2026-03-09 07:10:01 [INFO] [supervisor.supervisor] Starting processes for cameras: [0, 1, 2]
2026-03-09 07:10:03 [INFO] [supervisor.supervisor] Started camera process: camera_0 (PID=1984)
2026-03-09 07:10:03 [INFO] [supervisor.supervisor] Started camera process: camera_1 (PID=15836)
2026-03-09 07:10:03 [INFO] [supervisor.supervisor] Started camera process: camera_2 (PID=23036)
2026-03-09 07:10:04 [INFO] [supervisor.supervisor] Started detection process: detection_0 (PID=34280)
2026-03-09 07:10:05 [INFO] [supervisor.supervisor] Started detection process: detection_1 (PID=16236)
2026-03-09 07:10:06 [INFO] [supervisor.supervisor] Started detection process: detection_2 (PID=28808)
2026-03-09 07:10:06 [INFO] [supervisor.supervisor] Started relay process: relay (PID=34148)
2026-03-09 07:10:06 [INFO] [supervisor.supervisor] Started GUI process: gui (PID=1640)
2026-03-09 07:10:06 [INFO] [supervisor.supervisor] Started GPU monitor: gpu_monitor (PID=28856)
2026-03-09 07:10:06 [INFO] [supervisor.supervisor] All processes started. Supervision active.
2026-03-09 07:10:06 [INFO] [supervisor.supervisor] Supervision loop running
2026-03-09 07:10:17 [WARNING] [supervisor.supervisor] [Supervisor] camera_0 heartbeat timeout (13.2s)
2026-03-09 07:10:17 [WARNING] [supervisor.supervisor] [Supervisor] camera_1 heartbeat timeout (13.2s)
2026-03-09 07:10:17 [WARNING] [supervisor.supervisor] [Supervisor] camera_2 heartbeat timeout (13.2s)
2026-03-09 07:10:17 [WARNING] [supervisor.supervisor] [Supervisor] detection_0 heartbeat timeout (12.2s)
2026-03-09 07:10:17 [WARNING] [supervisor.supervisor] [Supervisor] detection_1 heartbeat timeout (11.2s)
2026-03-09 07:10:17 [WARNING] [supervisor.supervisor] [Supervisor] detection_2 heartbeat timeout (10.1s)
2026-03-09 07:10:18 [WARNING] [supervisor.supervisor] [Supervisor] camera_0 heartbeat timeout (14.2s)
2026-03-09 07:10:18 [WARNING] [supervisor.supervisor] [Supervisor] camera_1 heartbeat timeout (14.2s)
2026-03-09 07:10:18 [WARNING] [supervisor.supervisor] [Supervisor] camera_2 heartbeat timeout (14.2s)
2026-03-09 07:10:18 [WARNING] [supervisor.supervisor] [Supervisor] detection_0 heartbeat timeout (13.2s)
2026-03-09 07:10:18 [WARNING] [supervisor.supervisor] [Supervisor] detection_1 heartbeat timeout (12.2s)
2026-03-09 07:10:18 [WARNING] [supervisor.supervisor] [Supervisor] detection_2 heartbeat timeout (11.2s)
2026-03-09 07:10:19 [WARNING] [supervisor.supervisor] [Supervisor] camera_0 heartbeat timeout (15.3s)
2026-03-09 07:10:19 [WARNING] [supervisor.supervisor] [Supervisor] camera_1 heartbeat timeout (15.2s)
2026-03-09 07:10:19 [WARNING] [supervisor.supervisor] [Supervisor] camera_2 heartbeat timeout (15.2s)
2026-03-09 07:10:19 [WARNING] [supervisor.supervisor] [Supervisor] detection_0 heartbeat timeout (14.2s)
2026-03-09 07:10:19 [WARNING] [supervisor.supervisor] [Supervisor] detection_1 heartbeat timeout (13.2s)
2026-03-09 07:10:19 [WARNING] [supervisor.supervisor] [Supervisor] detection_2 heartbeat timeout (12.2s)
2026-03-09 07:10:20 [WARNING] [supervisor.supervisor] [Supervisor] camera_0 heartbeat timeout (16.3s)
2026-03-09 07:10:20 [WARNING] [supervisor.supervisor] [Supervisor] camera_1 heartbeat timeout (16.3s)
2026-03-09 07:10:20 [WARNING] [supervisor.supervisor] [Supervisor] camera_2 heartbeat timeout (16.2s)
2026-03-09 07:10:20 [WARNING] [supervisor.supervisor] [Supervisor] detection_0 heartbeat timeout (15.2s)
2026-03-09 07:10:20 [WARNING] [supervisor.supervisor] [Supervisor] detection_1 heartbeat timeout (14.2s)
2026-03-09 07:10:20 [WARNING] [supervisor.supervisor] [Supervisor] detection_2 heartbeat timeout (13.2s)
2026-03-09 07:10:21 [WARNING] [supervisor.supervisor] [Supervisor] camera_0 heartbeat timeout (17.3s)
2026-03-09 07:10:21 [WARNING] [supervisor.supervisor] [Supervisor] camera_1 heartbeat timeout (17.3s)
2026-03-09 07:10:21 [WARNING] [supervisor.supervisor] [Supervisor] camera_2 heartbeat timeout (17.3s)
2026-03-09 07:10:21 [WARNING] [supervisor.supervisor] [Supervisor] detection_0 heartbeat timeout (16.2s)
2026-03-09 07:10:21 [WARNING] [supervisor.supervisor] [Supervisor] detection_1 heartbeat timeout (15.2s)
2026-03-09 07:10:21 [WARNING] [supervisor.supervisor] [Supervisor] detection_2 heartbeat timeout (14.2s)
2026-03-09 07:10:22 [WARNING] [supervisor.supervisor] [Supervisor] camera_0 heartbeat timeout (18.3s)
2026-03-09 07:10:22 [WARNING] [supervisor.supervisor] [Supervisor] camera_1 heartbeat timeout (18.3s)
2026-03-09 07:10:22 [WARNING] [supervisor.supervisor] [Supervisor] camera_2 heartbeat timeout (18.3s)
2026-03-09 07:10:22 [WARNING] [supervisor.supervisor] [Supervisor] detection_0 heartbeat timeout (17.2s)
2026-03-09 07:10:22 [WARNING] [supervisor.supervisor] [Supervisor] detection_1 heartbeat timeout (16.2s)
2026-03-09 07:10:22 [WARNING] [supervisor.supervisor] [Supervisor] detection_2 heartbeat timeout (15.2s)
2026-03-09 07:10:23 [WARNING] [supervisor.supervisor] [Supervisor] camera_0 heartbeat timeout (19.3s)
2026-03-09 07:10:23 [WARNING] [supervisor.supervisor] [Supervisor] camera_1 heartbeat timeout (19.3s)
2026-03-09 07:10:23 [WARNING] [supervisor.supervisor] [Supervisor] camera_2 heartbeat timeout (19.3s)
2026-03-09 07:10:23 [WARNING] [supervisor.supervisor] [Supervisor] detection_0 heartbeat timeout (18.2s)
2026-03-09 07:10:23 [WARNING] [supervisor.supervisor] [Supervisor] detection_1 heartbeat timeout (17.2s)
2026-03-09 07:10:23 [WARNING] [supervisor.supervisor] [Supervisor] detection_2 heartbeat timeout (16.2s)
2026-03-09 07:10:24 [WARNING] [supervisor.supervisor] [Supervisor] camera_0 heartbeat timeout (20.3s)
2026-03-09 07:10:24 [WARNING] [supervisor.supervisor] [Supervisor] camera_1 heartbeat timeout (20.3s)
2026-03-09 07:10:24 [WARNING] [supervisor.supervisor] [Supervisor] camera_2 heartbeat timeout (20.3s)
2026-03-09 07:10:24 [WARNING] [supervisor.supervisor] [Supervisor] detection_0 heartbeat timeout (19.3s)
2026-03-09 07:10:24 [WARNING] [supervisor.supervisor] [Supervisor] detection_1 heartbeat timeout (18.3s)
2026-03-09 07:10:24 [WARNING] [supervisor.supervisor] [Supervisor] detection_2 heartbeat timeout (17.2s)
2026-03-09 07:10:25 [WARNING] [supervisor.supervisor] [Supervisor] camera_0 heartbeat timeout (21.3s)
2026-03-09 07:10:25 [WARNING] [supervisor.supervisor] [Supervisor] camera_1 heartbeat timeout (21.3s)
2026-03-09 07:10:25 [WARNING] [supervisor.supervisor] [Supervisor] camera_2 heartbeat timeout (21.3s)
2026-03-09 07:10:25 [WARNING] [supervisor.supervisor] [Supervisor] detection_0 heartbeat timeout (20.3s)
2026-03-09 07:10:25 [WARNING] [supervisor.supervisor] [Supervisor] detection_1 heartbeat timeout (19.3s)
2026-03-09 07:10:25 [WARNING] [supervisor.supervisor] [Supervisor] detection_2 heartbeat timeout (18.3s)
2026-03-09 07:10:26 [WARNING] [supervisor.supervisor] [Supervisor] camera_0 heartbeat timeout (22.3s)
2026-03-09 07:10:26 [WARNING] [supervisor.supervisor] [Supervisor] camera_1 heartbeat timeout (22.3s)
2026-03-09 07:10:26 [WARNING] [supervisor.supervisor] [Supervisor] camera_2 heartbeat timeout (22.3s)
2026-03-09 07:10:26 [WARNING] [supervisor.supervisor] [Supervisor] detection_0 heartbeat timeout (21.3s)
2026-03-09 07:10:26 [WARNING] [supervisor.supervisor] [Supervisor] detection_1 heartbeat timeout (20.3s)
2026-03-09 07:10:26 [WARNING] [supervisor.supervisor] [Supervisor] detection_2 heartbeat timeout (19.3s)
2026-03-09 07:10:27 [WARNING] [supervisor.supervisor] [Supervisor] camera_0 heartbeat timeout (23.4s)
2026-03-09 07:10:27 [WARNING] [supervisor.supervisor] [Supervisor] camera_1 heartbeat timeout (23.3s)
2026-03-09 07:10:27 [WARNING] [supervisor.supervisor] [Supervisor] camera_2 heartbeat timeout (23.3s)
2026-03-09 07:10:27 [WARNING] [supervisor.supervisor] [Supervisor] detection_0 heartbeat timeout (22.3s)
2026-03-09 07:10:27 [WARNING] [supervisor.supervisor] [Supervisor] detection_1 heartbeat timeout (21.3s)
2026-03-09 07:10:27 [WARNING] [supervisor.supervisor] [Supervisor] detection_2 heartbeat timeout (20.3s)
2026-03-09 07:10:28 [WARNING] [supervisor.supervisor] [Supervisor] camera_0 heartbeat timeout (24.4s)
2026-03-09 07:10:28 [WARNING] [supervisor.supervisor] [Supervisor] camera_1 heartbeat timeout (24.4s)
2026-03-09 07:10:28 [WARNING] [supervisor.supervisor] [Supervisor] camera_2 heartbeat timeout (24.3s)
2026-03-09 07:10:28 [WARNING] [supervisor.supervisor] [Supervisor] detection_0 heartbeat timeout (23.3s)
2026-03-09 07:10:28 [WARNING] [supervisor.supervisor] [Supervisor] detection_1 heartbeat timeout (22.3s)
2026-03-09 07:10:28 [WARNING] [supervisor.supervisor] [Supervisor] detection_2 heartbeat timeout (21.3s)
2026-03-09 07:10:29 [WARNING] [supervisor.supervisor] [Supervisor] camera_0 heartbeat timeout (25.4s)
2026-03-09 07:10:29 [WARNING] [supervisor.supervisor] [Supervisor] camera_1 heartbeat timeout (25.4s)
2026-03-09 07:10:29 [WARNING] [supervisor.supervisor] [Supervisor] camera_2 heartbeat timeout (25.4s)
2026-03-09 07:10:29 [WARNING] [supervisor.supervisor] [Supervisor] detection_0 heartbeat timeout (24.3s)
2026-03-09 07:10:29 [WARNING] [supervisor.supervisor] [Supervisor] detection_1 heartbeat timeout (23.3s)
2026-03-09 07:10:29 [WARNING] [supervisor.supervisor] [Supervisor] detection_2 heartbeat timeout (22.3s)
2026-03-09 07:10:30 [WARNING] [supervisor.supervisor] [Supervisor] camera_0 heartbeat timeout (26.4s)
2026-03-09 07:10:30 [WARNING] [supervisor.supervisor] [Supervisor] camera_1 heartbeat timeout (26.4s)
2026-03-09 07:10:30 [WARNING] [supervisor.supervisor] [Supervisor] camera_2 heartbeat timeout (26.4s)
2026-03-09 07:10:30 [WARNING] [supervisor.supervisor] [Supervisor] detection_0 heartbeat timeout (25.3s)
2026-03-09 07:10:30 [WARNING] [supervisor.supervisor] [Supervisor] detection_1 heartbeat timeout (24.3s)
2026-03-09 07:10:30 [WARNING] [supervisor.supervisor] [Supervisor] detection_2 heartbeat timeout (23.3s)
2026-03-09 07:10:31 [WARNING] [supervisor.supervisor] [Supervisor] camera_0 heartbeat timeout (27.4s)
2026-03-09 07:10:31 [WARNING] [supervisor.supervisor] [Supervisor] camera_1 heartbeat timeout (27.4s)
2026-03-09 07:10:31 [WARNING] [supervisor.supervisor] [Supervisor] camera_2 heartbeat timeout (27.4s)
2026-03-09 07:10:31 [ERROR] [supervisor.supervisor] [Supervisor] detection_0 died, restarting
2026-03-09 07:10:31 [INFO] [supervisor.supervisor] [Supervisor] Restarting detection_0 (restart #1)
2026-03-09 07:10:31 [INFO] [supervisor.supervisor] [Supervisor] Backoff 5.0s before restart
2026-03-09 07:10:36 [INFO] [supervisor.supervisor] Started detection process: detection_0 (PID=3752)
2026-03-09 07:10:36 [ERROR] [supervisor.supervisor] [Supervisor] detection_1 died, restarting
2026-03-09 07:10:36 [INFO] [supervisor.supervisor] [Supervisor] Restarting detection_1 (restart #1)
2026-03-09 07:10:36 [INFO] [supervisor.supervisor] [Supervisor] Backoff 5.0s before restart
2026-03-09 07:10:41 [INFO] [supervisor.supervisor] Started detection process: detection_1 (PID=29824)
2026-03-09 07:10:41 [ERROR] [supervisor.supervisor] [Supervisor] detection_2 died, restarting
2026-03-09 07:10:41 [INFO] [supervisor.supervisor] [Supervisor] Restarting detection_2 (restart #1)
2026-03-09 07:10:41 [INFO] [supervisor.supervisor] [Supervisor] Backoff 5.0s before restart
2026-03-09 07:10:46 [INFO] [supervisor.supervisor] Started detection process: detection_2 (PID=6908)
2026-03-09 07:10:47 [ERROR] [supervisor.supervisor] [camera] cam=2 Error: ConnectionFailed — RTSP connection failed: rtsp://admin:password@192.168.1.103:554/stream1
2026-03-09 07:10:47 [ERROR] [supervisor.supervisor] [camera] cam=1 Error: ConnectionFailed — RTSP connection failed: rtsp://admin:password@192.168.1.102:554/stream1
2026-03-09 07:10:47 [ERROR] [supervisor.supervisor] [camera] cam=0 Error: ConnectionFailed — RTSP connection failed: rtsp://admin:password@192.168.1.101:554/stream1
2026-03-09 07:10:47 [WARNING] [supervisor.supervisor] [Supervisor] camera_0 heartbeat timeout (43.5s)
2026-03-09 07:10:47 [WARNING] [supervisor.supervisor] [Supervisor] camera_1 heartbeat timeout (43.5s)
2026-03-09 07:10:47 [WARNING] [supervisor.supervisor] [Supervisor] camera_2 heartbeat timeout (43.5s)
2026-03-09 07:10:47 [ERROR] [supervisor.supervisor] [Supervisor] detection_0 died, restarting
2026-03-09 07:10:47 [INFO] [supervisor.supervisor] [Supervisor] Restarting detection_0 (restart #1)
2026-03-09 07:10:47 [INFO] [supervisor.supervisor] [Supervisor] Backoff 5.0s before restart
2026-03-09 07:10:52 [INFO] [supervisor.supervisor] Started detection process: detection_0 (PID=11924)
2026-03-09 07:10:52 [ERROR] [supervisor.supervisor] [Supervisor] detection_1 is not alive, restarting
2026-03-09 07:10:52 [INFO] [supervisor.supervisor] [Supervisor] Restarting detection_1 (restart #1)
2026-03-09 07:10:52 [INFO] [supervisor.supervisor] [Supervisor] Backoff 5.0s before restart
2026-03-09 07:10:57 [INFO] [supervisor.supervisor] Started detection process: detection_1 (PID=27984)
2026-03-09 07:10:57 [ERROR] [supervisor.supervisor] [Supervisor] detection_2 is not alive, restarting
2026-03-09 07:10:57 [INFO] [supervisor.supervisor] [Supervisor] Restarting detection_2 (restart #1)
2026-03-09 07:10:57 [INFO] [supervisor.supervisor] [Supervisor] Backoff 5.0s before restart
2026-03-09 07:11:02 [INFO] [supervisor.supervisor] Started detection process: detection_2 (PID=30292)
2026-03-09 07:11:02 [INFO] [supervisor.supervisor] [Health] Uptime: 0h1m | Processes:
2026-03-09 07:11:02 [INFO] [supervisor.supervisor]   camera_0             alive=True  restarts=0   mem=0.0MB fps=0.0 status=starting
2026-03-09 07:11:02 [INFO] [supervisor.supervisor]   camera_1             alive=True  restarts=0   mem=0.0MB fps=0.0 status=starting
2026-03-09 07:11:02 [INFO] [supervisor.supervisor]   camera_2             alive=True  restarts=0   mem=0.0MB fps=0.0 status=starting
2026-03-09 07:11:02 [INFO] [supervisor.supervisor]   detection_0          alive=True  restarts=0   mem=0.0MB fps=0.0 status=starting
2026-03-09 07:11:02 [INFO] [supervisor.supervisor]   detection_1          alive=True  restarts=0   mem=0.0MB fps=0.0 status=starting
2026-03-09 07:11:02 [INFO] [supervisor.supervisor]   detection_2          alive=True  restarts=0   mem=0.0MB fps=0.0 status=starting
2026-03-09 07:11:02 [INFO] [supervisor.supervisor]   relay                alive=True  restarts=0   mem=20.3MB fps=0.0 status=running
2026-03-09 07:11:02 [INFO] [supervisor.supervisor]   gui                  alive=True  restarts=0   mem=51.2MB fps=0.0 status=running
2026-03-09 07:11:02 [INFO] [supervisor.supervisor]   gpu_monitor          alive=True  restarts=0   mem=35.7MB fps=0.0 status=running
2026-03-09 07:11:03 [WARNING] [supervisor.supervisor] [Supervisor] camera_0 heartbeat timeout (59.6s)
2026-03-09 07:11:03 [WARNING] [supervisor.supervisor] [Supervisor] camera_1 heartbeat timeout (59.6s)
2026-03-09 07:11:03 [WARNING] [supervisor.supervisor] [Supervisor] camera_2 heartbeat timeout (59.6s)
2026-03-09 07:11:03 [ERROR] [supervisor.supervisor] [Supervisor] detection_0 died, restarting
2026-03-09 07:11:03 [INFO] [supervisor.supervisor] [Supervisor] Restarting detection_0 (restart #1)
2026-03-09 07:11:03 [INFO] [supervisor.supervisor] [Supervisor] Backoff 5.0s before restart
2026-03-09 07:11:08 [INFO] [supervisor.supervisor] Started detection process: detection_0 (PID=29400)
2026-03-09 07:11:08 [ERROR] [supervisor.supervisor] [Supervisor] detection_1 is not alive, restarting
2026-03-09 07:11:08 [INFO] [supervisor.supervisor] [Supervisor] Restarting detection_1 (restart #1)
2026-03-09 07:11:08 [INFO] [supervisor.supervisor] [Supervisor] Backoff 5.0s before restart
2026-03-09 07:11:12 [INFO] [supervisor.supervisor] [Supervisor] Signal 2 received, initiating shutdown
2026-03-09 07:11:13 [INFO] [supervisor.supervisor] Started detection process: detection_1 (PID=29336)
2026-03-09 07:11:13 [ERROR] [supervisor.supervisor] [Supervisor] detection_2 is not alive, restarting
2026-03-09 07:11:13 [INFO] [supervisor.supervisor] [Supervisor] Restarting detection_2 (restart #1)
2026-03-09 07:11:13 [INFO] [supervisor.supervisor] [Supervisor] Backoff 5.0s before restart
2026-03-09 07:11:14 [INFO] [supervisor.supervisor] [Supervisor] Signal 2 received, initiating shutdown
2026-03-09 07:11:15 [INFO] [supervisor.supervisor] [Supervisor] Signal 2 received, initiating shutdown
2026-03-09 07:11:15 [INFO] [supervisor.supervisor] [Supervisor] Signal 2 received, initiating shutdown
2026-03-09 07:11:18 [INFO] [supervisor.supervisor] Started detection process: detection_2 (PID=28760)
2026-03-09 07:11:18 [ERROR] [supervisor.supervisor] [Supervisor] relay is not alive, restarting
2026-03-09 07:11:18 [INFO] [supervisor.supervisor] [Supervisor] Restarting relay (restart #1)
2026-03-09 07:11:18 [INFO] [supervisor.supervisor] [Supervisor] Backoff 5.0s before restart
2026-03-09 07:11:23 [INFO] [supervisor.supervisor] Started relay process: relay (PID=33984)
2026-03-09 07:11:23 [ERROR] [supervisor.supervisor] [Supervisor] gpu_monitor is not alive, restarting
2026-03-09 07:11:23 [INFO] [supervisor.supervisor] [Supervisor] Restarting gpu_monitor (restart #1)
2026-03-09 07:11:23 [INFO] [supervisor.supervisor] [Supervisor] Backoff 5.0s before restart
2026-03-09 07:11:27 [INFO] [supervisor.supervisor] [Supervisor] Signal 2 received, initiating shutdown
2026-03-09 07:11:28 [INFO] [supervisor.supervisor] [Supervisor] Signal 2 received, initiating shutdown
2026-03-09 07:11:28 [INFO] [supervisor.supervisor] Started GPU monitor: gpu_monitor (PID=32384)
2026-03-09 07:11:28 [INFO] [supervisor.supervisor] [Supervisor] Signal 2 received, initiating shutdown
2026-03-09 07:11:29 [INFO] [supervisor.supervisor] Supervision loop ending
2026-03-09 07:11:29 [INFO] [supervisor.supervisor] [Supervisor] Shutting down all processes...
2026-03-09 07:11:29 [INFO] [supervisor.supervisor] [Supervisor] Stopping camera_0
2026-03-09 07:11:29 [INFO] [supervisor.supervisor] [Supervisor] Stopping camera_1
2026-03-09 07:11:29 [INFO] [supervisor.supervisor] [Supervisor] Stopping camera_2
2026-03-09 07:11:29 [INFO] [supervisor.supervisor] [Supervisor] Stopping detection_0
2026-03-09 07:11:29 [INFO] [supervisor.supervisor] [Supervisor] Stopping detection_1
2026-03-09 07:11:29 [INFO] [supervisor.supervisor] [Supervisor] Stopping detection_2
2026-03-09 07:11:29 [INFO] [supervisor.supervisor] [Supervisor] Stopping relay
2026-03-09 07:11:29 [INFO] [supervisor.supervisor] [Supervisor] Stopping gui
2026-03-09 07:11:29 [INFO] [supervisor.supervisor] [Supervisor] Stopping gpu_monitor
2026-03-09 07:11:29 [INFO] [supervisor.supervisor] [Supervisor] All processes stopped. System shutdown complete.
2026-03-09 07:13:27 [INFO] [supervisor] Logging initialised → logs\supervisor.log (level=INFO)
2026-03-09 07:13:27 [INFO] [core.config_loader] Configuration loaded: 3 cameras
2026-03-09 07:13:27 [INFO] [supervisor] Logging initialised → logs\supervisor.log (level=INFO)
2026-03-09 07:13:27 [INFO] [core.config_loader] Configuration loaded: 3 cameras
2026-03-09 07:13:27 [INFO] [supervisor.supervisor] ============================================================
2026-03-09 07:13:27 [INFO] [supervisor.supervisor] Supervisor starting — IndustrialVisionSystem v2.0
2026-03-09 07:13:27 [INFO] [supervisor.supervisor] ============================================================
2026-03-09 07:13:27 [INFO] [supervisor.supervisor] Starting processes for cameras: [0, 1, 2]
2026-03-09 07:13:27 [INFO] [supervisor.supervisor] Started camera process: camera_0 (PID=16416)
2026-03-09 07:13:27 [INFO] [supervisor.supervisor] Started camera process: camera_1 (PID=19912)
2026-03-09 07:13:27 [INFO] [supervisor.supervisor] Started camera process: camera_2 (PID=4028)
2026-03-09 07:13:28 [INFO] [supervisor.supervisor] Started detection process: detection_0 (PID=17580)
2026-03-09 07:13:29 [INFO] [supervisor.supervisor] Started detection process: detection_1 (PID=30984)
2026-03-09 07:13:30 [INFO] [supervisor.supervisor] Started detection process: detection_2 (PID=16652)
2026-03-09 07:13:30 [INFO] [supervisor.supervisor] Started relay process: relay (PID=6024)
2026-03-09 07:13:30 [INFO] [supervisor.supervisor] Started GUI process: gui (PID=3672)
2026-03-09 07:13:30 [INFO] [supervisor.supervisor] Started GPU monitor: gpu_monitor (PID=34592)
2026-03-09 07:13:30 [INFO] [supervisor.supervisor] All processes started. Supervision active.
2026-03-09 07:13:30 [INFO] [supervisor.supervisor] Supervision loop running
2026-03-09 07:13:34 [ERROR] [supervisor.supervisor] [Supervisor] detection_0 is not alive, restarting
2026-03-09 07:13:34 [INFO] [supervisor.supervisor] [Supervisor] Restarting detection_0 (restart #1)
2026-03-09 07:13:34 [INFO] [supervisor.supervisor] [Supervisor] Backoff 5.0s before restart
2026-03-09 07:13:39 [INFO] [supervisor.supervisor] Started detection process: detection_0 (PID=10692)
2026-03-09 07:13:39 [ERROR] [supervisor.supervisor] [Supervisor] detection_1 is not alive, restarting
2026-03-09 07:13:39 [INFO] [supervisor.supervisor] [Supervisor] Restarting detection_1 (restart #1)
2026-03-09 07:13:39 [INFO] [supervisor.supervisor] [Supervisor] Backoff 5.0s before restart
2026-03-09 07:13:43 [INFO] [supervisor.supervisor] [Supervisor] Signal 2 received, initiating shutdown
2026-03-09 07:13:44 [INFO] [supervisor.supervisor] Started detection process: detection_1 (PID=11840)
2026-03-09 07:13:44 [ERROR] [supervisor.supervisor] [Supervisor] detection_2 is not alive, restarting
2026-03-09 07:13:44 [INFO] [supervisor.supervisor] [Supervisor] Restarting detection_2 (restart #1)
2026-03-09 07:13:44 [INFO] [supervisor.supervisor] [Supervisor] Backoff 5.0s before restart
2026-03-09 07:13:48 [INFO] [supervisor.supervisor] [Supervisor] Signal 2 received, initiating shutdown
2026-03-09 07:13:49 [INFO] [supervisor.supervisor] Started detection process: detection_2 (PID=29700)
2026-03-09 07:13:49 [ERROR] [supervisor.supervisor] [Supervisor] relay is not alive, restarting
2026-03-09 07:13:49 [INFO] [supervisor.supervisor] [Supervisor] Restarting relay (restart #1)
2026-03-09 07:13:49 [INFO] [supervisor.supervisor] [Supervisor] Backoff 5.0s before restart
2026-03-09 07:13:51 [INFO] [supervisor.supervisor] [Supervisor] Signal 2 received, initiating shutdown
2026-03-09 07:13:54 [INFO] [supervisor.supervisor] Started relay process: relay (PID=31536)
2026-03-09 07:13:54 [ERROR] [supervisor.supervisor] [Supervisor] gpu_monitor is not alive, restarting
2026-03-09 07:13:54 [INFO] [supervisor.supervisor] [Supervisor] Restarting gpu_monitor (restart #1)
2026-03-09 07:13:54 [INFO] [supervisor.supervisor] [Supervisor] Backoff 5.0s before restart
2026-03-09 07:13:59 [INFO] [supervisor.supervisor] Started GPU monitor: gpu_monitor (PID=29740)
2026-03-09 07:14:00 [INFO] [supervisor.supervisor] Supervision loop ending
2026-03-09 07:14:00 [INFO] [supervisor.supervisor] [Supervisor] Shutting down all processes...
2026-03-09 07:14:00 [INFO] [supervisor.supervisor] [Supervisor] Stopping camera_0
2026-03-09 07:14:00 [INFO] [supervisor.supervisor] [Supervisor] Stopping camera_1
2026-03-09 07:14:00 [INFO] [supervisor.supervisor] [Supervisor] Stopping camera_2
2026-03-09 07:14:00 [INFO] [supervisor.supervisor] [Supervisor] Stopping detection_0
2026-03-09 07:14:00 [INFO] [supervisor.supervisor] [Supervisor] Stopping detection_1
2026-03-09 07:14:00 [INFO] [supervisor.supervisor] [Supervisor] Stopping detection_2
2026-03-09 07:14:00 [INFO] [supervisor.supervisor] [Supervisor] Stopping relay
2026-03-09 07:14:00 [INFO] [supervisor.supervisor] [Supervisor] Stopping gui
2026-03-09 07:14:00 [INFO] [supervisor.supervisor] [Supervisor] Stopping gpu_monitor
2026-03-09 07:14:00 [INFO] [supervisor.supervisor] [Supervisor] All processes stopped. System shutdown complete.
2026-03-09 13:08:47 [INFO] [supervisor] Logging initialised → logs\supervisor.log (level=INFO)
2026-03-09 13:08:47 [INFO] [core.config_loader] Config loaded v2.1: 3 cameras
2026-03-09 13:08:47 [INFO] [supervisor.supervisor] ============================================================
2026-03-09 13:08:47 [INFO] [supervisor.supervisor] Supervisor v2.1 — IndustrialVisionSystem
2026-03-09 13:08:47 [INFO] [supervisor.supervisor] ============================================================
2026-03-09 13:08:47 [CRITICAL] [supervisor.supervisor] MODEL NOT FOUND: models/best.pt — detection will NOT start
2026-03-09 13:08:48 [INFO] [supervisor.supervisor] Started camera_0 PID=23488
2026-03-09 13:08:48 [INFO] [supervisor.supervisor] Started camera_1 PID=34612
2026-03-09 13:08:48 [INFO] [supervisor.supervisor] Started camera_2 PID=14500
2026-03-09 13:08:48 [INFO] [supervisor.supervisor] Started relay PID=33924
2026-03-09 13:08:48 [INFO] [supervisor.supervisor] Started gui PID=34720
2026-03-09 13:08:48 [INFO] [supervisor.supervisor] Started gpu_monitor PID=2096
2026-03-09 13:08:48 [INFO] [supervisor.supervisor] All processes started.
2026-03-09 13:08:48 [INFO] [supervisor.supervisor] Supervision loop running
2026-03-09 13:09:03 [WARNING] [supervisor.supervisor] [Supervisor] camera_0 HB timeout 15.1s
2026-03-09 13:09:03 [WARNING] [supervisor.supervisor] [Supervisor] camera_1 HB timeout 15.1s
2026-03-09 13:09:03 [WARNING] [supervisor.supervisor] [Supervisor] camera_2 HB timeout 15.1s
2026-03-09 13:09:04 [WARNING] [supervisor.supervisor] [Supervisor] camera_0 HB timeout 16.1s
2026-03-09 13:09:04 [WARNING] [supervisor.supervisor] [Supervisor] camera_1 HB timeout 16.1s
2026-03-09 13:09:04 [WARNING] [supervisor.supervisor] [Supervisor] camera_2 HB timeout 16.1s
2026-03-09 13:09:05 [WARNING] [supervisor.supervisor] [Supervisor] camera_0 HB timeout 17.2s
2026-03-09 13:09:05 [WARNING] [supervisor.supervisor] [Supervisor] camera_1 HB timeout 17.1s
2026-03-09 13:09:05 [WARNING] [supervisor.supervisor] [Supervisor] camera_2 HB timeout 17.1s
2026-03-09 13:09:06 [WARNING] [supervisor.supervisor] [Supervisor] camera_0 HB timeout 18.2s
2026-03-09 13:09:06 [WARNING] [supervisor.supervisor] [Supervisor] camera_1 HB timeout 18.2s
2026-03-09 13:09:06 [WARNING] [supervisor.supervisor] [Supervisor] camera_2 HB timeout 18.2s
2026-03-09 13:09:07 [WARNING] [supervisor.supervisor] [Supervisor] camera_0 HB timeout 19.2s
2026-03-09 13:09:07 [WARNING] [supervisor.supervisor] [Supervisor] camera_1 HB timeout 19.2s
2026-03-09 13:09:07 [WARNING] [supervisor.supervisor] [Supervisor] camera_2 HB timeout 19.2s
2026-03-09 13:09:08 [WARNING] [supervisor.supervisor] [Supervisor] camera_0 HB timeout 20.2s
2026-03-09 13:09:08 [WARNING] [supervisor.supervisor] [Supervisor] camera_1 HB timeout 20.2s
2026-03-09 13:09:08 [WARNING] [supervisor.supervisor] [Supervisor] camera_2 HB timeout 20.2s
2026-03-09 13:09:09 [WARNING] [supervisor.supervisor] [Supervisor] camera_0 HB timeout 21.2s
2026-03-09 13:09:09 [WARNING] [supervisor.supervisor] [Supervisor] camera_1 HB timeout 21.2s
2026-03-09 13:09:09 [WARNING] [supervisor.supervisor] [Supervisor] camera_2 HB timeout 21.2s
2026-03-09 13:09:10 [WARNING] [supervisor.supervisor] [Supervisor] camera_0 HB timeout 22.2s
2026-03-09 13:09:10 [WARNING] [supervisor.supervisor] [Supervisor] camera_1 HB timeout 22.2s
2026-03-09 13:09:10 [WARNING] [supervisor.supervisor] [Supervisor] camera_2 HB timeout 22.2s
2026-03-09 13:09:11 [WARNING] [supervisor.supervisor] [Supervisor] camera_0 HB timeout 23.2s
2026-03-09 13:09:11 [WARNING] [supervisor.supervisor] [Supervisor] camera_1 HB timeout 23.2s
2026-03-09 13:09:11 [WARNING] [supervisor.supervisor] [Supervisor] camera_2 HB timeout 23.2s
2026-03-09 13:09:12 [WARNING] [supervisor.supervisor] [Supervisor] camera_0 HB timeout 24.2s
2026-03-09 13:09:12 [WARNING] [supervisor.supervisor] [Supervisor] camera_1 HB timeout 24.2s
2026-03-09 13:09:12 [WARNING] [supervisor.supervisor] [Supervisor] camera_2 HB timeout 24.2s
2026-03-09 13:09:13 [WARNING] [supervisor.supervisor] [Supervisor] camera_0 HB timeout 25.3s
2026-03-09 13:09:13 [WARNING] [supervisor.supervisor] [Supervisor] camera_1 HB timeout 25.2s
2026-03-09 13:09:13 [WARNING] [supervisor.supervisor] [Supervisor] camera_2 HB timeout 25.2s
2026-03-09 13:09:14 [WARNING] [supervisor.supervisor] [Supervisor] camera_0 HB timeout 26.3s
2026-03-09 13:09:14 [WARNING] [supervisor.supervisor] [Supervisor] camera_1 HB timeout 26.3s
2026-03-09 13:09:14 [WARNING] [supervisor.supervisor] [Supervisor] camera_2 HB timeout 26.3s
2026-03-09 13:09:15 [WARNING] [supervisor.supervisor] [Supervisor] camera_0 HB timeout 27.3s
2026-03-09 13:09:15 [WARNING] [supervisor.supervisor] [Supervisor] camera_1 HB timeout 27.3s
2026-03-09 13:09:15 [WARNING] [supervisor.supervisor] [Supervisor] camera_2 HB timeout 27.3s
2026-03-09 13:09:16 [WARNING] [supervisor.supervisor] [Supervisor] camera_0 HB timeout 28.3s
2026-03-09 13:09:16 [WARNING] [supervisor.supervisor] [Supervisor] camera_1 HB timeout 28.3s
2026-03-09 13:09:16 [WARNING] [supervisor.supervisor] [Supervisor] camera_2 HB timeout 28.3s
2026-03-09 13:09:17 [WARNING] [supervisor.supervisor] [Supervisor] camera_0 HB timeout 29.3s
2026-03-09 13:09:17 [WARNING] [supervisor.supervisor] [Supervisor] camera_1 HB timeout 29.3s
2026-03-09 13:09:17 [WARNING] [supervisor.supervisor] [Supervisor] camera_2 HB timeout 29.3s
2026-03-09 13:09:18 [WARNING] [supervisor.supervisor] [Supervisor] camera_0 HB timeout 30.3s
2026-03-09 13:09:18 [WARNING] [supervisor.supervisor] [Supervisor] camera_1 HB timeout 30.3s
2026-03-09 13:09:18 [WARNING] [supervisor.supervisor] [Supervisor] camera_2 HB timeout 30.3s
2026-03-09 13:09:19 [ERROR] [supervisor.supervisor] [camera] cam=2 ConnectionFailed: RTSP failed: rtsp://admin:password@192.168.1.103:554/stream1
2026-03-09 13:09:19 [ERROR] [supervisor.supervisor] [camera] cam=1 ConnectionFailed: RTSP failed: rtsp://admin:password@192.168.1.102:554/stream1
2026-03-09 13:09:19 [ERROR] [supervisor.supervisor] [camera] cam=0 ConnectionFailed: RTSP failed: rtsp://admin:password@192.168.1.101:554/stream1
2026-03-09 13:09:19 [WARNING] [supervisor.supervisor] [Supervisor] camera_0 HB timeout 31.3s
2026-03-09 13:09:19 [WARNING] [supervisor.supervisor] [Supervisor] camera_1 HB timeout 31.3s
2026-03-09 13:09:19 [WARNING] [supervisor.supervisor] [Supervisor] camera_2 HB timeout 31.3s
2026-03-09 13:09:20 [WARNING] [supervisor.supervisor] [Supervisor] camera_0 HB timeout 32.3s
2026-03-09 13:09:20 [WARNING] [supervisor.supervisor] [Supervisor] camera_1 HB timeout 32.3s
2026-03-09 13:09:20 [WARNING] [supervisor.supervisor] [Supervisor] camera_2 HB timeout 32.3s
2026-03-09 13:09:21 [WARNING] [supervisor.supervisor] [Supervisor] camera_0 HB timeout 33.3s
2026-03-09 13:09:21 [WARNING] [supervisor.supervisor] [Supervisor] camera_1 HB timeout 33.3s
2026-03-09 13:09:21 [WARNING] [supervisor.supervisor] [Supervisor] camera_2 HB timeout 33.3s
2026-03-09 13:09:22 [WARNING] [supervisor.supervisor] [Supervisor] camera_0 HB timeout 34.3s
2026-03-09 13:09:22 [WARNING] [supervisor.supervisor] [Supervisor] camera_1 HB timeout 34.3s
2026-03-09 13:09:22 [WARNING] [supervisor.supervisor] [Supervisor] camera_2 HB timeout 34.3s
2026-03-09 13:09:23 [WARNING] [supervisor.supervisor] [Supervisor] camera_0 HB timeout 35.3s
2026-03-09 13:09:23 [WARNING] [supervisor.supervisor] [Supervisor] camera_1 HB timeout 35.3s
2026-03-09 13:09:23 [WARNING] [supervisor.supervisor] [Supervisor] camera_2 HB timeout 35.3s
2026-03-09 13:09:24 [WARNING] [supervisor.supervisor] [Supervisor] camera_0 HB timeout 36.4s
2026-03-09 13:09:24 [WARNING] [supervisor.supervisor] [Supervisor] camera_1 HB timeout 36.3s
2026-03-09 13:09:24 [WARNING] [supervisor.supervisor] [Supervisor] camera_2 HB timeout 36.3s
2026-03-09 13:09:25 [WARNING] [supervisor.supervisor] [Supervisor] camera_0 HB timeout 37.4s
2026-03-09 13:09:25 [WARNING] [supervisor.supervisor] [Supervisor] camera_1 HB timeout 37.4s
2026-03-09 13:09:25 [WARNING] [supervisor.supervisor] [Supervisor] camera_2 HB timeout 37.4s
2026-03-09 13:09:26 [WARNING] [supervisor.supervisor] [Supervisor] camera_0 HB timeout 38.4s
2026-03-09 13:09:26 [WARNING] [supervisor.supervisor] [Supervisor] camera_1 HB timeout 38.4s
2026-03-09 13:09:26 [WARNING] [supervisor.supervisor] [Supervisor] camera_2 HB timeout 38.4s
2026-03-09 13:09:27 [WARNING] [supervisor.supervisor] [Supervisor] camera_0 HB timeout 39.4s
2026-03-09 13:09:27 [WARNING] [supervisor.supervisor] [Supervisor] camera_1 HB timeout 39.4s
2026-03-09 13:09:27 [WARNING] [supervisor.supervisor] [Supervisor] camera_2 HB timeout 39.4s
2026-03-09 13:09:28 [WARNING] [supervisor.supervisor] [Supervisor] camera_0 HB timeout 40.4s
2026-03-09 13:09:28 [WARNING] [supervisor.supervisor] [Supervisor] camera_1 HB timeout 40.4s
2026-03-09 13:09:28 [WARNING] [supervisor.supervisor] [Supervisor] camera_2 HB timeout 40.4s
2026-03-09 13:09:29 [WARNING] [supervisor.supervisor] [Supervisor] camera_0 HB timeout 41.4s
2026-03-09 13:09:29 [WARNING] [supervisor.supervisor] [Supervisor] camera_1 HB timeout 41.4s
2026-03-09 13:09:29 [WARNING] [supervisor.supervisor] [Supervisor] camera_2 HB timeout 41.4s
2026-03-09 13:09:30 [WARNING] [supervisor.supervisor] [Supervisor] camera_0 HB timeout 42.4s
2026-03-09 13:09:30 [WARNING] [supervisor.supervisor] [Supervisor] camera_1 HB timeout 42.4s
2026-03-09 13:09:30 [WARNING] [supervisor.supervisor] [Supervisor] camera_2 HB timeout 42.4s
2026-03-09 13:09:31 [WARNING] [supervisor.supervisor] [Supervisor] camera_0 HB timeout 43.4s
2026-03-09 13:09:31 [WARNING] [supervisor.supervisor] [Supervisor] camera_1 HB timeout 43.4s
2026-03-09 13:09:31 [WARNING] [supervisor.supervisor] [Supervisor] camera_2 HB timeout 43.4s
2026-03-09 13:09:32 [WARNING] [supervisor.supervisor] [Supervisor] camera_0 HB timeout 44.5s
2026-03-09 13:09:32 [WARNING] [supervisor.supervisor] [Supervisor] camera_1 HB timeout 44.4s
2026-03-09 13:09:32 [WARNING] [supervisor.supervisor] [Supervisor] camera_2 HB timeout 44.4s
2026-03-09 13:09:33 [WARNING] [supervisor.supervisor] [Supervisor] camera_0 HB timeout 45.5s
2026-03-09 13:09:33 [WARNING] [supervisor.supervisor] [Supervisor] camera_1 HB timeout 45.5s
2026-03-09 13:09:33 [WARNING] [supervisor.supervisor] [Supervisor] camera_2 HB timeout 45.5s
2026-03-09 13:09:34 [WARNING] [supervisor.supervisor] [Supervisor] camera_0 HB timeout 46.5s
2026-03-09 13:09:34 [WARNING] [supervisor.supervisor] [Supervisor] camera_1 HB timeout 46.5s
2026-03-09 13:09:34 [WARNING] [supervisor.supervisor] [Supervisor] camera_2 HB timeout 46.5s
2026-03-09 13:09:35 [WARNING] [supervisor.supervisor] [Supervisor] camera_0 HB timeout 47.5s
2026-03-09 13:09:35 [WARNING] [supervisor.supervisor] [Supervisor] camera_1 HB timeout 47.5s
2026-03-09 13:09:35 [WARNING] [supervisor.supervisor] [Supervisor] camera_2 HB timeout 47.5s
2026-03-09 13:09:36 [WARNING] [supervisor.supervisor] [Supervisor] camera_0 HB timeout 48.5s
2026-03-09 13:09:36 [WARNING] [supervisor.supervisor] [Supervisor] camera_1 HB timeout 48.5s
2026-03-09 13:09:36 [WARNING] [supervisor.supervisor] [Supervisor] camera_2 HB timeout 48.5s
2026-03-09 13:09:37 [WARNING] [supervisor.supervisor] [Supervisor] camera_0 HB timeout 49.5s
2026-03-09 13:09:37 [WARNING] [supervisor.supervisor] [Supervisor] camera_1 HB timeout 49.5s
2026-03-09 13:09:37 [WARNING] [supervisor.supervisor] [Supervisor] camera_2 HB timeout 49.5s
2026-03-09 13:09:38 [WARNING] [supervisor.supervisor] [Supervisor] camera_0 HB timeout 50.5s
2026-03-09 13:09:38 [WARNING] [supervisor.supervisor] [Supervisor] camera_1 HB timeout 50.5s
2026-03-09 13:09:38 [WARNING] [supervisor.supervisor] [Supervisor] camera_2 HB timeout 50.5s
2026-03-09 13:09:39 [WARNING] [supervisor.supervisor] [Supervisor] camera_0 HB timeout 51.5s
2026-03-09 13:09:39 [WARNING] [supervisor.supervisor] [Supervisor] camera_1 HB timeout 51.5s
2026-03-09 13:09:39 [WARNING] [supervisor.supervisor] [Supervisor] camera_2 HB timeout 51.5s
2026-03-09 13:09:40 [WARNING] [supervisor.supervisor] [Supervisor] camera_0 HB timeout 52.6s
2026-03-09 13:09:40 [WARNING] [supervisor.supervisor] [Supervisor] camera_1 HB timeout 52.6s
2026-03-09 13:09:40 [WARNING] [supervisor.supervisor] [Supervisor] camera_2 HB timeout 52.6s
2026-03-09 13:09:41 [WARNING] [supervisor.supervisor] [Supervisor] camera_0 HB timeout 53.6s
2026-03-09 13:09:41 [WARNING] [supervisor.supervisor] [Supervisor] camera_1 HB timeout 53.6s
2026-03-09 13:09:41 [WARNING] [supervisor.supervisor] [Supervisor] camera_2 HB timeout 53.6s
2026-03-09 13:09:42 [WARNING] [supervisor.supervisor] [Supervisor] camera_0 HB timeout 54.6s
2026-03-09 13:09:42 [WARNING] [supervisor.supervisor] [Supervisor] camera_1 HB timeout 54.6s
2026-03-09 13:09:42 [WARNING] [supervisor.supervisor] [Supervisor] camera_2 HB timeout 54.6s
2026-03-09 13:09:43 [WARNING] [supervisor.supervisor] [Supervisor] camera_0 HB timeout 55.6s
2026-03-09 13:09:43 [WARNING] [supervisor.supervisor] [Supervisor] camera_1 HB timeout 55.6s
2026-03-09 13:09:43 [WARNING] [supervisor.supervisor] [Supervisor] camera_2 HB timeout 55.6s
2026-03-09 13:09:44 [WARNING] [supervisor.supervisor] [Supervisor] camera_0 HB timeout 56.6s
2026-03-09 13:09:44 [WARNING] [supervisor.supervisor] [Supervisor] camera_1 HB timeout 56.6s
2026-03-09 13:09:44 [WARNING] [supervisor.supervisor] [Supervisor] camera_2 HB timeout 56.6s
2026-03-09 13:09:45 [WARNING] [supervisor.supervisor] [Supervisor] camera_0 HB timeout 57.6s
2026-03-09 13:09:45 [WARNING] [supervisor.supervisor] [Supervisor] camera_1 HB timeout 57.6s
2026-03-09 13:09:45 [WARNING] [supervisor.supervisor] [Supervisor] camera_2 HB timeout 57.6s
2026-03-09 13:09:46 [WARNING] [supervisor.supervisor] [Supervisor] camera_0 HB timeout 58.6s
2026-03-09 13:09:46 [WARNING] [supervisor.supervisor] [Supervisor] camera_1 HB timeout 58.6s
2026-03-09 13:09:46 [WARNING] [supervisor.supervisor] [Supervisor] camera_2 HB timeout 58.6s
2026-03-09 13:09:47 [WARNING] [supervisor.supervisor] [Supervisor] camera_0 HB timeout 59.6s
2026-03-09 13:09:47 [WARNING] [supervisor.supervisor] [Supervisor] camera_1 HB timeout 59.6s
2026-03-09 13:09:47 [WARNING] [supervisor.supervisor] [Supervisor] camera_2 HB timeout 59.6s
2026-03-09 13:09:47 [INFO] [supervisor.supervisor] [Health] Uptime 00h01m00s
2026-03-09 13:09:47 [INFO] [supervisor.supervisor]   camera_0               alive=True  restarts=0   mem=0.0MB fps=0.0
2026-03-09 13:09:47 [INFO] [supervisor.supervisor]   camera_1               alive=True  restarts=0   mem=0.0MB fps=0.0
2026-03-09 13:09:47 [INFO] [supervisor.supervisor]   camera_2               alive=True  restarts=0   mem=0.0MB fps=0.0
2026-03-09 13:09:47 [INFO] [supervisor.supervisor]   relay                  alive=True  restarts=0   mem=19.1MB fps=0.0
2026-03-09 13:09:47 [INFO] [supervisor.supervisor]   gui                    alive=True  restarts=0   mem=50.7MB fps=0.0
2026-03-09 13:09:47 [INFO] [supervisor.supervisor]   gpu_monitor            alive=True  restarts=0   mem=35.8MB fps=0.0
2026-03-09 13:09:48 [WARNING] [supervisor.supervisor] [Supervisor] camera_0 HB timeout 60.7s
2026-03-09 13:09:48 [WARNING] [supervisor.supervisor] [Supervisor] camera_1 HB timeout 60.7s
2026-03-09 13:09:48 [WARNING] [supervisor.supervisor] [Supervisor] camera_2 HB timeout 60.7s
2026-03-09 13:09:49 [WARNING] [supervisor.supervisor] [Supervisor] camera_0 HB timeout 61.7s
2026-03-09 13:09:49 [WARNING] [supervisor.supervisor] [Supervisor] camera_1 HB timeout 61.7s
2026-03-09 13:09:49 [WARNING] [supervisor.supervisor] [Supervisor] camera_2 HB timeout 61.7s
2026-03-09 13:09:50 [WARNING] [supervisor.supervisor] [Supervisor] camera_0 HB timeout 62.7s
2026-03-09 13:09:50 [WARNING] [supervisor.supervisor] [Supervisor] camera_1 HB timeout 62.7s
2026-03-09 13:09:50 [WARNING] [supervisor.supervisor] [Supervisor] camera_2 HB timeout 62.7s
2026-03-09 13:09:51 [ERROR] [supervisor.supervisor] [camera] cam=1 ConnectionFailed: RTSP failed: rtsp://admin:password@192.168.1.102:554/stream1
2026-03-09 13:09:51 [ERROR] [supervisor.supervisor] [camera] cam=2 ConnectionFailed: RTSP failed: rtsp://admin:password@192.168.1.103:554/stream1
2026-03-09 13:09:51 [ERROR] [supervisor.supervisor] [camera] cam=0 ConnectionFailed: RTSP failed: rtsp://admin:password@192.168.1.101:554/stream1
2026-03-09 13:09:51 [WARNING] [supervisor.supervisor] [Supervisor] camera_0 HB timeout 63.7s
2026-03-09 13:09:51 [WARNING] [supervisor.supervisor] [Supervisor] camera_1 HB timeout 63.7s
2026-03-09 13:09:51 [WARNING] [supervisor.supervisor] [Supervisor] camera_2 HB timeout 63.7s
2026-03-09 13:09:52 [WARNING] [supervisor.supervisor] [Supervisor] camera_0 HB timeout 64.7s
2026-03-09 13:09:52 [WARNING] [supervisor.supervisor] [Supervisor] camera_1 HB timeout 64.7s
2026-03-09 13:09:52 [WARNING] [supervisor.supervisor] [Supervisor] camera_2 HB timeout 64.7s
2026-03-09 13:09:53 [WARNING] [supervisor.supervisor] [Supervisor] camera_0 HB timeout 65.7s
2026-03-09 13:09:53 [WARNING] [supervisor.supervisor] [Supervisor] camera_1 HB timeout 65.7s
2026-03-09 13:09:53 [WARNING] [supervisor.supervisor] [Supervisor] camera_2 HB timeout 65.7s
2026-03-09 13:09:54 [WARNING] [supervisor.supervisor] [Supervisor] camera_0 HB timeout 66.7s
2026-03-09 13:09:54 [WARNING] [supervisor.supervisor] [Supervisor] camera_1 HB timeout 66.7s
2026-03-09 13:09:54 [WARNING] [supervisor.supervisor] [Supervisor] camera_2 HB timeout 66.7s
2026-03-09 13:09:55 [WARNING] [supervisor.supervisor] [Supervisor] camera_0 HB timeout 67.7s
2026-03-09 13:09:55 [WARNING] [supervisor.supervisor] [Supervisor] camera_1 HB timeout 67.7s
2026-03-09 13:09:55 [WARNING] [supervisor.supervisor] [Supervisor] camera_2 HB timeout 67.7s
2026-03-09 13:09:56 [WARNING] [supervisor.supervisor] [Supervisor] camera_0 HB timeout 68.7s
2026-03-09 13:09:56 [WARNING] [supervisor.supervisor] [Supervisor] camera_1 HB timeout 68.7s
2026-03-09 13:09:56 [WARNING] [supervisor.supervisor] [Supervisor] camera_2 HB timeout 68.7s
2026-03-09 13:09:57 [WARNING] [supervisor.supervisor] [Supervisor] camera_0 HB timeout 69.8s
2026-03-09 13:09:57 [WARNING] [supervisor.supervisor] [Supervisor] camera_1 HB timeout 69.8s
2026-03-09 13:09:57 [WARNING] [supervisor.supervisor] [Supervisor] camera_2 HB timeout 69.7s
2026-03-09 13:09:58 [WARNING] [supervisor.supervisor] [Supervisor] camera_0 HB timeout 70.8s
2026-03-09 13:09:58 [WARNING] [supervisor.supervisor] [Supervisor] camera_1 HB timeout 70.8s
2026-03-09 13:09:58 [WARNING] [supervisor.supervisor] [Supervisor] camera_2 HB timeout 70.8s
2026-03-09 13:09:59 [WARNING] [supervisor.supervisor] [Supervisor] camera_0 HB timeout 71.8s
2026-03-09 13:09:59 [WARNING] [supervisor.supervisor] [Supervisor] camera_1 HB timeout 71.8s
2026-03-09 13:09:59 [WARNING] [supervisor.supervisor] [Supervisor] camera_2 HB timeout 71.8s
2026-03-09 13:10:00 [WARNING] [supervisor.supervisor] [Supervisor] camera_0 HB timeout 72.8s
2026-03-09 13:10:00 [WARNING] [supervisor.supervisor] [Supervisor] camera_1 HB timeout 72.8s
2026-03-09 13:10:00 [WARNING] [supervisor.supervisor] [Supervisor] camera_2 HB timeout 72.8s
2026-03-09 13:10:01 [WARNING] [supervisor.supervisor] [Supervisor] camera_0 HB timeout 73.8s
2026-03-09 13:10:01 [WARNING] [supervisor.supervisor] [Supervisor] camera_1 HB timeout 73.8s
2026-03-09 13:10:01 [WARNING] [supervisor.supervisor] [Supervisor] camera_2 HB timeout 73.8s
2026-03-09 13:10:02 [WARNING] [supervisor.supervisor] [Supervisor] camera_0 HB timeout 74.8s
2026-03-09 13:10:02 [WARNING] [supervisor.supervisor] [Supervisor] camera_1 HB timeout 74.8s
2026-03-09 13:10:02 [WARNING] [supervisor.supervisor] [Supervisor] camera_2 HB timeout 74.8s
2026-03-09 13:10:03 [WARNING] [supervisor.supervisor] [Supervisor] camera_0 HB timeout 75.8s
2026-03-09 13:10:03 [WARNING] [supervisor.supervisor] [Supervisor] camera_1 HB timeout 75.8s
2026-03-09 13:10:03 [WARNING] [supervisor.supervisor] [Supervisor] camera_2 HB timeout 75.8s
2026-03-09 13:10:04 [WARNING] [supervisor.supervisor] [Supervisor] camera_0 HB timeout 76.8s
2026-03-09 13:10:04 [WARNING] [supervisor.supervisor] [Supervisor] camera_1 HB timeout 76.8s
2026-03-09 13:10:04 [WARNING] [supervisor.supervisor] [Supervisor] camera_2 HB timeout 76.8s
2026-03-09 13:10:05 [WARNING] [supervisor.supervisor] [Supervisor] camera_0 HB timeout 77.8s
2026-03-09 13:10:05 [WARNING] [supervisor.supervisor] [Supervisor] camera_1 HB timeout 77.8s
2026-03-09 13:10:05 [WARNING] [supervisor.supervisor] [Supervisor] camera_2 HB timeout 77.8s
2026-03-09 13:10:07 [WARNING] [supervisor.supervisor] [Supervisor] camera_0 HB timeout 78.8s
2026-03-09 13:10:07 [WARNING] [supervisor.supervisor] [Supervisor] camera_1 HB timeout 78.8s
2026-03-09 13:10:07 [WARNING] [supervisor.supervisor] [Supervisor] camera_2 HB timeout 78.8s
2026-03-09 13:10:08 [WARNING] [supervisor.supervisor] [Supervisor] camera_0 HB timeout 79.9s
2026-03-09 13:10:08 [WARNING] [supervisor.supervisor] [Supervisor] camera_1 HB timeout 79.9s
2026-03-09 13:10:08 [WARNING] [supervisor.supervisor] [Supervisor] camera_2 HB timeout 79.9s
2026-03-09 13:10:09 [WARNING] [supervisor.supervisor] [Supervisor] camera_0 HB timeout 80.9s
2026-03-09 13:10:09 [WARNING] [supervisor.supervisor] [Supervisor] camera_1 HB timeout 80.9s
2026-03-09 13:10:09 [WARNING] [supervisor.supervisor] [Supervisor] camera_2 HB timeout 80.9s
2026-03-09 13:10:10 [WARNING] [supervisor.supervisor] [Supervisor] camera_0 HB timeout 81.9s
2026-03-09 13:10:10 [WARNING] [supervisor.supervisor] [Supervisor] camera_1 HB timeout 81.9s
2026-03-09 13:10:10 [WARNING] [supervisor.supervisor] [Supervisor] camera_2 HB timeout 81.9s
2026-03-09 13:10:11 [WARNING] [supervisor.supervisor] [Supervisor] camera_0 HB timeout 82.9s
2026-03-09 13:10:11 [WARNING] [supervisor.supervisor] [Supervisor] camera_1 HB timeout 82.9s
2026-03-09 13:10:11 [WARNING] [supervisor.supervisor] [Supervisor] camera_2 HB timeout 82.9s
2026-03-09 13:10:12 [WARNING] [supervisor.supervisor] [Supervisor] camera_0 HB timeout 83.9s
2026-03-09 13:10:12 [WARNING] [supervisor.supervisor] [Supervisor] camera_1 HB timeout 83.9s
2026-03-09 13:10:12 [WARNING] [supervisor.supervisor] [Supervisor] camera_2 HB timeout 83.9s
2026-03-09 13:10:13 [WARNING] [supervisor.supervisor] [Supervisor] camera_0 HB timeout 84.9s
2026-03-09 13:10:13 [WARNING] [supervisor.supervisor] [Supervisor] camera_1 HB timeout 84.9s
2026-03-09 13:10:13 [WARNING] [supervisor.supervisor] [Supervisor] camera_2 HB timeout 84.9s
2026-03-09 13:10:14 [WARNING] [supervisor.supervisor] [Supervisor] camera_0 HB timeout 85.9s
2026-03-09 13:10:14 [WARNING] [supervisor.supervisor] [Supervisor] camera_1 HB timeout 85.9s
2026-03-09 13:10:14 [WARNING] [supervisor.supervisor] [Supervisor] camera_2 HB timeout 85.9s
2026-03-09 13:10:15 [WARNING] [supervisor.supervisor] [Supervisor] camera_0 HB timeout 86.9s
2026-03-09 13:10:15 [WARNING] [supervisor.supervisor] [Supervisor] camera_1 HB timeout 86.9s
2026-03-09 13:10:15 [WARNING] [supervisor.supervisor] [Supervisor] camera_2 HB timeout 86.9s
2026-03-09 13:10:16 [WARNING] [supervisor.supervisor] [Supervisor] camera_0 HB timeout 87.9s
2026-03-09 13:10:16 [WARNING] [supervisor.supervisor] [Supervisor] camera_1 HB timeout 87.9s
2026-03-09 13:10:16 [WARNING] [supervisor.supervisor] [Supervisor] camera_2 HB timeout 87.9s
2026-03-09 13:10:17 [WARNING] [supervisor.supervisor] [Supervisor] camera_0 HB timeout 88.9s
2026-03-09 13:10:17 [WARNING] [supervisor.supervisor] [Supervisor] camera_1 HB timeout 88.9s
2026-03-09 13:10:17 [WARNING] [supervisor.supervisor] [Supervisor] camera_2 HB timeout 88.9s
2026-03-09 13:10:18 [WARNING] [supervisor.supervisor] [Supervisor] camera_0 HB timeout 89.9s
2026-03-09 13:10:18 [WARNING] [supervisor.supervisor] [Supervisor] camera_1 HB timeout 89.9s
2026-03-09 13:10:18 [WARNING] [supervisor.supervisor] [Supervisor] camera_2 HB timeout 89.9s
2026-03-09 13:10:19 [WARNING] [supervisor.supervisor] [Supervisor] camera_0 HB timeout 90.9s
2026-03-09 13:10:19 [WARNING] [supervisor.supervisor] [Supervisor] camera_1 HB timeout 90.9s
2026-03-09 13:10:19 [WARNING] [supervisor.supervisor] [Supervisor] camera_2 HB timeout 90.9s
2026-03-09 13:10:19 [INFO] [supervisor.supervisor] [Supervisor] Signal 2 → shutdown
2026-03-09 13:10:20 [INFO] [supervisor.supervisor] Supervision loop ending
2026-03-09 13:10:20 [INFO] [supervisor.supervisor] [Supervisor] Shutting down all...
2026-03-09 13:10:20 [INFO] [supervisor.supervisor] [Supervisor] Shutdown complete
2026-03-09 13:10:40 [INFO] [supervisor] Logging initialised → logs\supervisor.log (level=INFO)
2026-03-09 13:10:40 [INFO] [core.config_loader] Config loaded v2.1: 3 cameras
2026-03-09 13:10:40 [INFO] [supervisor.supervisor] ============================================================
2026-03-09 13:10:40 [INFO] [supervisor.supervisor] Supervisor v2.1 — IndustrialVisionSystem
2026-03-09 13:10:40 [INFO] [supervisor.supervisor] ============================================================
2026-03-09 13:10:40 [CRITICAL] [supervisor.supervisor] MODEL NOT FOUND: models/best.pt — detection will NOT start
2026-03-09 13:10:41 [INFO] [supervisor.supervisor] Started camera_0 PID=28540
2026-03-09 13:10:41 [INFO] [supervisor.supervisor] Started camera_1 PID=10880
2026-03-09 13:10:41 [INFO] [supervisor.supervisor] Started camera_2 PID=20968
2026-03-09 13:10:41 [INFO] [supervisor.supervisor] Started relay PID=32340
2026-03-09 13:10:41 [INFO] [supervisor.supervisor] Started gui PID=18816
2026-03-09 13:10:41 [INFO] [supervisor.supervisor] Started gpu_monitor PID=31948
2026-03-09 13:10:41 [INFO] [supervisor.supervisor] All processes started.
2026-03-09 13:10:41 [INFO] [supervisor.supervisor] Supervision loop running
2026-03-09 13:10:56 [WARNING] [supervisor.supervisor] [Supervisor] camera_0 HB timeout 15.2s
2026-03-09 13:10:56 [WARNING] [supervisor.supervisor] [Supervisor] camera_1 HB timeout 15.2s
2026-03-09 13:10:56 [WARNING] [supervisor.supervisor] [Supervisor] camera_2 HB timeout 15.2s
2026-03-09 13:10:57 [WARNING] [supervisor.supervisor] [Supervisor] camera_0 HB timeout 16.2s
2026-03-09 13:10:57 [WARNING] [supervisor.supervisor] [Supervisor] camera_1 HB timeout 16.2s
2026-03-09 13:10:57 [WARNING] [supervisor.supervisor] [Supervisor] camera_2 HB timeout 16.2s
2026-03-09 13:10:58 [WARNING] [supervisor.supervisor] [Supervisor] camera_0 HB timeout 17.2s
2026-03-09 13:10:58 [WARNING] [supervisor.supervisor] [Supervisor] camera_1 HB timeout 17.2s
2026-03-09 13:10:58 [WARNING] [supervisor.supervisor] [Supervisor] camera_2 HB timeout 17.2s
2026-03-09 13:10:59 [WARNING] [supervisor.supervisor] [Supervisor] camera_0 HB timeout 18.2s
2026-03-09 13:10:59 [WARNING] [supervisor.supervisor] [Supervisor] camera_1 HB timeout 18.2s
2026-03-09 13:10:59 [WARNING] [supervisor.supervisor] [Supervisor] camera_2 HB timeout 18.2s
2026-03-09 13:11:00 [WARNING] [supervisor.supervisor] [Supervisor] camera_0 HB timeout 19.2s
2026-03-09 13:11:00 [WARNING] [supervisor.supervisor] [Supervisor] camera_1 HB timeout 19.2s
2026-03-09 13:11:00 [WARNING] [supervisor.supervisor] [Supervisor] camera_2 HB timeout 19.2s
2026-03-09 13:11:00 [INFO] [supervisor.supervisor] [Supervisor] Signal 2 → shutdown
2026-03-09 13:11:01 [INFO] [supervisor.supervisor] Supervision loop ending
2026-03-09 13:11:01 [INFO] [supervisor.supervisor] [Supervisor] Shutting down all...
2026-03-09 13:11:01 [INFO] [supervisor.supervisor] [Supervisor] Shutdown complete
2026-03-09 13:13:38 [INFO] [supervisor] Logging initialised → logs\supervisor.log (level=INFO)
2026-03-09 13:13:38 [INFO] [core.config_loader] Config loaded v2.1: 3 cameras
2026-03-09 13:13:38 [INFO] [supervisor.supervisor] ============================================================
2026-03-09 13:13:38 [INFO] [supervisor.supervisor] Supervisor v2.1 — IndustrialVisionSystem
2026-03-09 13:13:38 [INFO] [supervisor.supervisor] ============================================================
2026-03-09 13:13:38 [INFO] [supervisor.supervisor] Model OK: models/best.pt
2026-03-09 13:13:38 [INFO] [supervisor.supervisor] Started camera_0 PID=33568
2026-03-09 13:13:38 [INFO] [supervisor.supervisor] Started camera_1 PID=26480
2026-03-09 13:13:38 [INFO] [supervisor.supervisor] Started camera_2 PID=33628
2026-03-09 13:13:38 [INFO] [supervisor.supervisor] Started gpu_pool PID=32360
2026-03-09 13:13:38 [INFO] [supervisor.supervisor] Started relay PID=33024
2026-03-09 13:13:38 [INFO] [supervisor.supervisor] Started gui PID=21716
2026-03-09 13:13:38 [INFO] [supervisor.supervisor] Started gpu_monitor PID=20492
2026-03-09 13:13:38 [INFO] [supervisor.supervisor] All processes started.
2026-03-09 13:13:38 [INFO] [supervisor.supervisor] Supervision loop running
2026-03-09 13:13:39 [ERROR] [supervisor.supervisor] [Supervisor] gpu_pool not alive → restart
2026-03-09 13:13:39 [INFO] [supervisor.supervisor] [Supervisor] Restarting gpu_pool (#1)
2026-03-09 13:13:44 [INFO] [supervisor.supervisor] Started gpu_pool PID=4444
2026-03-09 13:13:45 [ERROR] [supervisor.supervisor] [Supervisor] gpu_pool not alive → restart
2026-03-09 13:13:45 [INFO] [supervisor.supervisor] [Supervisor] Restarting gpu_pool (#1)
2026-03-09 13:13:50 [INFO] [supervisor.supervisor] Started gpu_pool PID=18216
2026-03-09 13:13:51 [ERROR] [supervisor.supervisor] [Supervisor] gpu_pool not alive → restart
2026-03-09 13:13:51 [INFO] [supervisor.supervisor] [Supervisor] Restarting gpu_pool (#1)
2026-03-09 13:13:55 [INFO] [supervisor.supervisor] [Supervisor] Signal 2 → shutdown
2026-03-09 13:13:56 [INFO] [supervisor.supervisor] Started gpu_pool PID=34720
2026-03-09 13:13:56 [ERROR] [supervisor.supervisor] [Supervisor] relay not alive → restart
2026-03-09 13:13:56 [INFO] [supervisor.supervisor] [Supervisor] Restarting relay (#1)
2026-03-09 13:13:59 [INFO] [supervisor.supervisor] [Supervisor] Signal 2 → shutdown
2026-03-09 13:14:00 [INFO] [supervisor.supervisor] [Supervisor] Signal 2 → shutdown
2026-03-09 13:14:00 [INFO] [supervisor.supervisor] [Supervisor] Signal 2 → shutdown
2026-03-09 13:14:01 [INFO] [supervisor.supervisor] [Supervisor] Signal 2 → shutdown
2026-03-09 13:14:01 [INFO] [supervisor.supervisor] Started relay PID=32048
2026-03-09 13:14:01 [ERROR] [supervisor.supervisor] [Supervisor] gpu_monitor not alive → restart
2026-03-09 13:14:01 [INFO] [supervisor.supervisor] [Supervisor] Restarting gpu_monitor (#1)
2026-03-09 13:14:06 [INFO] [supervisor.supervisor] Started gpu_monitor PID=29480
2026-03-09 13:14:08 [INFO] [supervisor.supervisor] Supervision loop ending
2026-03-09 13:14:08 [INFO] [supervisor.supervisor] [Supervisor] Shutting down all...
2026-03-09 13:14:08 [INFO] [supervisor.supervisor] [Supervisor] Shutdown complete
2026-03-09 16:22:26 [INFO] [supervisor] Logging initialised → logs\supervisor.log (level=INFO)
2026-03-09 16:22:26 [INFO] [core.config_loader] Config loaded v2.1: 3 cameras
2026-03-09 16:22:26 [INFO] [supervisor.supervisor] ============================================================
2026-03-09 16:22:26 [INFO] [supervisor.supervisor] Supervisor v2.1 — IndustrialVisionSystem
2026-03-09 16:22:26 [INFO] [supervisor.supervisor] ============================================================
2026-03-09 16:22:26 [INFO] [supervisor.supervisor] Model OK: models/best.pt
2026-03-09 16:22:26 [INFO] [supervisor.supervisor] Started camera_0 PID=16252
2026-03-09 16:22:26 [INFO] [supervisor.supervisor] Started camera_1 PID=3036
2026-03-09 16:22:26 [INFO] [supervisor.supervisor] Started camera_2 PID=30076
2026-03-09 16:22:26 [INFO] [supervisor.supervisor] Started gpu_pool PID=27804 (daemon=False, spawns GPU worker children)
2026-03-09 16:22:26 [INFO] [supervisor.supervisor] Started relay PID=18916
2026-03-09 16:22:26 [INFO] [supervisor.supervisor] Started gui PID=32992
2026-03-09 16:22:26 [INFO] [supervisor.supervisor] Started gpu_monitor PID=11752
2026-03-09 16:22:26 [INFO] [supervisor.supervisor] All processes started.
2026-03-09 16:22:26 [INFO] [supervisor.supervisor] Supervision loop running
2026-03-09 16:22:32 [INFO] [supervisor.supervisor] [Supervisor] Detection STARTED by operator
2026-03-09 16:22:57 [ERROR] [supervisor.supervisor] [camera] cam=1 ConnectionFailed: RTSP failed: rtsp://admin:password@192.168.1.102:554/stream1
2026-03-09 16:22:57 [ERROR] [supervisor.supervisor] [camera] cam=0 ConnectionFailed: RTSP failed: rtsp://admin:password@192.168.1.101:554/stream1
2026-03-09 16:22:57 [ERROR] [supervisor.supervisor] [camera] cam=2 ConnectionFailed: RTSP failed: rtsp://admin:password@192.168.1.103:554/stream1
2026-03-09 16:23:26 [INFO] [supervisor.supervisor] [Health] Uptime 00h01m00s
2026-03-09 16:23:26 [INFO] [supervisor.supervisor]   camera_0               alive=True  restarts=0   mem=0.0MB fps=0.0
2026-03-09 16:23:26 [INFO] [supervisor.supervisor]   camera_1               alive=True  restarts=0   mem=0.0MB fps=0.0
2026-03-09 16:23:26 [INFO] [supervisor.supervisor]   camera_2               alive=True  restarts=0   mem=0.0MB fps=0.0
2026-03-09 16:23:26 [INFO] [supervisor.supervisor]   gpu_pool               alive=True  restarts=0   mem=0.0MB fps=0.0
2026-03-09 16:23:26 [INFO] [supervisor.supervisor]   relay                  alive=True  restarts=0   mem=19.1MB fps=0.0
2026-03-09 16:23:26 [INFO] [supervisor.supervisor]   gui                    alive=True  restarts=0   mem=54.0MB fps=0.0
2026-03-09 16:23:26 [INFO] [supervisor.supervisor]   gpu_monitor            alive=True  restarts=0   mem=35.9MB fps=0.0
2026-03-09 16:23:29 [ERROR] [supervisor.supervisor] [camera] cam=2 ConnectionFailed: RTSP failed: rtsp://admin:password@192.168.1.103:554/stream1
2026-03-09 16:23:29 [ERROR] [supervisor.supervisor] [camera] cam=0 ConnectionFailed: RTSP failed: rtsp://admin:password@192.168.1.101:554/stream1
2026-03-09 16:23:29 [ERROR] [supervisor.supervisor] [camera] cam=1 ConnectionFailed: RTSP failed: rtsp://admin:password@192.168.1.102:554/stream1
2026-03-09 16:24:05 [ERROR] [supervisor.supervisor] [camera] cam=0 ConnectionFailed: RTSP failed: rtsp://admin:password@192.168.1.101:554/stream1
2026-03-09 16:24:05 [ERROR] [supervisor.supervisor] [camera] cam=2 ConnectionFailed: RTSP failed: rtsp://admin:password@192.168.1.103:554/stream1
2026-03-09 16:24:05 [ERROR] [supervisor.supervisor] [camera] cam=1 ConnectionFailed: RTSP failed: rtsp://admin:password@192.168.1.102:554/stream1
2026-03-09 16:24:27 [INFO] [supervisor.supervisor] [Health] Uptime 00h02m01s
2026-03-09 16:24:27 [INFO] [supervisor.supervisor]   camera_0               alive=True  restarts=0   mem=0.0MB fps=0.0
2026-03-09 16:24:27 [INFO] [supervisor.supervisor]   camera_1               alive=True  restarts=0   mem=0.0MB fps=0.0
2026-03-09 16:24:27 [INFO] [supervisor.supervisor]   camera_2               alive=True  restarts=0   mem=0.0MB fps=0.0
2026-03-09 16:24:27 [INFO] [supervisor.supervisor]   gpu_pool               alive=True  restarts=0   mem=0.0MB fps=0.0
2026-03-09 16:24:27 [INFO] [supervisor.supervisor]   relay                  alive=True  restarts=0   mem=19.1MB fps=0.0
2026-03-09 16:24:27 [INFO] [supervisor.supervisor]   gui                    alive=True  restarts=0   mem=56.7MB fps=0.0
2026-03-09 16:24:27 [INFO] [supervisor.supervisor]   gpu_monitor            alive=True  restarts=0   mem=35.9MB fps=0.0
2026-03-09 16:24:43 [ERROR] [supervisor.supervisor] [camera] cam=0 ConnectionFailed: RTSP failed: rtsp://admin:password@192.168.1.101:554/stream1
2026-03-09 16:24:43 [ERROR] [supervisor.supervisor] [camera] cam=1 ConnectionFailed: RTSP failed: rtsp://admin:password@192.168.1.102:554/stream1
2026-03-09 16:24:43 [ERROR] [supervisor.supervisor] [camera] cam=2 ConnectionFailed: RTSP failed: rtsp://admin:password@192.168.1.103:554/stream1
2026-03-09 16:25:22 [INFO] [supervisor.supervisor] [Supervisor] Detection PAUSED by operator
2026-03-09 16:25:23 [INFO] [supervisor.supervisor] [Supervisor] Detection PAUSED by operator
2026-03-09 16:25:28 [INFO] [supervisor.supervisor] [Supervisor] Detection PAUSED by operator
2026-03-09 16:25:28 [INFO] [supervisor.supervisor] [Supervisor] Detection PAUSED by operator
2026-03-09 16:25:28 [INFO] [supervisor.supervisor] [Health] Uptime 00h03m01s
2026-03-09 16:25:28 [INFO] [supervisor.supervisor]   camera_0               alive=True  restarts=0   mem=0.0MB fps=0.0
2026-03-09 16:25:28 [INFO] [supervisor.supervisor]   camera_1               alive=True  restarts=0   mem=0.0MB fps=0.0
2026-03-09 16:25:28 [INFO] [supervisor.supervisor]   camera_2               alive=True  restarts=0   mem=0.0MB fps=0.0
2026-03-09 16:25:28 [INFO] [supervisor.supervisor]   gpu_pool               alive=True  restarts=0   mem=0.0MB fps=0.0
2026-03-09 16:25:28 [INFO] [supervisor.supervisor]   relay                  alive=True  restarts=0   mem=19.0MB fps=0.0
2026-03-09 16:25:28 [INFO] [supervisor.supervisor]   gui                    alive=True  restarts=0   mem=56.8MB fps=0.0
2026-03-09 16:25:28 [INFO] [supervisor.supervisor]   gpu_monitor            alive=True  restarts=0   mem=35.9MB fps=0.0
2026-03-09 16:25:30 [ERROR] [supervisor.supervisor] [camera] cam=0 ConnectionFailed: RTSP failed: rtsp://admin:password@192.168.1.101:554/stream1
2026-03-09 16:25:30 [ERROR] [supervisor.supervisor] [camera] cam=2 ConnectionFailed: RTSP failed: rtsp://admin:password@192.168.1.103:554/stream1
2026-03-09 16:25:30 [ERROR] [supervisor.supervisor] [camera] cam=1 ConnectionFailed: RTSP failed: rtsp://admin:password@192.168.1.102:554/stream1
2026-03-09 16:25:40 [INFO] [supervisor.supervisor] [Supervisor] Signal 2 → shutdown
2026-03-09 16:25:41 [INFO] [supervisor.supervisor] Supervision loop ending
2026-03-09 16:25:41 [INFO] [supervisor.supervisor] [Supervisor] Shutting down all...
2026-03-09 16:25:41 [INFO] [supervisor.supervisor] [Supervisor] Shutdown complete
2026-03-10 07:07:43 [INFO] [supervisor] Logging initialised → logs\supervisor.log (level=INFO)
2026-03-10 07:07:43 [INFO] [core.config_loader] Config loaded v2.1: 3 cameras
2026-03-10 07:07:43 [INFO] [supervisor.supervisor] ============================================================
2026-03-10 07:07:43 [INFO] [supervisor.supervisor] Supervisor v2.1 — IndustrialVisionSystem
2026-03-10 07:07:43 [INFO] [supervisor.supervisor] ============================================================
2026-03-10 07:07:43 [INFO] [supervisor.supervisor] Model OK: models/best.pt
2026-03-10 07:07:44 [INFO] [supervisor.supervisor] Started camera_0 PID=34028
2026-03-10 07:07:44 [INFO] [supervisor.supervisor] Started camera_1 PID=23416
2026-03-10 07:07:44 [INFO] [supervisor.supervisor] Started camera_2 PID=26060
2026-03-10 07:07:44 [INFO] [supervisor.supervisor] Started gpu_pool PID=15872 (daemon=False, spawns GPU worker children)
2026-03-10 07:07:44 [INFO] [supervisor.supervisor] Started relay PID=32200
2026-03-10 07:07:44 [INFO] [supervisor.supervisor] Started gui PID=28024
2026-03-10 07:07:44 [INFO] [supervisor.supervisor] Started gpu_monitor PID=24204
2026-03-10 07:07:44 [INFO] [supervisor.supervisor] All processes started.
2026-03-10 07:07:44 [INFO] [supervisor.supervisor] Supervision loop running
2026-03-10 07:08:15 [ERROR] [supervisor.supervisor] [camera] cam=2 ConnectionFailed: RTSP failed: rtsp://admin:password@192.168.1.103:554/stream1
2026-03-10 07:08:15 [ERROR] [supervisor.supervisor] [camera] cam=1 ConnectionFailed: RTSP failed: rtsp://admin:password@192.168.1.102:554/stream1
2026-03-10 07:08:15 [ERROR] [supervisor.supervisor] [camera] cam=0 ConnectionFailed: RTSP failed: rtsp://admin:password@192.168.1.101:554/stream1
2026-03-10 07:08:40 [INFO] [supervisor.supervisor] [Supervisor] Detection STARTED by operator
2026-03-10 07:08:42 [INFO] [supervisor.supervisor] [Supervisor] Detection STARTED by operator
2026-03-10 07:08:42 [INFO] [supervisor.supervisor] [Supervisor] Detection STARTED by operator
2026-03-10 07:08:43 [INFO] [supervisor.supervisor] [Supervisor] Detection STARTED by operator
2026-03-10 07:08:43 [INFO] [supervisor.supervisor] [Supervisor] Detection STARTED by operator
2026-03-10 07:08:43 [INFO] [supervisor.supervisor] [Supervisor] Detection STARTED by operator
2026-03-10 07:08:43 [INFO] [supervisor.supervisor] [Supervisor] Detection STARTED by operator
2026-03-10 07:08:43 [INFO] [supervisor.supervisor] [Health] Uptime 00h01m00s
2026-03-10 07:08:43 [INFO] [supervisor.supervisor]   camera_0               alive=True  restarts=0   mem=0.0MB fps=0.0
2026-03-10 07:08:43 [INFO] [supervisor.supervisor]   camera_1               alive=True  restarts=0   mem=0.0MB fps=0.0
2026-03-10 07:08:43 [INFO] [supervisor.supervisor]   camera_2               alive=True  restarts=0   mem=0.0MB fps=0.0
2026-03-10 07:08:43 [INFO] [supervisor.supervisor]   gpu_pool               alive=True  restarts=0   mem=0.0MB fps=0.0
2026-03-10 07:08:43 [INFO] [supervisor.supervisor]   relay                  alive=True  restarts=0   mem=19.2MB fps=0.0
2026-03-10 07:08:43 [INFO] [supervisor.supervisor]   gui                    alive=True  restarts=0   mem=53.8MB fps=0.0
2026-03-10 07:08:43 [INFO] [supervisor.supervisor]   gpu_monitor            alive=True  restarts=0   mem=35.9MB fps=0.0
2026-03-10 07:08:44 [INFO] [supervisor.supervisor] [Supervisor] Detection STARTED by operator
2026-03-10 07:08:46 [INFO] [supervisor.supervisor] [Supervisor] Detection STARTED by operator
2026-03-10 07:08:46 [INFO] [supervisor.supervisor] [Supervisor] Detection STARTED by operator
2026-03-10 07:08:49 [ERROR] [supervisor.supervisor] [camera] cam=2 ConnectionFailed: RTSP failed: rtsp://admin:password@192.168.1.103:554/stream1
2026-03-10 07:08:49 [ERROR] [supervisor.supervisor] [camera] cam=0 ConnectionFailed: RTSP failed: rtsp://admin:password@192.168.1.101:554/stream1
2026-03-10 07:08:49 [ERROR] [supervisor.supervisor] [camera] cam=1 ConnectionFailed: RTSP failed: rtsp://admin:password@192.168.1.102:554/stream1
2026-03-10 07:09:23 [ERROR] [supervisor.supervisor] [camera] cam=1 ConnectionFailed: RTSP failed: rtsp://admin:password@192.168.1.102:554/stream1
2026-03-10 07:09:23 [ERROR] [supervisor.supervisor] [camera] cam=0 ConnectionFailed: RTSP failed: rtsp://admin:password@192.168.1.101:554/stream1
2026-03-10 07:09:23 [ERROR] [supervisor.supervisor] [camera] cam=2 ConnectionFailed: RTSP failed: rtsp://admin:password@192.168.1.103:554/stream1
2026-03-10 07:09:44 [INFO] [supervisor.supervisor] [Health] Uptime 00h02m00s
2026-03-10 07:09:44 [INFO] [supervisor.supervisor]   camera_0               alive=True  restarts=0   mem=0.0MB fps=0.0
2026-03-10 07:09:44 [INFO] [supervisor.supervisor]   camera_1               alive=True  restarts=0   mem=0.0MB fps=0.0
2026-03-10 07:09:44 [INFO] [supervisor.supervisor]   camera_2               alive=True  restarts=0   mem=0.0MB fps=0.0
2026-03-10 07:09:44 [INFO] [supervisor.supervisor]   gpu_pool               alive=True  restarts=0   mem=0.0MB fps=0.0
2026-03-10 07:09:44 [INFO] [supervisor.supervisor]   relay                  alive=True  restarts=0   mem=19.1MB fps=0.0
2026-03-10 07:09:44 [INFO] [supervisor.supervisor]   gui                    alive=True  restarts=0   mem=57.0MB fps=0.0
2026-03-10 07:09:44 [INFO] [supervisor.supervisor]   gpu_monitor            alive=True  restarts=0   mem=35.8MB fps=0.0
2026-03-10 07:10:01 [ERROR] [supervisor.supervisor] [camera] cam=0 ConnectionFailed: RTSP failed: rtsp://admin:password@192.168.1.101:554/stream1
2026-03-10 07:10:01 [ERROR] [supervisor.supervisor] [camera] cam=1 ConnectionFailed: RTSP failed: rtsp://admin:password@192.168.1.102:554/stream1
2026-03-10 07:10:01 [ERROR] [supervisor.supervisor] [camera] cam=2 ConnectionFailed: RTSP failed: rtsp://admin:password@192.168.1.103:554/stream1
2026-03-10 07:10:11 [INFO] [supervisor.supervisor] [Supervisor] Signal 2 → shutdown
2026-03-10 07:10:11 [INFO] [supervisor.supervisor] Supervision loop ending
2026-03-10 07:10:11 [INFO] [supervisor.supervisor] [Supervisor] Shutting down all...
2026-03-10 07:10:12 [CRITICAL] [root] UNHANDLED EXCEPTION in supervisor
Traceback (most recent call last):
  File "d:\New folder\pc 3\vision_system\main.py", line 55, in <module>
    main()
  File "d:\New folder\pc 3\vision_system\main.py", line 51, in main
    run_supervisor(config_path)
  File "d:\New folder\pc 3\vision_system\supervisor\supervisor.py", line 327, in run_supervisor
    Supervisor(config_path).start()
  File "d:\New folder\pc 3\vision_system\supervisor\supervisor.py", line 67, in start
    self._running = True; self._supervision_loop()
  File "d:\New folder\pc 3\vision_system\supervisor\supervisor.py", line 157, in _supervision_loop
    logger.info("Supervision loop ending"); self._shutdown_all()
  File "d:\New folder\pc 3\vision_system\supervisor\supervisor.py", line 314, in _shutdown_all
    if mproc.process and mproc.process.is_alive(): mproc.process.terminate()
  File "C:\Users\admin\AppData\Local\Programs\Python\Python310\lib\multiprocessing\process.py", line 133, in terminate
    self._popen.terminate()
  File "C:\Users\admin\AppData\Local\Programs\Python\Python310\lib\multiprocessing\popen_spawn_win32.py", line 123, in terminate
    _winapi.TerminateProcess(int(self._handle), TERMINATE)
PermissionError: [WinError 5] Access is denied
2026-03-10 07:15:11 [INFO] [supervisor] Logging initialised → logs\supervisor.log (level=INFO)
2026-03-10 07:15:11 [INFO] [core.config_loader] Config loaded v2.1: 3 cameras
2026-03-10 07:15:11 [INFO] [supervisor.supervisor] ============================================================
2026-03-10 07:15:11 [INFO] [supervisor.supervisor] Supervisor v2.1 — IndustrialVisionSystem
2026-03-10 07:15:11 [INFO] [supervisor.supervisor] ============================================================
2026-03-10 07:15:11 [INFO] [supervisor.supervisor] Model OK: models/best.pt
2026-03-10 07:15:11 [INFO] [supervisor.supervisor] Started camera_0 PID=16416
2026-03-10 07:15:11 [INFO] [supervisor.supervisor] Started camera_1 PID=34340
2026-03-10 07:15:11 [INFO] [supervisor.supervisor] Started camera_2 PID=24544
2026-03-10 07:15:11 [INFO] [supervisor.supervisor] Started gpu_pool PID=5124 (daemon=False, spawns GPU worker children)
2026-03-10 07:15:11 [INFO] [supervisor.supervisor] Started relay PID=30864
2026-03-10 07:15:11 [INFO] [supervisor.supervisor] Started gui PID=17992
2026-03-10 07:15:11 [INFO] [supervisor.supervisor] Started gpu_monitor PID=30092
2026-03-10 07:15:11 [INFO] [supervisor.supervisor] All processes started.
2026-03-10 07:15:11 [INFO] [supervisor.supervisor] Supervision loop running
2026-03-10 07:15:43 [ERROR] [supervisor.supervisor] [camera] cam=1 ConnectionFailed: RTSP failed: rtsp://admin:password@192.168.1.102:554/stream1
2026-03-10 07:15:43 [ERROR] [supervisor.supervisor] [camera] cam=2 ConnectionFailed: RTSP failed: rtsp://admin:password@192.168.1.103:554/stream1
2026-03-10 07:15:43 [ERROR] [supervisor.supervisor] [camera] cam=0 ConnectionFailed: RTSP failed: rtsp://admin:password@192.168.1.101:554/stream1
2026-03-10 07:16:12 [INFO] [supervisor.supervisor] [Health] Uptime 00h01m00s
2026-03-10 07:16:12 [INFO] [supervisor.supervisor]   camera_0               alive=True  restarts=0   mem=0.0MB fps=0.0
2026-03-10 07:16:12 [INFO] [supervisor.supervisor]   camera_1               alive=True  restarts=0   mem=0.0MB fps=0.0
2026-03-10 07:16:12 [INFO] [supervisor.supervisor]   camera_2               alive=True  restarts=0   mem=0.0MB fps=0.0
2026-03-10 07:16:12 [INFO] [supervisor.supervisor]   gpu_pool               alive=True  restarts=0   mem=0.0MB fps=0.0
2026-03-10 07:16:12 [INFO] [supervisor.supervisor]   relay                  alive=True  restarts=0   mem=19.2MB fps=0.0
2026-03-10 07:16:12 [INFO] [supervisor.supervisor]   gui                    alive=True  restarts=0   mem=53.6MB fps=0.0
2026-03-10 07:16:12 [INFO] [supervisor.supervisor]   gpu_monitor            alive=True  restarts=0   mem=35.8MB fps=0.0
2026-03-10 07:16:15 [ERROR] [supervisor.supervisor] [camera] cam=0 ConnectionFailed: RTSP failed: rtsp://admin:password@192.168.1.101:554/stream1
2026-03-10 07:16:15 [ERROR] [supervisor.supervisor] [camera] cam=1 ConnectionFailed: RTSP failed: rtsp://admin:password@192.168.1.102:554/stream1
2026-03-10 07:16:15 [ERROR] [supervisor.supervisor] [camera] cam=2 ConnectionFailed: RTSP failed: rtsp://admin:password@192.168.1.103:554/stream1
2026-03-10 07:16:49 [ERROR] [supervisor.supervisor] [camera] cam=1 ConnectionFailed: RTSP failed: rtsp://admin:password@192.168.1.102:554/stream1
2026-03-10 07:16:49 [ERROR] [supervisor.supervisor] [camera] cam=0 ConnectionFailed: RTSP failed: rtsp://admin:password@192.168.1.101:554/stream1
2026-03-10 07:16:49 [ERROR] [supervisor.supervisor] [camera] cam=2 ConnectionFailed: RTSP failed: rtsp://admin:password@192.168.1.103:554/stream1
2026-03-10 07:17:13 [INFO] [supervisor.supervisor] [Health] Uptime 00h02m01s
2026-03-10 07:17:13 [INFO] [supervisor.supervisor]   camera_0               alive=True  restarts=0   mem=0.0MB fps=0.0
2026-03-10 07:17:13 [INFO] [supervisor.supervisor]   camera_1               alive=True  restarts=0   mem=0.0MB fps=0.0
2026-03-10 07:17:13 [INFO] [supervisor.supervisor]   camera_2               alive=True  restarts=0   mem=0.0MB fps=0.0
2026-03-10 07:17:13 [INFO] [supervisor.supervisor]   gpu_pool               alive=True  restarts=0   mem=0.0MB fps=0.0
2026-03-10 07:17:13 [INFO] [supervisor.supervisor]   relay                  alive=True  restarts=0   mem=19.1MB fps=0.0
2026-03-10 07:17:13 [INFO] [supervisor.supervisor]   gui                    alive=True  restarts=0   mem=53.8MB fps=0.0
2026-03-10 07:17:13 [INFO] [supervisor.supervisor]   gpu_monitor            alive=True  restarts=0   mem=35.8MB fps=0.0
2026-03-10 07:17:29 [ERROR] [supervisor.supervisor] [camera] cam=1 ConnectionFailed: RTSP failed: rtsp://admin:password@192.168.1.102:554/stream1
2026-03-10 07:17:29 [ERROR] [supervisor.supervisor] [camera] cam=2 ConnectionFailed: RTSP failed: rtsp://admin:password@192.168.1.103:554/stream1
2026-03-10 07:17:29 [ERROR] [supervisor.supervisor] [camera] cam=0 ConnectionFailed: RTSP failed: rtsp://admin:password@192.168.1.101:554/stream1
2026-03-10 07:18:13 [INFO] [supervisor.supervisor] [Health] Uptime 00h03m02s
2026-03-10 07:18:13 [INFO] [supervisor.supervisor]   camera_0               alive=True  restarts=0   mem=0.0MB fps=0.0
2026-03-10 07:18:13 [INFO] [supervisor.supervisor]   camera_1               alive=True  restarts=0   mem=0.0MB fps=0.0
2026-03-10 07:18:13 [INFO] [supervisor.supervisor]   camera_2               alive=True  restarts=0   mem=0.0MB fps=0.0
2026-03-10 07:18:13 [INFO] [supervisor.supervisor]   gpu_pool               alive=True  restarts=0   mem=0.0MB fps=0.0
2026-03-10 07:18:13 [INFO] [supervisor.supervisor]   relay                  alive=True  restarts=0   mem=19.1MB fps=0.0
2026-03-10 07:18:13 [INFO] [supervisor.supervisor]   gui                    alive=True  restarts=0   mem=53.7MB fps=0.0
2026-03-10 07:18:13 [INFO] [supervisor.supervisor]   gpu_monitor            alive=True  restarts=0   mem=35.8MB fps=0.0
2026-03-10 07:18:15 [ERROR] [supervisor.supervisor] [camera] cam=1 ConnectionFailed: RTSP failed: rtsp://admin:password@192.168.1.102:554/stream1
2026-03-10 07:18:15 [ERROR] [supervisor.supervisor] [camera] cam=0 ConnectionFailed: RTSP failed: rtsp://admin:password@192.168.1.101:554/stream1
2026-03-10 07:18:15 [ERROR] [supervisor.supervisor] [camera] cam=2 ConnectionFailed: RTSP failed: rtsp://admin:password@192.168.1.103:554/stream1
2026-03-10 07:19:14 [INFO] [supervisor.supervisor] [Health] Uptime 00h04m02s
2026-03-10 07:19:14 [INFO] [supervisor.supervisor]   camera_0               alive=True  restarts=0   mem=0.0MB fps=0.0
2026-03-10 07:19:14 [INFO] [supervisor.supervisor]   camera_1               alive=True  restarts=0   mem=0.0MB fps=0.0
2026-03-10 07:19:14 [INFO] [supervisor.supervisor]   camera_2               alive=True  restarts=0   mem=0.0MB fps=0.0
2026-03-10 07:19:14 [INFO] [supervisor.supervisor]   gpu_pool               alive=True  restarts=0   mem=0.0MB fps=0.0
2026-03-10 07:19:14 [INFO] [supervisor.supervisor]   relay                  alive=True  restarts=0   mem=19.1MB fps=0.0
2026-03-10 07:19:14 [INFO] [supervisor.supervisor]   gui                    alive=True  restarts=0   mem=54.7MB fps=0.0
2026-03-10 07:19:14 [INFO] [supervisor.supervisor]   gpu_monitor            alive=True  restarts=0   mem=35.8MB fps=0.0
2026-03-10 07:19:18 [ERROR] [supervisor.supervisor] [camera] cam=1 ConnectionFailed: RTSP failed: rtsp://admin:password@192.168.1.102:554/stream1
2026-03-10 07:19:18 [ERROR] [supervisor.supervisor] [camera] cam=0 ConnectionFailed: RTSP failed: rtsp://admin:password@192.168.1.101:554/stream1
2026-03-10 07:19:18 [ERROR] [supervisor.supervisor] [camera] cam=2 ConnectionFailed: RTSP failed: rtsp://admin:password@192.168.1.103:554/stream1
2026-03-10 07:20:15 [INFO] [supervisor.supervisor] [Health] Uptime 00h05m03s
2026-03-10 07:20:15 [INFO] [supervisor.supervisor]   camera_0               alive=True  restarts=0   mem=0.0MB fps=0.0
2026-03-10 07:20:15 [INFO] [supervisor.supervisor]   camera_1               alive=True  restarts=0   mem=0.0MB fps=0.0
2026-03-10 07:20:15 [INFO] [supervisor.supervisor]   camera_2               alive=True  restarts=0   mem=0.0MB fps=0.0
2026-03-10 07:20:15 [INFO] [supervisor.supervisor]   gpu_pool               alive=True  restarts=0   mem=0.0MB fps=0.0
2026-03-10 07:20:15 [INFO] [supervisor.supervisor]   relay                  alive=True  restarts=0   mem=19.1MB fps=0.0
2026-03-10 07:20:15 [INFO] [supervisor.supervisor]   gui                    alive=True  restarts=0   mem=54.8MB fps=0.0
2026-03-10 07:20:15 [INFO] [supervisor.supervisor]   gpu_monitor            alive=True  restarts=0   mem=35.8MB fps=0.0
2026-03-10 07:20:48 [ERROR] [supervisor.supervisor] [camera] cam=0 ConnectionFailed: RTSP failed: rtsp://admin:password@192.168.1.101:554/stream1
2026-03-10 07:20:48 [ERROR] [supervisor.supervisor] [camera] cam=2 ConnectionFailed: RTSP failed: rtsp://admin:password@192.168.1.103:554/stream1
2026-03-10 07:20:48 [ERROR] [supervisor.supervisor] [camera] cam=1 ConnectionFailed: RTSP failed: rtsp://admin:password@192.168.1.102:554/stream1
2026-03-10 07:21:15 [INFO] [supervisor.supervisor] [Health] Uptime 00h06m04s
2026-03-10 07:21:15 [INFO] [supervisor.supervisor]   camera_0               alive=True  restarts=0   mem=0.0MB fps=0.0
2026-03-10 07:21:15 [INFO] [supervisor.supervisor]   camera_1               alive=True  restarts=0   mem=0.0MB fps=0.0
2026-03-10 07:21:15 [INFO] [supervisor.supervisor]   camera_2               alive=True  restarts=0   mem=0.0MB fps=0.0
2026-03-10 07:21:15 [INFO] [supervisor.supervisor]   gpu_pool               alive=True  restarts=0   mem=0.0MB fps=0.0
2026-03-10 07:21:15 [INFO] [supervisor.supervisor]   relay                  alive=True  restarts=0   mem=19.1MB fps=0.0
2026-03-10 07:21:15 [INFO] [supervisor.supervisor]   gui                    alive=True  restarts=0   mem=54.8MB fps=0.0
2026-03-10 07:21:15 [INFO] [supervisor.supervisor]   gpu_monitor            alive=True  restarts=0   mem=35.8MB fps=0.0
2026-03-10 07:22:16 [INFO] [supervisor.supervisor] [Health] Uptime 00h07m05s
2026-03-10 07:22:16 [INFO] [supervisor.supervisor]   camera_0               alive=True  restarts=0   mem=0.0MB fps=0.0
2026-03-10 07:22:16 [INFO] [supervisor.supervisor]   camera_1               alive=True  restarts=0   mem=0.0MB fps=0.0
2026-03-10 07:22:16 [INFO] [supervisor.supervisor]   camera_2               alive=True  restarts=0   mem=0.0MB fps=0.0
2026-03-10 07:22:16 [INFO] [supervisor.supervisor]   gpu_pool               alive=True  restarts=0   mem=0.0MB fps=0.0
2026-03-10 07:22:16 [INFO] [supervisor.supervisor]   relay                  alive=True  restarts=0   mem=19.1MB fps=0.0
2026-03-10 07:22:16 [INFO] [supervisor.supervisor]   gui                    alive=True  restarts=0   mem=54.8MB fps=0.0
2026-03-10 07:22:16 [INFO] [supervisor.supervisor]   gpu_monitor            alive=True  restarts=0   mem=35.8MB fps=0.0
2026-03-10 07:22:19 [ERROR] [supervisor.supervisor] [camera] cam=2 ConnectionFailed: RTSP failed: rtsp://admin:password@192.168.1.103:554/stream1
2026-03-10 07:22:19 [ERROR] [supervisor.supervisor] [camera] cam=0 ConnectionFailed: RTSP failed: rtsp://admin:password@192.168.1.101:554/stream1
2026-03-10 07:22:19 [ERROR] [supervisor.supervisor] [camera] cam=1 ConnectionFailed: RTSP failed: rtsp://admin:password@192.168.1.102:554/stream1
2026-03-10 07:23:17 [INFO] [supervisor.supervisor] [Health] Uptime 00h08m05s
2026-03-10 07:23:17 [INFO] [supervisor.supervisor]   camera_0               alive=True  restarts=0   mem=0.0MB fps=0.0
2026-03-10 07:23:17 [INFO] [supervisor.supervisor]   camera_1               alive=True  restarts=0   mem=0.0MB fps=0.0
2026-03-10 07:23:17 [INFO] [supervisor.supervisor]   camera_2               alive=True  restarts=0   mem=0.0MB fps=0.0
2026-03-10 07:23:17 [INFO] [supervisor.supervisor]   gpu_pool               alive=True  restarts=0   mem=0.0MB fps=0.0
2026-03-10 07:23:17 [INFO] [supervisor.supervisor]   relay                  alive=True  restarts=0   mem=19.1MB fps=0.0
2026-03-10 07:23:17 [INFO] [supervisor.supervisor]   gui                    alive=True  restarts=0   mem=54.8MB fps=0.0
2026-03-10 07:23:17 [INFO] [supervisor.supervisor]   gpu_monitor            alive=True  restarts=0   mem=35.8MB fps=0.0
2026-03-10 07:23:49 [ERROR] [supervisor.supervisor] [camera] cam=2 ConnectionFailed: RTSP failed: rtsp://admin:password@192.168.1.103:554/stream1
2026-03-10 07:23:49 [ERROR] [supervisor.supervisor] [camera] cam=0 ConnectionFailed: RTSP failed: rtsp://admin:password@192.168.1.101:554/stream1
2026-03-10 07:23:49 [ERROR] [supervisor.supervisor] [camera] cam=1 ConnectionFailed: RTSP failed: rtsp://admin:password@192.168.1.102:554/stream1
2026-03-10 07:24:18 [INFO] [supervisor.supervisor] [Health] Uptime 00h09m06s
2026-03-10 07:24:18 [INFO] [supervisor.supervisor]   camera_0               alive=True  restarts=0   mem=0.0MB fps=0.0
2026-03-10 07:24:18 [INFO] [supervisor.supervisor]   camera_1               alive=True  restarts=0   mem=0.0MB fps=0.0
2026-03-10 07:24:18 [INFO] [supervisor.supervisor]   camera_2               alive=True  restarts=0   mem=0.0MB fps=0.0
2026-03-10 07:24:18 [INFO] [supervisor.supervisor]   gpu_pool               alive=True  restarts=0   mem=0.0MB fps=0.0
2026-03-10 07:24:18 [INFO] [supervisor.supervisor]   relay                  alive=True  restarts=0   mem=19.1MB fps=0.0
2026-03-10 07:24:18 [INFO] [supervisor.supervisor]   gui                    alive=True  restarts=0   mem=54.8MB fps=0.0
2026-03-10 07:24:18 [INFO] [supervisor.supervisor]   gpu_monitor            alive=True  restarts=0   mem=35.8MB fps=0.0
2026-03-10 07:25:18 [INFO] [supervisor.supervisor] [Health] Uptime 00h10m07s
2026-03-10 07:25:18 [INFO] [supervisor.supervisor]   camera_0               alive=True  restarts=0   mem=0.0MB fps=0.0
2026-03-10 07:25:18 [INFO] [supervisor.supervisor]   camera_1               alive=True  restarts=0   mem=0.0MB fps=0.0
2026-03-10 07:25:18 [INFO] [supervisor.supervisor]   camera_2               alive=True  restarts=0   mem=0.0MB fps=0.0
2026-03-10 07:25:18 [INFO] [supervisor.supervisor]   gpu_pool               alive=True  restarts=0   mem=0.0MB fps=0.0
2026-03-10 07:25:18 [INFO] [supervisor.supervisor]   relay                  alive=True  restarts=0   mem=19.1MB fps=0.0
2026-03-10 07:25:18 [INFO] [supervisor.supervisor]   gui                    alive=True  restarts=0   mem=58.7MB fps=0.0
2026-03-10 07:25:18 [INFO] [supervisor.supervisor]   gpu_monitor            alive=True  restarts=0   mem=35.8MB fps=0.0
2026-03-10 07:25:20 [ERROR] [supervisor.supervisor] [camera] cam=2 ConnectionFailed: RTSP failed: rtsp://admin:password@192.168.1.103:554/stream1
2026-03-10 07:25:20 [ERROR] [supervisor.supervisor] [camera] cam=0 ConnectionFailed: RTSP failed: rtsp://admin:password@192.168.1.101:554/stream1
2026-03-10 07:25:20 [ERROR] [supervisor.supervisor] [camera] cam=1 ConnectionFailed: RTSP failed: rtsp://admin:password@192.168.1.102:554/stream1
2026-03-10 07:26:19 [INFO] [supervisor.supervisor] [Health] Uptime 00h11m08s
2026-03-10 07:26:19 [INFO] [supervisor.supervisor]   camera_0               alive=True  restarts=0   mem=0.0MB fps=0.0
2026-03-10 07:26:19 [INFO] [supervisor.supervisor]   camera_1               alive=True  restarts=0   mem=0.0MB fps=0.0
2026-03-10 07:26:19 [INFO] [supervisor.supervisor]   camera_2               alive=True  restarts=0   mem=0.0MB fps=0.0
2026-03-10 07:26:19 [INFO] [supervisor.supervisor]   gpu_pool               alive=True  restarts=0   mem=0.0MB fps=0.0
2026-03-10 07:26:19 [INFO] [supervisor.supervisor]   relay                  alive=True  restarts=0   mem=19.1MB fps=0.0
2026-03-10 07:26:19 [INFO] [supervisor.supervisor]   gui                    alive=True  restarts=0   mem=58.2MB fps=0.0
2026-03-10 07:26:19 [INFO] [supervisor.supervisor]   gpu_monitor            alive=True  restarts=0   mem=35.8MB fps=0.0
2026-03-10 07:26:50 [ERROR] [supervisor.supervisor] [camera] cam=2 ConnectionFailed: RTSP failed: rtsp://admin:password@192.168.1.103:554/stream1
2026-03-10 07:26:50 [ERROR] [supervisor.supervisor] [camera] cam=0 ConnectionFailed: RTSP failed: rtsp://admin:password@192.168.1.101:554/stream1
2026-03-10 07:26:50 [ERROR] [supervisor.supervisor] [camera] cam=1 ConnectionFailed: RTSP failed: rtsp://admin:password@192.168.1.102:554/stream1
2026-03-10 07:27:20 [INFO] [supervisor.supervisor] [Health] Uptime 00h12m08s
2026-03-10 07:27:20 [INFO] [supervisor.supervisor]   camera_0               alive=True  restarts=0   mem=0.0MB fps=0.0
2026-03-10 07:27:20 [INFO] [supervisor.supervisor]   camera_1               alive=True  restarts=0   mem=0.0MB fps=0.0
2026-03-10 07:27:20 [INFO] [supervisor.supervisor]   camera_2               alive=True  restarts=0   mem=0.0MB fps=0.0
2026-03-10 07:27:20 [INFO] [supervisor.supervisor]   gpu_pool               alive=True  restarts=0   mem=0.0MB fps=0.0
2026-03-10 07:27:20 [INFO] [supervisor.supervisor]   relay                  alive=True  restarts=0   mem=19.1MB fps=0.0
2026-03-10 07:27:20 [INFO] [supervisor.supervisor]   gui                    alive=True  restarts=0   mem=58.1MB fps=0.0
2026-03-10 07:27:20 [INFO] [supervisor.supervisor]   gpu_monitor            alive=True  restarts=0   mem=35.8MB fps=0.0
2026-03-10 07:28:20 [INFO] [supervisor.supervisor] [Health] Uptime 00h13m09s
2026-03-10 07:28:20 [INFO] [supervisor.supervisor]   camera_0               alive=True  restarts=0   mem=0.0MB fps=0.0
2026-03-10 07:28:20 [INFO] [supervisor.supervisor]   camera_1               alive=True  restarts=0   mem=0.0MB fps=0.0
2026-03-10 07:28:20 [INFO] [supervisor.supervisor]   camera_2               alive=True  restarts=0   mem=0.0MB fps=0.0
2026-03-10 07:28:20 [INFO] [supervisor.supervisor]   gpu_pool               alive=True  restarts=0   mem=0.0MB fps=0.0
2026-03-10 07:28:20 [INFO] [supervisor.supervisor]   relay                  alive=True  restarts=0   mem=19.1MB fps=0.0
2026-03-10 07:28:20 [INFO] [supervisor.supervisor]   gui                    alive=True  restarts=0   mem=58.1MB fps=0.0
2026-03-10 07:28:20 [INFO] [supervisor.supervisor]   gpu_monitor            alive=True  restarts=0   mem=35.8MB fps=0.0
2026-03-10 07:28:21 [ERROR] [supervisor.supervisor] [camera] cam=2 ConnectionFailed: RTSP failed: rtsp://admin:password@192.168.1.103:554/stream1
2026-03-10 07:28:21 [ERROR] [supervisor.supervisor] [camera] cam=0 ConnectionFailed: RTSP failed: rtsp://admin:password@192.168.1.101:554/stream1
2026-03-10 07:28:21 [ERROR] [supervisor.supervisor] [camera] cam=1 ConnectionFailed: RTSP failed: rtsp://admin:password@192.168.1.102:554/stream1
2026-03-10 07:29:21 [INFO] [supervisor.supervisor] [Health] Uptime 00h14m10s
2026-03-10 07:29:21 [INFO] [supervisor.supervisor]   camera_0               alive=True  restarts=0   mem=0.0MB fps=0.0
2026-03-10 07:29:21 [INFO] [supervisor.supervisor]   camera_1               alive=True  restarts=0   mem=0.0MB fps=0.0
2026-03-10 07:29:21 [INFO] [supervisor.supervisor]   camera_2               alive=True  restarts=0   mem=0.0MB fps=0.0
2026-03-10 07:29:21 [INFO] [supervisor.supervisor]   gpu_pool               alive=True  restarts=0   mem=0.0MB fps=0.0
2026-03-10 07:29:21 [INFO] [supervisor.supervisor]   relay                  alive=True  restarts=0   mem=19.1MB fps=0.0
2026-03-10 07:29:21 [INFO] [supervisor.supervisor]   gui                    alive=True  restarts=0   mem=58.1MB fps=0.0
2026-03-10 07:29:21 [INFO] [supervisor.supervisor]   gpu_monitor            alive=True  restarts=0   mem=35.8MB fps=0.0
2026-03-10 07:29:52 [ERROR] [supervisor.supervisor] [camera] cam=2 ConnectionFailed: RTSP failed: rtsp://admin:password@192.168.1.103:554/stream1
2026-03-10 07:29:52 [ERROR] [supervisor.supervisor] [camera] cam=1 ConnectionFailed: RTSP failed: rtsp://admin:password@192.168.1.102:554/stream1
2026-03-10 07:29:52 [ERROR] [supervisor.supervisor] [camera] cam=0 ConnectionFailed: RTSP failed: rtsp://admin:password@192.168.1.101:554/stream1
2026-03-10 07:30:20 [INFO] [supervisor.supervisor] [Supervisor] Signal 2 → shutdown
2026-03-10 07:30:21 [INFO] [supervisor.supervisor] Supervision loop ending
2026-03-10 07:30:21 [INFO] [supervisor.supervisor] [Supervisor] Shutting down all...
2026-03-10 07:30:21 [INFO] [supervisor.supervisor] [Supervisor] Shutdown complete
2026-03-10 07:54:22 [INFO] [supervisor] Logging initialised → logs\supervisor.log (level=INFO)
2026-03-10 07:54:22 [INFO] [core.config_loader] Config loaded v2.1: 3 cameras
2026-03-10 07:54:22 [INFO] [supervisor.supervisor] ============================================================
2026-03-10 07:54:22 [INFO] [supervisor.supervisor] Supervisor v2.1 — IndustrialVisionSystem
2026-03-10 07:54:22 [INFO] [supervisor.supervisor] ============================================================
2026-03-10 07:54:22 [INFO] [supervisor.supervisor] Model OK: models/best.pt
2026-03-10 07:54:23 [INFO] [supervisor.supervisor] Started camera_0 PID=33156
2026-03-10 07:54:23 [INFO] [supervisor.supervisor] Started camera_1 PID=1600
2026-03-10 07:54:23 [INFO] [supervisor.supervisor] Started camera_2 PID=27096
2026-03-10 07:54:23 [INFO] [supervisor.supervisor] Started gpu_pool PID=5112 (daemon=False, spawns GPU worker children)
2026-03-10 07:54:23 [INFO] [supervisor.supervisor] Started relay PID=9072
2026-03-10 07:54:23 [INFO] [supervisor.supervisor] Started gui PID=27048
2026-03-10 07:54:23 [INFO] [supervisor.supervisor] Started gpu_monitor PID=19816
2026-03-10 07:54:23 [INFO] [supervisor.supervisor] All processes started.
2026-03-10 07:54:23 [INFO] [supervisor.supervisor] Supervision loop running
2026-03-10 07:54:42 [WARNING] [supervisor.supervisor] [Supervisor] gpu_pool mem 3271.3MB > 2500.0MB → restart
2026-03-10 07:54:42 [INFO] [supervisor.supervisor] [Supervisor] Restarting gpu_pool (#1)
2026-03-10 07:54:47 [INFO] [supervisor.supervisor] Started gpu_pool PID=13372 (daemon=False, spawns GPU worker children)
2026-03-10 07:54:54 [ERROR] [supervisor.supervisor] [camera] cam=1 ConnectionFailed: RTSP failed: rtsp://admin:password@192.168.1.102:554/stream1
2026-03-10 07:54:54 [ERROR] [supervisor.supervisor] [camera] cam=0 ConnectionFailed: RTSP failed: rtsp://admin:password@192.168.1.101:554/stream1
2026-03-10 07:54:54 [ERROR] [supervisor.supervisor] [camera] cam=2 ConnectionFailed: RTSP failed: rtsp://admin:password@192.168.1.103:554/stream1
2026-03-10 07:55:05 [WARNING] [supervisor.supervisor] [Supervisor] gpu_pool mem 3271.5MB > 2500.0MB → restart
2026-03-10 07:55:05 [INFO] [supervisor.supervisor] [Supervisor] Restarting gpu_pool (#1)
2026-03-10 07:55:10 [INFO] [supervisor.supervisor] Started gpu_pool PID=28792 (daemon=False, spawns GPU worker children)
2026-03-10 07:55:22 [INFO] [supervisor.supervisor] [Health] Uptime 00h01m00s
2026-03-10 07:55:22 [INFO] [supervisor.supervisor]   camera_0               alive=True  restarts=0   mem=0.0MB fps=0.0
2026-03-10 07:55:22 [INFO] [supervisor.supervisor]   camera_1               alive=True  restarts=0   mem=0.0MB fps=0.0
2026-03-10 07:55:22 [INFO] [supervisor.supervisor]   camera_2               alive=True  restarts=0   mem=0.0MB fps=0.0
2026-03-10 07:55:22 [INFO] [supervisor.supervisor]   gpu_pool               alive=True  restarts=0   mem=0.0MB fps=0.0
2026-03-10 07:55:22 [INFO] [supervisor.supervisor]   relay                  alive=True  restarts=0   mem=19.2MB fps=0.0
2026-03-10 07:55:22 [INFO] [supervisor.supervisor]   gui                    alive=True  restarts=0   mem=56.5MB fps=0.0
2026-03-10 07:55:22 [INFO] [supervisor.supervisor]   gpu_monitor            alive=True  restarts=0   mem=35.7MB fps=0.0
2026-03-10 07:55:27 [ERROR] [supervisor.supervisor] [camera] cam=0 ConnectionFailed: RTSP failed: rtsp://admin:password@192.168.1.101:554/stream1
2026-03-10 07:55:27 [ERROR] [supervisor.supervisor] [camera] cam=1 ConnectionFailed: RTSP failed: rtsp://admin:password@192.168.1.102:554/stream1
2026-03-10 07:55:27 [ERROR] [supervisor.supervisor] [camera] cam=2 ConnectionFailed: RTSP failed: rtsp://admin:password@192.168.1.103:554/stream1
2026-03-10 07:55:28 [WARNING] [supervisor.supervisor] [Supervisor] gpu_pool mem 3271.9MB > 2500.0MB → restart
2026-03-10 07:55:28 [INFO] [supervisor.supervisor] [Supervisor] Restarting gpu_pool (#1)
2026-03-10 07:55:33 [INFO] [supervisor.supervisor] Started gpu_pool PID=26216 (daemon=False, spawns GPU worker children)
2026-03-10 07:55:50 [WARNING] [supervisor.supervisor] [Supervisor] gpu_pool mem 3271.7MB > 2500.0MB → restart
2026-03-10 07:55:50 [INFO] [supervisor.supervisor] [Supervisor] Restarting gpu_pool (#1)
2026-03-10 07:55:55 [INFO] [supervisor.supervisor] Started gpu_pool PID=26360 (daemon=False, spawns GPU worker children)
2026-03-10 07:56:01 [ERROR] [supervisor.supervisor] [camera] cam=1 ConnectionFailed: RTSP failed: rtsp://admin:password@192.168.1.102:554/stream1
2026-03-10 07:56:01 [ERROR] [supervisor.supervisor] [camera] cam=0 ConnectionFailed: RTSP failed: rtsp://admin:password@192.168.1.101:554/stream1
2026-03-10 07:56:01 [ERROR] [supervisor.supervisor] [camera] cam=2 ConnectionFailed: RTSP failed: rtsp://admin:password@192.168.1.103:554/stream1
2026-03-10 07:56:13 [WARNING] [supervisor.supervisor] [Supervisor] gpu_pool mem 3272.6MB > 2500.0MB → restart
2026-03-10 07:56:13 [INFO] [supervisor.supervisor] [Supervisor] Restarting gpu_pool (#1)
2026-03-10 07:56:18 [INFO] [supervisor.supervisor] Started gpu_pool PID=18820 (daemon=False, spawns GPU worker children)
2026-03-10 07:56:19 [WARNING] [supervisor.supervisor] [Supervisor] gpu_pool mem 3272.2MB > 2500.0MB → restart
2026-03-10 07:56:19 [INFO] [supervisor.supervisor] [Supervisor] Restarting gpu_pool (#1)
2026-03-10 07:56:24 [INFO] [supervisor.supervisor] Started gpu_pool PID=4008 (daemon=False, spawns GPU worker children)
2026-03-10 07:56:24 [INFO] [supervisor.supervisor] [Health] Uptime 00h02m02s
2026-03-10 07:56:24 [INFO] [supervisor.supervisor]   camera_0               alive=True  restarts=0   mem=0.0MB fps=0.0
2026-03-10 07:56:24 [INFO] [supervisor.supervisor]   camera_1               alive=True  restarts=0   mem=0.0MB fps=0.0
2026-03-10 07:56:24 [INFO] [supervisor.supervisor]   camera_2               alive=True  restarts=0   mem=0.0MB fps=0.0
2026-03-10 07:56:24 [INFO] [supervisor.supervisor]   gpu_pool               alive=True  restarts=0   mem=0.0MB fps=0.0
2026-03-10 07:56:24 [INFO] [supervisor.supervisor]   relay                  alive=True  restarts=0   mem=19.1MB fps=0.0
2026-03-10 07:56:24 [INFO] [supervisor.supervisor]   gui                    alive=True  restarts=0   mem=56.5MB fps=0.0
2026-03-10 07:56:24 [INFO] [supervisor.supervisor]   gpu_monitor            alive=True  restarts=0   mem=35.7MB fps=0.0
2026-03-10 07:56:41 [ERROR] [supervisor.supervisor] [camera] cam=1 ConnectionFailed: RTSP failed: rtsp://admin:password@192.168.1.102:554/stream1
2026-03-10 07:56:41 [ERROR] [supervisor.supervisor] [camera] cam=0 ConnectionFailed: RTSP failed: rtsp://admin:password@192.168.1.101:554/stream1
2026-03-10 07:56:41 [ERROR] [supervisor.supervisor] [camera] cam=2 ConnectionFailed: RTSP failed: rtsp://admin:password@192.168.1.103:554/stream1
2026-03-10 07:56:41 [WARNING] [supervisor.supervisor] [Supervisor] gpu_pool mem 3271.6MB > 2500.0MB → restart
2026-03-10 07:56:41 [INFO] [supervisor.supervisor] [Supervisor] Restarting gpu_pool (#1)
2026-03-10 07:56:46 [INFO] [supervisor.supervisor] Started gpu_pool PID=31700 (daemon=False, spawns GPU worker children)
2026-03-10 07:57:04 [WARNING] [supervisor.supervisor] [Supervisor] gpu_pool mem 3270.9MB > 2500.0MB → restart
2026-03-10 07:57:04 [INFO] [supervisor.supervisor] [Supervisor] Restarting gpu_pool (#1)
2026-03-10 07:57:09 [INFO] [supervisor.supervisor] Started gpu_pool PID=28252 (daemon=False, spawns GPU worker children)
2026-03-10 07:57:25 [INFO] [supervisor.supervisor] [Health] Uptime 00h03m03s
2026-03-10 07:57:25 [INFO] [supervisor.supervisor]   camera_0               alive=True  restarts=0   mem=0.0MB fps=0.0
2026-03-10 07:57:25 [INFO] [supervisor.supervisor]   camera_1               alive=True  restarts=0   mem=0.0MB fps=0.0
2026-03-10 07:57:25 [INFO] [supervisor.supervisor]   camera_2               alive=True  restarts=0   mem=0.0MB fps=0.0
2026-03-10 07:57:25 [INFO] [supervisor.supervisor]   gpu_pool               alive=True  restarts=0   mem=0.0MB fps=0.0
2026-03-10 07:57:25 [INFO] [supervisor.supervisor]   relay                  alive=True  restarts=0   mem=19.1MB fps=0.0
2026-03-10 07:57:25 [INFO] [supervisor.supervisor]   gui                    alive=True  restarts=0   mem=56.7MB fps=0.0
2026-03-10 07:57:25 [INFO] [supervisor.supervisor]   gpu_monitor            alive=True  restarts=0   mem=35.7MB fps=0.0
2026-03-10 07:57:26 [WARNING] [supervisor.supervisor] [Supervisor] gpu_pool mem 3270.5MB > 2500.0MB → restart
2026-03-10 07:57:26 [INFO] [supervisor.supervisor] [Supervisor] Restarting gpu_pool (#1)
2026-03-10 07:57:31 [INFO] [supervisor.supervisor] Started gpu_pool PID=28676 (daemon=False, spawns GPU worker children)
2026-03-10 07:57:32 [ERROR] [supervisor.supervisor] [camera] cam=0 ConnectionFailed: RTSP failed: rtsp://admin:password@192.168.1.101:554/stream1
2026-03-10 07:57:32 [ERROR] [supervisor.supervisor] [camera] cam=1 ConnectionFailed: RTSP failed: rtsp://admin:password@192.168.1.102:554/stream1
2026-03-10 07:57:32 [ERROR] [supervisor.supervisor] [camera] cam=2 ConnectionFailed: RTSP failed: rtsp://admin:password@192.168.1.103:554/stream1
2026-03-10 07:57:49 [WARNING] [supervisor.supervisor] [Supervisor] gpu_pool mem 3272.9MB > 2500.0MB → restart
2026-03-10 07:57:49 [INFO] [supervisor.supervisor] [Supervisor] Restarting gpu_pool (#1)
2026-03-10 07:57:54 [INFO] [supervisor.supervisor] Started gpu_pool PID=34348 (daemon=False, spawns GPU worker children)
2026-03-10 07:58:12 [WARNING] [supervisor.supervisor] [Supervisor] gpu_pool mem 3271.8MB > 2500.0MB → restart
2026-03-10 07:58:12 [INFO] [supervisor.supervisor] [Supervisor] Restarting gpu_pool (#1)
2026-03-10 07:58:17 [INFO] [supervisor.supervisor] Started gpu_pool PID=18912 (daemon=False, spawns GPU worker children)
2026-03-10 07:58:26 [INFO] [supervisor.supervisor] [Health] Uptime 00h04m04s
2026-03-10 07:58:26 [INFO] [supervisor.supervisor]   camera_0               alive=True  restarts=0   mem=0.0MB fps=0.0
2026-03-10 07:58:26 [INFO] [supervisor.supervisor]   camera_1               alive=True  restarts=0   mem=0.0MB fps=0.0
2026-03-10 07:58:26 [INFO] [supervisor.supervisor]   camera_2               alive=True  restarts=0   mem=0.0MB fps=0.0
2026-03-10 07:58:26 [INFO] [supervisor.supervisor]   gpu_pool               alive=True  restarts=0   mem=0.0MB fps=0.0
2026-03-10 07:58:26 [INFO] [supervisor.supervisor]   relay                  alive=True  restarts=0   mem=19.1MB fps=0.0
2026-03-10 07:58:26 [INFO] [supervisor.supervisor]   gui                    alive=True  restarts=0   mem=57.1MB fps=0.0
2026-03-10 07:58:26 [INFO] [supervisor.supervisor]   gpu_monitor            alive=True  restarts=0   mem=35.7MB fps=0.0
2026-03-10 07:58:30 [ERROR] [supervisor.supervisor] [camera] cam=1 ConnectionFailed: RTSP failed: rtsp://admin:password@192.168.1.102:554/stream1
2026-03-10 07:58:30 [ERROR] [supervisor.supervisor] [camera] cam=0 ConnectionFailed: RTSP failed: rtsp://admin:password@192.168.1.101:554/stream1
2026-03-10 07:58:30 [ERROR] [supervisor.supervisor] [camera] cam=2 ConnectionFailed: RTSP failed: rtsp://admin:password@192.168.1.103:554/stream1
2026-03-10 07:58:35 [WARNING] [supervisor.supervisor] [Supervisor] gpu_pool mem 3270.7MB > 2500.0MB → restart
2026-03-10 07:58:35 [INFO] [supervisor.supervisor] [Supervisor] Restarting gpu_pool (#1)
2026-03-10 07:58:40 [INFO] [supervisor.supervisor] Started gpu_pool PID=19668 (daemon=False, spawns GPU worker children)
2026-03-10 07:58:58 [WARNING] [supervisor.supervisor] [Supervisor] gpu_pool mem 3271.7MB > 2500.0MB → restart
2026-03-10 07:58:58 [INFO] [supervisor.supervisor] [Supervisor] Restarting gpu_pool (#1)
2026-03-10 07:59:03 [INFO] [supervisor.supervisor] Started gpu_pool PID=4820 (daemon=False, spawns GPU worker children)
2026-03-10 07:59:20 [WARNING] [supervisor.supervisor] [Supervisor] gpu_pool mem 3271.5MB > 2500.0MB → restart
2026-03-10 07:59:20 [INFO] [supervisor.supervisor] [Supervisor] Restarting gpu_pool (#1)
2026-03-10 07:59:25 [INFO] [supervisor.supervisor] Started gpu_pool PID=26420 (daemon=False, spawns GPU worker children)
2026-03-10 07:59:26 [INFO] [supervisor.supervisor] [Health] Uptime 00h05m04s
2026-03-10 07:59:26 [INFO] [supervisor.supervisor]   camera_0               alive=True  restarts=0   mem=0.0MB fps=0.0
2026-03-10 07:59:26 [INFO] [supervisor.supervisor]   camera_1               alive=True  restarts=0   mem=0.0MB fps=0.0
2026-03-10 07:59:26 [INFO] [supervisor.supervisor]   camera_2               alive=True  restarts=0   mem=0.0MB fps=0.0
2026-03-10 07:59:26 [INFO] [supervisor.supervisor]   gpu_pool               alive=True  restarts=0   mem=0.0MB fps=0.0
2026-03-10 07:59:26 [INFO] [supervisor.supervisor]   relay                  alive=True  restarts=0   mem=19.1MB fps=0.0
2026-03-10 07:59:26 [INFO] [supervisor.supervisor]   gui                    alive=True  restarts=0   mem=57.2MB fps=0.0
2026-03-10 07:59:26 [INFO] [supervisor.supervisor]   gpu_monitor            alive=True  restarts=0   mem=35.7MB fps=0.0
2026-03-10 07:59:44 [WARNING] [supervisor.supervisor] [Supervisor] gpu_pool mem 3272.2MB > 2500.0MB → restart
2026-03-10 07:59:44 [INFO] [supervisor.supervisor] [Supervisor] Restarting gpu_pool (#1)
2026-03-10 07:59:49 [INFO] [supervisor.supervisor] Started gpu_pool PID=26672 (daemon=False, spawns GPU worker children)
2026-03-10 08:00:00 [ERROR] [supervisor.supervisor] [camera] cam=1 ConnectionFailed: RTSP failed: rtsp://admin:password@192.168.1.102:554/stream1
2026-03-10 08:00:00 [ERROR] [supervisor.supervisor] [camera] cam=0 ConnectionFailed: RTSP failed: rtsp://admin:password@192.168.1.101:554/stream1
2026-03-10 08:00:00 [ERROR] [supervisor.supervisor] [camera] cam=2 ConnectionFailed: RTSP failed: rtsp://admin:password@192.168.1.103:554/stream1
2026-03-10 08:00:07 [WARNING] [supervisor.supervisor] [Supervisor] gpu_pool mem 3271.8MB > 2500.0MB → restart
2026-03-10 08:00:07 [INFO] [supervisor.supervisor] [Supervisor] Restarting gpu_pool (#1)
2026-03-10 08:00:12 [INFO] [supervisor.supervisor] Started gpu_pool PID=30092 (daemon=False, spawns GPU worker children)
2026-03-10 08:00:27 [INFO] [supervisor.supervisor] [Health] Uptime 00h06m05s
2026-03-10 08:00:27 [INFO] [supervisor.supervisor]   camera_0               alive=True  restarts=0   mem=0.0MB fps=0.0
2026-03-10 08:00:27 [INFO] [supervisor.supervisor]   camera_1               alive=True  restarts=0   mem=0.0MB fps=0.0
2026-03-10 08:00:27 [INFO] [supervisor.supervisor]   camera_2               alive=True  restarts=0   mem=0.0MB fps=0.0
2026-03-10 08:00:27 [INFO] [supervisor.supervisor]   gpu_pool               alive=True  restarts=0   mem=0.0MB fps=0.0
2026-03-10 08:00:27 [INFO] [supervisor.supervisor]   relay                  alive=True  restarts=0   mem=19.1MB fps=0.0
2026-03-10 08:00:27 [INFO] [supervisor.supervisor]   gui                    alive=True  restarts=0   mem=57.2MB fps=0.0
2026-03-10 08:00:27 [INFO] [supervisor.supervisor]   gpu_monitor            alive=True  restarts=0   mem=35.7MB fps=0.0
2026-03-10 08:00:30 [WARNING] [supervisor.supervisor] [Supervisor] gpu_pool mem 3271.1MB > 2500.0MB → restart
2026-03-10 08:00:30 [INFO] [supervisor.supervisor] [Supervisor] Restarting gpu_pool (#1)
2026-03-10 08:00:35 [INFO] [supervisor.supervisor] Started gpu_pool PID=26652 (daemon=False, spawns GPU worker children)
2026-03-10 08:00:54 [WARNING] [supervisor.supervisor] [Supervisor] gpu_pool mem 3271.5MB > 2500.0MB → restart
2026-03-10 08:00:54 [INFO] [supervisor.supervisor] [Supervisor] Restarting gpu_pool (#1)
2026-03-10 08:00:59 [INFO] [supervisor.supervisor] Started gpu_pool PID=23644 (daemon=False, spawns GPU worker children)
2026-03-10 08:01:18 [WARNING] [supervisor.supervisor] [Supervisor] gpu_pool mem 3270.6MB > 2500.0MB → restart
2026-03-10 08:01:18 [INFO] [supervisor.supervisor] [Supervisor] Restarting gpu_pool (#1)
2026-03-10 08:01:23 [INFO] [supervisor.supervisor] Started gpu_pool PID=30764 (daemon=False, spawns GPU worker children)
2026-03-10 08:01:28 [INFO] [supervisor.supervisor] [Health] Uptime 00h07m06s
2026-03-10 08:01:28 [INFO] [supervisor.supervisor]   camera_0               alive=True  restarts=0   mem=0.0MB fps=0.0
2026-03-10 08:01:28 [INFO] [supervisor.supervisor]   camera_1               alive=True  restarts=0   mem=0.0MB fps=0.0
2026-03-10 08:01:28 [INFO] [supervisor.supervisor]   camera_2               alive=True  restarts=0   mem=0.0MB fps=0.0
2026-03-10 08:01:28 [INFO] [supervisor.supervisor]   gpu_pool               alive=True  restarts=0   mem=0.0MB fps=0.0
2026-03-10 08:01:28 [INFO] [supervisor.supervisor]   relay                  alive=True  restarts=0   mem=19.1MB fps=0.0
2026-03-10 08:01:28 [INFO] [supervisor.supervisor]   gui                    alive=True  restarts=0   mem=57.2MB fps=0.0
2026-03-10 08:01:28 [INFO] [supervisor.supervisor]   gpu_monitor            alive=True  restarts=0   mem=35.7MB fps=0.0
2026-03-10 08:01:31 [ERROR] [supervisor.supervisor] [camera] cam=1 ConnectionFailed: RTSP failed: rtsp://admin:password@192.168.1.102:554/stream1
2026-03-10 08:01:31 [ERROR] [supervisor.supervisor] [camera] cam=0 ConnectionFailed: RTSP failed: rtsp://admin:password@192.168.1.101:554/stream1
2026-03-10 08:01:31 [ERROR] [supervisor.supervisor] [camera] cam=2 ConnectionFailed: RTSP failed: rtsp://admin:password@192.168.1.103:554/stream1
2026-03-10 08:01:39 [WARNING] [supervisor.supervisor] [Supervisor] gpu_pool mem 3270.9MB > 2500.0MB → restart
2026-03-10 08:01:39 [INFO] [supervisor.supervisor] [Supervisor] Restarting gpu_pool (#1)
2026-03-10 08:01:44 [INFO] [supervisor.supervisor] Started gpu_pool PID=676 (daemon=False, spawns GPU worker children)
2026-03-10 08:02:02 [WARNING] [supervisor.supervisor] [Supervisor] gpu_pool mem 3272.1MB > 2500.0MB → restart
2026-03-10 08:02:02 [INFO] [supervisor.supervisor] [Supervisor] Restarting gpu_pool (#1)
2026-03-10 08:02:07 [INFO] [supervisor.supervisor] Started gpu_pool PID=2128 (daemon=False, spawns GPU worker children)
2026-03-10 08:02:24 [WARNING] [supervisor.supervisor] [Supervisor] gpu_pool mem 3272.2MB > 2500.0MB → restart
2026-03-10 08:02:24 [INFO] [supervisor.supervisor] [Supervisor] Restarting gpu_pool (#1)
2026-03-10 08:02:29 [INFO] [supervisor.supervisor] Started gpu_pool PID=18424 (daemon=False, spawns GPU worker children)
2026-03-10 08:02:29 [INFO] [supervisor.supervisor] [Health] Uptime 00h08m07s
2026-03-10 08:02:29 [INFO] [supervisor.supervisor]   camera_0               alive=True  restarts=0   mem=0.0MB fps=0.0
2026-03-10 08:02:29 [INFO] [supervisor.supervisor]   camera_1               alive=True  restarts=0   mem=0.0MB fps=0.0
2026-03-10 08:02:29 [INFO] [supervisor.supervisor]   camera_2               alive=True  restarts=0   mem=0.0MB fps=0.0
2026-03-10 08:02:29 [INFO] [supervisor.supervisor]   gpu_pool               alive=True  restarts=0   mem=0.0MB fps=0.0
2026-03-10 08:02:29 [INFO] [supervisor.supervisor]   relay                  alive=True  restarts=0   mem=19.1MB fps=0.0
2026-03-10 08:02:29 [INFO] [supervisor.supervisor]   gui                    alive=True  restarts=0   mem=57.2MB fps=0.0
2026-03-10 08:02:29 [INFO] [supervisor.supervisor]   gpu_monitor            alive=True  restarts=0   mem=35.7MB fps=0.0
2026-03-10 08:02:47 [WARNING] [supervisor.supervisor] [Supervisor] gpu_pool mem 3271.5MB > 2500.0MB → restart
2026-03-10 08:02:47 [INFO] [supervisor.supervisor] [Supervisor] Restarting gpu_pool (#1)
2026-03-10 08:02:52 [INFO] [supervisor.supervisor] Started gpu_pool PID=1476 (daemon=False, spawns GPU worker children)
2026-03-10 08:03:02 [ERROR] [supervisor.supervisor] [camera] cam=0 ConnectionFailed: RTSP failed: rtsp://admin:password@192.168.1.101:554/stream1
2026-03-10 08:03:02 [ERROR] [supervisor.supervisor] [camera] cam=1 ConnectionFailed: RTSP failed: rtsp://admin:password@192.168.1.102:554/stream1
2026-03-10 08:03:02 [ERROR] [supervisor.supervisor] [camera] cam=2 ConnectionFailed: RTSP failed: rtsp://admin:password@192.168.1.103:554/stream1
2026-03-10 08:03:09 [WARNING] [supervisor.supervisor] [Supervisor] gpu_pool mem 3271.8MB > 2500.0MB → restart
2026-03-10 08:03:09 [INFO] [supervisor.supervisor] [Supervisor] Restarting gpu_pool (#1)
2026-03-10 08:03:14 [INFO] [supervisor.supervisor] Started gpu_pool PID=20292 (daemon=False, spawns GPU worker children)
2026-03-10 08:03:23 [WARNING] [supervisor.supervisor] [Supervisor] gpu_pool mem 3272.2MB > 2500.0MB → restart
2026-03-10 08:03:23 [INFO] [supervisor.supervisor] [Supervisor] Restarting gpu_pool (#1)
2026-03-10 08:03:24 [INFO] [supervisor.supervisor] [Supervisor] Signal 2 → shutdown
2026-03-10 08:03:28 [INFO] [supervisor.supervisor] Started gpu_pool PID=13108 (daemon=False, spawns GPU worker children)
2026-03-10 08:03:28 [ERROR] [supervisor.supervisor] [Supervisor] relay not alive → restart
2026-03-10 08:03:28 [INFO] [supervisor.supervisor] [Supervisor] Restarting relay (#1)
2026-03-10 08:03:33 [INFO] [supervisor.supervisor] Started relay PID=33796
2026-03-10 08:03:33 [ERROR] [supervisor.supervisor] [Supervisor] gpu_monitor not alive → restart
2026-03-10 08:03:33 [INFO] [supervisor.supervisor] [Supervisor] Restarting gpu_monitor (#1)
2026-03-10 08:03:34 [INFO] [supervisor.supervisor] [Supervisor] Signal 2 → shutdown
2026-03-10 08:03:35 [INFO] [supervisor.supervisor] [Supervisor] Signal 2 → shutdown
2026-03-10 08:03:35 [INFO] [supervisor.supervisor] [Supervisor] Signal 2 → shutdown
2026-03-10 08:03:36 [INFO] [supervisor.supervisor] [Supervisor] Signal 2 → shutdown
2026-03-10 08:03:38 [INFO] [supervisor.supervisor] Started gpu_monitor PID=21480
2026-03-10 08:03:38 [INFO] [supervisor.supervisor] [Health] Uptime 00h09m16s
2026-03-10 08:03:38 [INFO] [supervisor.supervisor]   camera_0               alive=False restarts=0   mem=0.0MB fps=0.0
2026-03-10 08:03:38 [INFO] [supervisor.supervisor]   camera_1               alive=False restarts=0   mem=0.0MB fps=0.0
2026-03-10 08:03:38 [INFO] [supervisor.supervisor]   camera_2               alive=False restarts=0   mem=0.0MB fps=0.0
2026-03-10 08:03:38 [INFO] [supervisor.supervisor]   gpu_pool               alive=False restarts=0   mem=0.0MB fps=0.0
2026-03-10 08:03:38 [INFO] [supervisor.supervisor]   relay                  alive=False restarts=0   mem=0.0MB fps=0.0
2026-03-10 08:03:38 [INFO] [supervisor.supervisor]   gui                    alive=False restarts=0   mem=57.2MB fps=0.0
2026-03-10 08:03:38 [INFO] [supervisor.supervisor]   gpu_monitor            alive=True  restarts=0   mem=0.0MB fps=0.0
2026-03-10 08:03:39 [INFO] [supervisor.supervisor] Supervision loop ending
2026-03-10 08:03:39 [INFO] [supervisor.supervisor] [Supervisor] Shutting down all...
2026-03-10 08:03:39 [INFO] [supervisor.supervisor] [Supervisor] Shutdown complete
2026-03-10 08:04:45 [INFO] [supervisor] Logging initialised → logs\supervisor.log (level=INFO)
2026-03-10 08:04:45 [INFO] [core.config_loader] Config loaded v2.1: 3 cameras
2026-03-10 08:04:45 [INFO] [supervisor.supervisor] ============================================================
2026-03-10 08:04:45 [INFO] [supervisor.supervisor] Supervisor v2.1 — IndustrialVisionSystem
2026-03-10 08:04:45 [INFO] [supervisor.supervisor] ============================================================
2026-03-10 08:04:45 [INFO] [supervisor.supervisor] Model OK: models/best.pt
2026-03-10 08:04:45 [INFO] [supervisor.supervisor] Started camera_0 PID=30736
2026-03-10 08:04:45 [INFO] [supervisor.supervisor] Started camera_1 PID=31756
2026-03-10 08:04:45 [INFO] [supervisor.supervisor] Started camera_2 PID=19972
2026-03-10 08:04:45 [INFO] [supervisor.supervisor] Started gpu_pool PID=32604 (daemon=False, spawns GPU worker children)
2026-03-10 08:04:45 [INFO] [supervisor.supervisor] Started relay PID=10640
2026-03-10 08:04:45 [INFO] [supervisor.supervisor] Started gui PID=19552
2026-03-10 08:04:45 [INFO] [supervisor.supervisor] Started gpu_monitor PID=16172
2026-03-10 08:04:45 [INFO] [supervisor.supervisor] All processes started.
2026-03-10 08:04:45 [INFO] [supervisor.supervisor] Supervision loop running
2026-03-10 08:05:03 [WARNING] [supervisor.supervisor] [Supervisor] gpu_pool mem 3272.4MB > 2500.0MB → restart
2026-03-10 08:05:03 [INFO] [supervisor.supervisor] [Supervisor] Restarting gpu_pool (#1)
2026-03-10 08:05:08 [INFO] [supervisor.supervisor] Started gpu_pool PID=33212 (daemon=False, spawns GPU worker children)
2026-03-10 08:05:17 [ERROR] [supervisor.supervisor] [camera] cam=0 ConnectionFailed: RTSP failed: rtsp://admin:password@192.168.1.101:554/stream1
2026-03-10 08:05:17 [ERROR] [supervisor.supervisor] [camera] cam=2 ConnectionFailed: RTSP failed: rtsp://admin:password@192.168.1.103:554/stream1
2026-03-10 08:05:17 [ERROR] [supervisor.supervisor] [camera] cam=1 ConnectionFailed: RTSP failed: rtsp://admin:password@192.168.1.102:554/stream1
2026-03-10 08:05:27 [WARNING] [supervisor.supervisor] [Supervisor] gpu_pool mem 3270.9MB > 2500.0MB → restart
2026-03-10 08:05:27 [INFO] [supervisor.supervisor] [Supervisor] Restarting gpu_pool (#1)
2026-03-10 08:05:32 [INFO] [supervisor.supervisor] Started gpu_pool PID=7776 (daemon=False, spawns GPU worker children)
2026-03-10 08:05:33 [WARNING] [supervisor.supervisor] [Supervisor] gpu_pool mem 3271.9MB > 2500.0MB → restart
2026-03-10 08:05:33 [INFO] [supervisor.supervisor] [Supervisor] Restarting gpu_pool (#1)
2026-03-10 08:05:38 [INFO] [supervisor.supervisor] Started gpu_pool PID=34184 (daemon=False, spawns GPU worker children)
2026-03-10 08:05:46 [INFO] [supervisor.supervisor] [Health] Uptime 00h01m00s
2026-03-10 08:05:46 [INFO] [supervisor.supervisor]   camera_0               alive=True  restarts=0   mem=0.0MB fps=0.0
2026-03-10 08:05:46 [INFO] [supervisor.supervisor]   camera_1               alive=True  restarts=0   mem=0.0MB fps=0.0
2026-03-10 08:05:46 [INFO] [supervisor.supervisor]   camera_2               alive=True  restarts=0   mem=0.0MB fps=0.0
2026-03-10 08:05:46 [INFO] [supervisor.supervisor]   gpu_pool               alive=True  restarts=0   mem=0.0MB fps=0.0
2026-03-10 08:05:46 [INFO] [supervisor.supervisor]   relay                  alive=True  restarts=0   mem=19.2MB fps=0.0
2026-03-10 08:05:46 [INFO] [supervisor.supervisor]   gui                    alive=True  restarts=0   mem=54.8MB fps=0.0
2026-03-10 08:05:46 [INFO] [supervisor.supervisor]   gpu_monitor            alive=True  restarts=0   mem=35.9MB fps=0.0
2026-03-10 08:05:49 [ERROR] [supervisor.supervisor] [camera] cam=2 ConnectionFailed: RTSP failed: rtsp://admin:password@192.168.1.103:554/stream1
2026-03-10 08:05:49 [ERROR] [supervisor.supervisor] [camera] cam=0 ConnectionFailed: RTSP failed: rtsp://admin:password@192.168.1.101:554/stream1
2026-03-10 08:05:49 [ERROR] [supervisor.supervisor] [camera] cam=1 ConnectionFailed: RTSP failed: rtsp://admin:password@192.168.1.102:554/stream1
2026-03-10 08:05:54 [WARNING] [supervisor.supervisor] [Supervisor] gpu_pool mem 3272.8MB > 2500.0MB → restart
2026-03-10 08:05:54 [INFO] [supervisor.supervisor] [Supervisor] Restarting gpu_pool (#1)
2026-03-10 08:05:59 [INFO] [supervisor.supervisor] Started gpu_pool PID=8720 (daemon=False, spawns GPU worker children)
2026-03-10 08:06:17 [WARNING] [supervisor.supervisor] [Supervisor] gpu_pool mem 3271.5MB > 2500.0MB → restart
2026-03-10 08:06:17 [INFO] [supervisor.supervisor] [Supervisor] Restarting gpu_pool (#1)
2026-03-10 08:06:22 [INFO] [supervisor.supervisor] Started gpu_pool PID=28828 (daemon=False, spawns GPU worker children)
2026-03-10 08:06:23 [ERROR] [supervisor.supervisor] [camera] cam=2 ConnectionFailed: RTSP failed: rtsp://admin:password@192.168.1.103:554/stream1
2026-03-10 08:06:23 [ERROR] [supervisor.supervisor] [camera] cam=0 ConnectionFailed: RTSP failed: rtsp://admin:password@192.168.1.101:554/stream1
2026-03-10 08:06:23 [ERROR] [supervisor.supervisor] [camera] cam=1 ConnectionFailed: RTSP failed: rtsp://admin:password@192.168.1.102:554/stream1
2026-03-10 08:06:39 [WARNING] [supervisor.supervisor] [Supervisor] gpu_pool mem 3272.1MB > 2500.0MB → restart
2026-03-10 08:06:39 [INFO] [supervisor.supervisor] [Supervisor] Restarting gpu_pool (#1)
2026-03-10 08:06:45 [INFO] [supervisor.supervisor] Started gpu_pool PID=11532 (daemon=False, spawns GPU worker children)
2026-03-10 08:06:47 [INFO] [supervisor.supervisor] [Health] Uptime 00h02m01s
2026-03-10 08:06:47 [INFO] [supervisor.supervisor]   camera_0               alive=True  restarts=0   mem=0.0MB fps=0.0
2026-03-10 08:06:47 [INFO] [supervisor.supervisor]   camera_1               alive=True  restarts=0   mem=0.0MB fps=0.0
2026-03-10 08:06:47 [INFO] [supervisor.supervisor]   camera_2               alive=True  restarts=0   mem=0.0MB fps=0.0
2026-03-10 08:06:47 [INFO] [supervisor.supervisor]   gpu_pool               alive=True  restarts=0   mem=0.0MB fps=0.0
2026-03-10 08:06:47 [INFO] [supervisor.supervisor]   relay                  alive=True  restarts=0   mem=19.2MB fps=0.0
2026-03-10 08:06:47 [INFO] [supervisor.supervisor]   gui                    alive=True  restarts=0   mem=54.8MB fps=0.0
2026-03-10 08:06:47 [INFO] [supervisor.supervisor]   gpu_monitor            alive=True  restarts=0   mem=35.9MB fps=0.0
2026-03-10 08:07:02 [WARNING] [supervisor.supervisor] [Supervisor] gpu_pool mem 3272.0MB > 2500.0MB → restart
2026-03-10 08:07:02 [INFO] [supervisor.supervisor] [Supervisor] Restarting gpu_pool (#1)
2026-03-10 08:07:07 [INFO] [supervisor.supervisor] Started gpu_pool PID=13560 (daemon=False, spawns GPU worker children)
2026-03-10 08:07:08 [ERROR] [supervisor.supervisor] [camera] cam=2 ConnectionFailed: RTSP failed: rtsp://admin:password@192.168.1.103:554/stream1
2026-03-10 08:07:08 [ERROR] [supervisor.supervisor] [camera] cam=1 ConnectionFailed: RTSP failed: rtsp://admin:password@192.168.1.102:554/stream1
2026-03-10 08:07:08 [ERROR] [supervisor.supervisor] [camera] cam=0 ConnectionFailed: RTSP failed: rtsp://admin:password@192.168.1.101:554/stream1
2026-03-10 08:07:25 [WARNING] [supervisor.supervisor] [Supervisor] gpu_pool mem 3271.1MB > 2500.0MB → restart
2026-03-10 08:07:25 [INFO] [supervisor.supervisor] [Supervisor] Restarting gpu_pool (#1)
2026-03-10 08:07:30 [INFO] [supervisor.supervisor] Started gpu_pool PID=20444 (daemon=False, spawns GPU worker children)
2026-03-10 08:07:47 [INFO] [supervisor.supervisor] [Health] Uptime 00h03m02s
2026-03-10 08:07:47 [INFO] [supervisor.supervisor]   camera_0               alive=True  restarts=0   mem=0.0MB fps=0.0
2026-03-10 08:07:47 [INFO] [supervisor.supervisor]   camera_1               alive=True  restarts=0   mem=0.0MB fps=0.0
2026-03-10 08:07:47 [INFO] [supervisor.supervisor]   camera_2               alive=True  restarts=0   mem=0.0MB fps=0.0
2026-03-10 08:07:47 [INFO] [supervisor.supervisor]   gpu_pool               alive=True  restarts=0   mem=0.0MB fps=0.0
2026-03-10 08:07:47 [INFO] [supervisor.supervisor]   relay                  alive=True  restarts=0   mem=19.1MB fps=0.0
2026-03-10 08:07:47 [INFO] [supervisor.supervisor]   gui                    alive=True  restarts=0   mem=55.7MB fps=0.0
2026-03-10 08:07:47 [INFO] [supervisor.supervisor]   gpu_monitor            alive=True  restarts=0   mem=35.8MB fps=0.0
2026-03-10 08:07:48 [WARNING] [supervisor.supervisor] [Supervisor] gpu_pool mem 3272.3MB > 2500.0MB → restart
2026-03-10 08:07:48 [INFO] [supervisor.supervisor] [Supervisor] Restarting gpu_pool (#1)
2026-03-10 08:07:53 [INFO] [supervisor.supervisor] Started gpu_pool PID=28840 (daemon=False, spawns GPU worker children)
2026-03-10 08:07:54 [ERROR] [supervisor.supervisor] [camera] cam=0 ConnectionFailed: RTSP failed: rtsp://admin:password@192.168.1.101:554/stream1
2026-03-10 08:07:54 [ERROR] [supervisor.supervisor] [camera] cam=2 ConnectionFailed: RTSP failed: rtsp://admin:password@192.168.1.103:554/stream1
2026-03-10 08:07:54 [ERROR] [supervisor.supervisor] [camera] cam=1 ConnectionFailed: RTSP failed: rtsp://admin:password@192.168.1.102:554/stream1
2026-03-10 08:07:54 [INFO] [supervisor.supervisor] [Supervisor] Detection STARTED by operator
2026-03-10 08:08:07 [INFO] [supervisor.supervisor] [Supervisor] Detection PAUSED by operator
2026-03-10 08:08:11 [WARNING] [supervisor.supervisor] [Supervisor] gpu_pool mem 3271.5MB > 2500.0MB → restart
2026-03-10 08:08:11 [INFO] [supervisor.supervisor] [Supervisor] Restarting gpu_pool (#1)
2026-03-10 08:08:17 [INFO] [supervisor.supervisor] Started gpu_pool PID=15700 (daemon=False, spawns GPU worker children)
2026-03-10 08:08:35 [WARNING] [supervisor.supervisor] [Supervisor] gpu_pool mem 3272.7MB > 2500.0MB → restart
2026-03-10 08:08:35 [INFO] [supervisor.supervisor] [Supervisor] Restarting gpu_pool (#1)
2026-03-10 08:08:40 [INFO] [supervisor.supervisor] Started gpu_pool PID=29208 (daemon=False, spawns GPU worker children)
2026-03-10 08:08:48 [INFO] [supervisor.supervisor] [Health] Uptime 00h04m02s
2026-03-10 08:08:48 [INFO] [supervisor.supervisor]   camera_0               alive=True  restarts=0   mem=0.0MB fps=0.0
2026-03-10 08:08:48 [INFO] [supervisor.supervisor]   camera_1               alive=True  restarts=0   mem=0.0MB fps=0.0
2026-03-10 08:08:48 [INFO] [supervisor.supervisor]   camera_2               alive=True  restarts=0   mem=0.0MB fps=0.0
2026-03-10 08:08:48 [INFO] [supervisor.supervisor]   gpu_pool               alive=True  restarts=0   mem=0.0MB fps=0.0
2026-03-10 08:08:48 [INFO] [supervisor.supervisor]   relay                  alive=True  restarts=0   mem=19.1MB fps=0.0
2026-03-10 08:08:48 [INFO] [supervisor.supervisor]   gui                    alive=True  restarts=0   mem=55.7MB fps=0.0
2026-03-10 08:08:48 [INFO] [supervisor.supervisor]   gpu_monitor            alive=True  restarts=0   mem=35.8MB fps=0.0
2026-03-10 08:08:52 [ERROR] [supervisor.supervisor] [camera] cam=2 ConnectionFailed: RTSP failed: rtsp://admin:password@192.168.1.103:554/stream1
2026-03-10 08:08:52 [ERROR] [supervisor.supervisor] [camera] cam=0 ConnectionFailed: RTSP failed: rtsp://admin:password@192.168.1.101:554/stream1
2026-03-10 08:08:52 [ERROR] [supervisor.supervisor] [camera] cam=1 ConnectionFailed: RTSP failed: rtsp://admin:password@192.168.1.102:554/stream1
2026-03-10 08:08:58 [WARNING] [supervisor.supervisor] [Supervisor] gpu_pool mem 3270.0MB > 2500.0MB → restart
2026-03-10 08:08:58 [INFO] [supervisor.supervisor] [Supervisor] Restarting gpu_pool (#1)
2026-03-10 08:09:03 [INFO] [supervisor.supervisor] Started gpu_pool PID=29000 (daemon=False, spawns GPU worker children)
2026-03-10 08:09:04 [WARNING] [supervisor.supervisor] [Supervisor] gpu_pool mem 3272.3MB > 2500.0MB → restart
2026-03-10 08:09:04 [INFO] [supervisor.supervisor] [Supervisor] Restarting gpu_pool (#1)
2026-03-10 08:09:09 [INFO] [supervisor.supervisor] Started gpu_pool PID=7164 (daemon=False, spawns GPU worker children)
2026-03-10 08:09:25 [WARNING] [supervisor.supervisor] [Supervisor] gpu_pool mem 3271.1MB > 2500.0MB → restart
2026-03-10 08:09:25 [INFO] [supervisor.supervisor] [Supervisor] Restarting gpu_pool (#1)
2026-03-10 08:09:30 [INFO] [supervisor.supervisor] Started gpu_pool PID=29728 (daemon=False, spawns GPU worker children)
2026-03-10 08:09:32 [INFO] [supervisor.supervisor] [Supervisor] Detection STARTED by operator
2026-03-10 08:09:48 [WARNING] [supervisor.supervisor] [Supervisor] gpu_pool mem 3271.9MB > 2500.0MB → restart
2026-03-10 08:09:48 [INFO] [supervisor.supervisor] [Supervisor] Restarting gpu_pool (#1)
2026-03-10 08:09:54 [INFO] [supervisor.supervisor] Started gpu_pool PID=984 (daemon=False, spawns GPU worker children)
2026-03-10 08:09:54 [INFO] [supervisor.supervisor] [Health] Uptime 00h05m08s
2026-03-10 08:09:54 [INFO] [supervisor.supervisor]   camera_0               alive=True  restarts=0   mem=0.0MB fps=0.0
2026-03-10 08:09:54 [INFO] [supervisor.supervisor]   camera_1               alive=True  restarts=0   mem=0.0MB fps=0.0
2026-03-10 08:09:54 [INFO] [supervisor.supervisor]   camera_2               alive=True  restarts=0   mem=0.0MB fps=0.0
2026-03-10 08:09:54 [INFO] [supervisor.supervisor]   gpu_pool               alive=True  restarts=0   mem=0.0MB fps=0.0
2026-03-10 08:09:54 [INFO] [supervisor.supervisor]   relay                  alive=True  restarts=0   mem=19.1MB fps=0.0
2026-03-10 08:09:54 [INFO] [supervisor.supervisor]   gui                    alive=True  restarts=0   mem=55.8MB fps=0.0
2026-03-10 08:09:54 [INFO] [supervisor.supervisor]   gpu_monitor            alive=True  restarts=0   mem=35.9MB fps=0.0
2026-03-10 08:10:09 [WARNING] [supervisor.supervisor] [Supervisor] gpu_pool mem 3272.1MB > 2500.0MB → restart
2026-03-10 08:10:09 [INFO] [supervisor.supervisor] [Supervisor] Restarting gpu_pool (#1)
2026-03-10 08:10:12 [INFO] [supervisor.supervisor] [Supervisor] Signal 2 → shutdown
2026-03-10 08:10:13 [INFO] [supervisor.supervisor] [Supervisor] Signal 2 → shutdown
2026-03-10 08:10:14 [INFO] [supervisor.supervisor] [Supervisor] Signal 2 → shutdown
2026-03-10 08:10:14 [INFO] [supervisor.supervisor] Started gpu_pool PID=31492 (daemon=False, spawns GPU worker children)
2026-03-10 08:10:14 [ERROR] [supervisor.supervisor] [Supervisor] relay not alive → restart
2026-03-10 08:10:14 [INFO] [supervisor.supervisor] [Supervisor] Restarting relay (#1)
2026-03-10 08:10:19 [INFO] [supervisor.supervisor] [Supervisor] Signal 2 → shutdown
2026-03-10 08:10:19 [INFO] [supervisor.supervisor] Started relay PID=26196
2026-03-10 08:10:19 [ERROR] [supervisor.supervisor] [Supervisor] gpu_monitor not alive → restart
2026-03-10 08:10:19 [INFO] [supervisor.supervisor] [Supervisor] Restarting gpu_monitor (#1)
2026-03-10 08:10:19 [INFO] [supervisor.supervisor] [Supervisor] Signal 2 → shutdown
2026-03-10 08:10:19 [INFO] [supervisor.supervisor] [Supervisor] Signal 2 → shutdown
2026-03-10 08:10:20 [INFO] [supervisor.supervisor] [Supervisor] Signal 2 → shutdown
2026-03-10 08:10:20 [INFO] [supervisor.supervisor] [Supervisor] Signal 2 → shutdown
2026-03-10 08:10:20 [INFO] [supervisor.supervisor] [Supervisor] Signal 2 → shutdown
2026-03-10 08:10:20 [INFO] [supervisor.supervisor] [Supervisor] Signal 2 → shutdown
2026-03-10 08:10:21 [INFO] [supervisor.supervisor] [Supervisor] Signal 2 → shutdown
2026-03-10 08:10:22 [INFO] [supervisor.supervisor] [Supervisor] Signal 2 → shutdown
2026-03-10 08:10:23 [INFO] [supervisor.supervisor] [Supervisor] Signal 2 → shutdown
2026-03-10 08:10:23 [INFO] [supervisor.supervisor] [Supervisor] Signal 2 → shutdown
2026-03-10 08:10:24 [INFO] [supervisor.supervisor] [Supervisor] Signal 2 → shutdown
2026-03-10 08:10:24 [INFO] [supervisor.supervisor] Started gpu_monitor PID=29180
2026-03-10 08:10:24 [INFO] [supervisor.supervisor] [Supervisor] Signal 2 → shutdown
2026-03-10 08:10:25 [INFO] [supervisor.supervisor] Supervision loop ending
2026-03-10 08:10:25 [INFO] [supervisor.supervisor] [Supervisor] Shutting down all...
2026-03-10 08:10:25 [INFO] [supervisor.supervisor] [Supervisor] Shutdown complete
2026-03-10 08:10:44 [INFO] [supervisor] Logging initialised → logs\supervisor.log (level=INFO)
2026-03-10 08:10:44 [INFO] [core.config_loader] Config loaded v2.1: 3 cameras
2026-03-10 08:10:44 [INFO] [supervisor.supervisor] ============================================================
2026-03-10 08:10:44 [INFO] [supervisor.supervisor] Supervisor v2.1 — IndustrialVisionSystem
2026-03-10 08:10:44 [INFO] [supervisor.supervisor] ============================================================
2026-03-10 08:10:44 [INFO] [supervisor.supervisor] Model OK: models/best.pt
2026-03-10 08:10:45 [INFO] [supervisor.supervisor] Started camera_0 PID=26116
2026-03-10 08:10:45 [INFO] [supervisor.supervisor] Started camera_1 PID=1864
2026-03-10 08:10:45 [INFO] [supervisor.supervisor] Started camera_2 PID=30512
2026-03-10 08:10:45 [INFO] [supervisor.supervisor] Started gpu_pool PID=9036 (daemon=False, spawns GPU worker children)
2026-03-10 08:10:45 [INFO] [supervisor.supervisor] Started relay PID=27232
2026-03-10 08:10:45 [INFO] [supervisor.supervisor] Started gui PID=34720
2026-03-10 08:10:45 [INFO] [supervisor.supervisor] Started gpu_monitor PID=26696
2026-03-10 08:10:45 [INFO] [supervisor.supervisor] All processes started.
2026-03-10 08:10:45 [INFO] [supervisor.supervisor] Supervision loop running
2026-03-10 08:11:03 [WARNING] [supervisor.supervisor] [Supervisor] gpu_pool mem 3272.1MB > 2500.0MB → restart
2026-03-10 08:11:03 [INFO] [supervisor.supervisor] [Supervisor] Restarting gpu_pool (#1)
2026-03-10 08:11:08 [INFO] [supervisor.supervisor] Started gpu_pool PID=32124 (daemon=False, spawns GPU worker children)
2026-03-10 08:11:10 [INFO] [supervisor.supervisor] [Supervisor] Detection STARTED by operator
2026-03-10 08:11:16 [ERROR] [supervisor.supervisor] [camera] cam=1 ConnectionFailed: RTSP failed: rtsp://admin:password@192.168.1.102:554/stream1
2026-03-10 08:11:16 [ERROR] [supervisor.supervisor] [camera] cam=0 ConnectionFailed: RTSP failed: rtsp://admin:password@192.168.1.101:554/stream1
2026-03-10 08:11:16 [ERROR] [supervisor.supervisor] [camera] cam=2 ConnectionFailed: RTSP failed: rtsp://admin:password@192.168.1.103:554/stream1
2026-03-10 08:11:19 [INFO] [supervisor.supervisor] [Supervisor] Signal 2 → shutdown
2026-03-10 08:11:20 [INFO] [supervisor.supervisor] Supervision loop ending
2026-03-10 08:11:20 [INFO] [supervisor.supervisor] [Supervisor] Shutting down all...
2026-03-10 08:11:20 [INFO] [supervisor.supervisor] [Supervisor] Shutdown complete
2026-03-12 13:01:43 [INFO] [supervisor] Logging initialised → logs\supervisor.log (level=INFO)
2026-03-12 13:01:43 [INFO] [core.config_loader] Config loaded v2.1: 3 cameras
2026-03-12 13:01:43 [INFO] [supervisor.supervisor] ============================================================
2026-03-12 13:01:43 [INFO] [supervisor.supervisor] Supervisor v2.1 — IndustrialVisionSystem
2026-03-12 13:01:43 [INFO] [supervisor.supervisor] ============================================================
2026-03-12 13:01:43 [INFO] [supervisor.supervisor] Model OK: models/best.pt
2026-03-12 13:01:44 [INFO] [supervisor.supervisor] Started camera_0 PID=26252
2026-03-12 13:01:44 [INFO] [supervisor.supervisor] Started camera_1 PID=25184
2026-03-12 13:01:44 [INFO] [supervisor.supervisor] Started camera_2 PID=17660
2026-03-12 13:01:44 [INFO] [supervisor.supervisor] Started gpu_pool PID=30480 (daemon=False, spawns GPU worker children)
2026-03-12 13:01:44 [INFO] [supervisor.supervisor] Started relay PID=24816
2026-03-12 13:01:44 [INFO] [supervisor.supervisor] Started gui PID=25396
2026-03-12 13:01:44 [INFO] [supervisor.supervisor] Started gpu_monitor PID=25320
2026-03-12 13:01:44 [INFO] [supervisor.supervisor] All processes started.
2026-03-12 13:01:44 [INFO] [supervisor.supervisor] Supervision loop running
2026-03-12 13:01:49 [INFO] [supervisor.supervisor] [Supervisor] Detection STARTED by operator
2026-03-12 13:01:52 [INFO] [supervisor.supervisor] [Supervisor] Detection STARTED by operator
2026-03-12 13:02:15 [ERROR] [supervisor.supervisor] [camera] cam=1 ConnectionFailed: RTSP failed: rtsp://admin:password@192.168.1.102:554/stream1
2026-03-12 13:02:15 [ERROR] [supervisor.supervisor] [camera] cam=2 ConnectionFailed: RTSP failed: rtsp://admin:password@192.168.1.103:554/stream1
2026-03-12 13:02:15 [ERROR] [supervisor.supervisor] [camera] cam=0 ConnectionFailed: RTSP failed: rtsp://admin:password@192.168.1.101:554/stream1
2026-03-12 13:02:37 [INFO] [supervisor.supervisor] [Supervisor] Signal 2 → shutdown
2026-03-12 13:02:37 [INFO] [supervisor.supervisor] Supervision loop ending
2026-03-12 13:02:37 [INFO] [supervisor.supervisor] [Supervisor] Shutting down all...
2026-03-12 13:02:37 [INFO] [supervisor.supervisor] [Supervisor] Shutdown complete
2026-03-12 13:04:36 [INFO] [supervisor] Logging initialised → logs\supervisor.log (level=INFO)
2026-03-12 13:04:36 [INFO] [core.config_loader] Config loaded v2.1: 3 cameras
2026-03-12 13:04:36 [INFO] [supervisor.supervisor] ============================================================
2026-03-12 13:04:36 [INFO] [supervisor.supervisor] Supervisor v2.1 — IndustrialVisionSystem
2026-03-12 13:04:36 [INFO] [supervisor.supervisor] ============================================================
2026-03-12 13:04:36 [INFO] [supervisor.supervisor] Model OK: models/best.pt
2026-03-12 13:04:36 [INFO] [supervisor.supervisor] Started camera_0 PID=17200
2026-03-12 13:04:36 [INFO] [supervisor.supervisor] Started camera_1 PID=3392
2026-03-12 13:04:36 [INFO] [supervisor.supervisor] Started camera_2 PID=25164
2026-03-12 13:04:36 [INFO] [supervisor.supervisor] Started gpu_pool PID=24504 (daemon=False, spawns GPU worker children)
2026-03-12 13:04:36 [INFO] [supervisor.supervisor] Started relay PID=27736
2026-03-12 13:04:36 [INFO] [supervisor.supervisor] Started gui PID=27292
2026-03-12 13:04:36 [INFO] [supervisor.supervisor] Started gpu_monitor PID=6696
2026-03-12 13:04:36 [INFO] [supervisor.supervisor] All processes started.
2026-03-12 13:04:36 [INFO] [supervisor.supervisor] Supervision loop running
2026-03-12 13:05:07 [ERROR] [supervisor.supervisor] [camera] cam=0 ConnectionFailed: RTSP failed: rtsp://admin:password@192.168.1.101:554/stream1
2026-03-12 13:05:07 [ERROR] [supervisor.supervisor] [camera] cam=2 ConnectionFailed: RTSP failed: rtsp://admin:password@192.168.1.103:554/stream1
2026-03-12 13:05:07 [ERROR] [supervisor.supervisor] [camera] cam=1 ConnectionFailed: RTSP failed: rtsp://admin:password@192.168.1.102:554/stream1
2026-03-12 13:05:37 [INFO] [supervisor.supervisor] [Health] Uptime 00h01m00s
2026-03-12 13:05:37 [INFO] [supervisor.supervisor]   camera_0               alive=True  restarts=0   mem=0.0MB fps=0.0
2026-03-12 13:05:37 [INFO] [supervisor.supervisor]   camera_1               alive=True  restarts=0   mem=0.0MB fps=0.0
2026-03-12 13:05:37 [INFO] [supervisor.supervisor]   camera_2               alive=True  restarts=0   mem=0.0MB fps=0.0
2026-03-12 13:05:37 [INFO] [supervisor.supervisor]   gpu_pool               alive=True  restarts=0   mem=3272.6MB fps=0.0
2026-03-12 13:05:37 [INFO] [supervisor.supervisor]   relay                  alive=True  restarts=0   mem=19.1MB fps=0.0
2026-03-12 13:05:37 [INFO] [supervisor.supervisor]   gui                    alive=False restarts=0   mem=55.7MB fps=0.0
2026-03-12 13:05:37 [INFO] [supervisor.supervisor]   gpu_monitor            alive=True  restarts=0   mem=35.8MB fps=0.0
2026-03-12 13:05:40 [ERROR] [supervisor.supervisor] [camera] cam=0 ConnectionFailed: RTSP failed: rtsp://admin:password@192.168.1.101:554/stream1
2026-03-12 13:05:40 [ERROR] [supervisor.supervisor] [camera] cam=1 ConnectionFailed: RTSP failed: rtsp://admin:password@192.168.1.102:554/stream1
2026-03-12 13:05:40 [ERROR] [supervisor.supervisor] [camera] cam=2 ConnectionFailed: RTSP failed: rtsp://admin:password@192.168.1.103:554/stream1
2026-03-12 13:06:15 [ERROR] [supervisor.supervisor] [camera] cam=1 ConnectionFailed: RTSP failed: rtsp://admin:password@192.168.1.102:554/stream1
2026-03-12 13:06:15 [ERROR] [supervisor.supervisor] [camera] cam=2 ConnectionFailed: RTSP failed: rtsp://admin:password@192.168.1.103:554/stream1
2026-03-12 13:06:15 [ERROR] [supervisor.supervisor] [camera] cam=0 ConnectionFailed: RTSP failed: rtsp://admin:password@192.168.1.101:554/stream1
2026-03-12 13:06:37 [INFO] [supervisor.supervisor] [Health] Uptime 00h02m01s
2026-03-12 13:06:37 [INFO] [supervisor.supervisor]   camera_0               alive=True  restarts=0   mem=0.0MB fps=0.0
2026-03-12 13:06:37 [INFO] [supervisor.supervisor]   camera_1               alive=True  restarts=0   mem=0.0MB fps=0.0
2026-03-12 13:06:37 [INFO] [supervisor.supervisor]   camera_2               alive=True  restarts=0   mem=0.0MB fps=0.0
2026-03-12 13:06:37 [INFO] [supervisor.supervisor]   gpu_pool               alive=True  restarts=0   mem=3272.8MB fps=0.0
2026-03-12 13:06:37 [INFO] [supervisor.supervisor]   relay                  alive=True  restarts=0   mem=19.0MB fps=0.0
2026-03-12 13:06:37 [INFO] [supervisor.supervisor]   gui                    alive=False restarts=0   mem=55.7MB fps=0.0
2026-03-12 13:06:37 [INFO] [supervisor.supervisor]   gpu_monitor            alive=True  restarts=0   mem=35.8MB fps=0.0
2026-03-12 13:06:53 [ERROR] [supervisor.supervisor] [camera] cam=0 ConnectionFailed: RTSP failed: rtsp://admin:password@192.168.1.101:554/stream1
2026-03-12 13:06:53 [ERROR] [supervisor.supervisor] [camera] cam=1 ConnectionFailed: RTSP failed: rtsp://admin:password@192.168.1.102:554/stream1
2026-03-12 13:06:53 [ERROR] [supervisor.supervisor] [camera] cam=2 ConnectionFailed: RTSP failed: rtsp://admin:password@192.168.1.103:554/stream1
2026-03-12 13:07:38 [INFO] [supervisor.supervisor] [Health] Uptime 00h03m01s
2026-03-12 13:07:38 [INFO] [supervisor.supervisor]   camera_0               alive=True  restarts=0   mem=0.0MB fps=0.0
2026-03-12 13:07:38 [INFO] [supervisor.supervisor]   camera_1               alive=True  restarts=0   mem=0.0MB fps=0.0
2026-03-12 13:07:38 [INFO] [supervisor.supervisor]   camera_2               alive=True  restarts=0   mem=0.0MB fps=0.0
2026-03-12 13:07:38 [INFO] [supervisor.supervisor]   gpu_pool               alive=True  restarts=0   mem=3272.8MB fps=0.0
2026-03-12 13:07:38 [INFO] [supervisor.supervisor]   relay                  alive=True  restarts=0   mem=19.0MB fps=0.0
2026-03-12 13:07:38 [INFO] [supervisor.supervisor]   gui                    alive=False restarts=0   mem=55.7MB fps=0.0
2026-03-12 13:07:38 [INFO] [supervisor.supervisor]   gpu_monitor            alive=True  restarts=0   mem=35.7MB fps=0.0
2026-03-12 13:07:40 [ERROR] [supervisor.supervisor] [camera] cam=0 ConnectionFailed: RTSP failed: rtsp://admin:password@192.168.1.101:554/stream1
2026-03-12 13:07:40 [ERROR] [supervisor.supervisor] [camera] cam=2 ConnectionFailed: RTSP failed: rtsp://admin:password@192.168.1.103:554/stream1
2026-03-12 13:07:40 [ERROR] [supervisor.supervisor] [camera] cam=1 ConnectionFailed: RTSP failed: rtsp://admin:password@192.168.1.102:554/stream1
2026-03-12 13:07:51 [INFO] [supervisor.supervisor] [Supervisor] Signal 2 → shutdown
2026-03-12 13:07:52 [INFO] [supervisor.supervisor] Supervision loop ending
2026-03-12 13:07:52 [INFO] [supervisor.supervisor] [Supervisor] Shutting down all...
2026-03-12 13:07:52 [INFO] [supervisor.supervisor] [Supervisor] Shutdown complete
2026-03-12 13:28:26 [INFO] [supervisor] Logging initialised → logs\supervisor.log (level=INFO)
2026-03-12 13:28:26 [INFO] [core.config_loader] Config loaded v2.1: 3 cameras
2026-03-12 13:28:26 [INFO] [supervisor.supervisor] ============================================================
2026-03-12 13:28:26 [INFO] [supervisor.supervisor] Supervisor v2.1 — IndustrialVisionSystem
2026-03-12 13:28:26 [INFO] [supervisor.supervisor] ============================================================
2026-03-12 13:28:26 [INFO] [supervisor.supervisor] Model OK: models/best.pt
2026-03-12 13:28:26 [INFO] [supervisor.supervisor] Started camera_0 PID=3744
2026-03-12 13:28:26 [INFO] [supervisor.supervisor] Started camera_1 PID=4912
2026-03-12 13:28:26 [INFO] [supervisor.supervisor] Started camera_2 PID=2556
2026-03-12 13:28:26 [INFO] [supervisor.supervisor] Started gpu_pool PID=28696 (daemon=False, spawns GPU worker children)
2026-03-12 13:28:26 [INFO] [supervisor.supervisor] Started relay PID=25968
2026-03-12 13:28:26 [INFO] [supervisor.supervisor] Started gui PID=12764
2026-03-12 13:28:26 [INFO] [supervisor.supervisor] Started gpu_monitor PID=30304
2026-03-12 13:28:26 [INFO] [supervisor.supervisor] All processes started.
2026-03-12 13:28:26 [INFO] [supervisor.supervisor] Supervision loop running
2026-03-12 13:28:58 [ERROR] [supervisor.supervisor] [camera] cam=1 ConnectionFailed: RTSP failed: rtsp://admin:password@192.168.1.102:554/stream1
2026-03-12 13:28:58 [ERROR] [supervisor.supervisor] [camera] cam=2 ConnectionFailed: RTSP failed: rtsp://admin:password@192.168.1.103:554/stream1
2026-03-12 13:28:58 [ERROR] [supervisor.supervisor] [camera] cam=0 ConnectionFailed: RTSP failed: rtsp://admin:password@192.168.1.101:554/stream1
2026-03-12 13:29:27 [INFO] [supervisor.supervisor] [Health] Uptime 00h01m00s
2026-03-12 13:29:27 [INFO] [supervisor.supervisor]   camera_0               alive=True  restarts=0   mem=0.0MB fps=0.0
2026-03-12 13:29:27 [INFO] [supervisor.supervisor]   camera_1               alive=True  restarts=0   mem=0.0MB fps=0.0
2026-03-12 13:29:27 [INFO] [supervisor.supervisor]   camera_2               alive=True  restarts=0   mem=0.0MB fps=0.0
2026-03-12 13:29:27 [INFO] [supervisor.supervisor]   gpu_pool               alive=True  restarts=0   mem=3272.7MB fps=0.0
2026-03-12 13:29:27 [INFO] [supervisor.supervisor]   relay                  alive=True  restarts=0   mem=19.1MB fps=0.0
2026-03-12 13:29:27 [INFO] [supervisor.supervisor]   gui                    alive=False restarts=0   mem=54.6MB fps=0.0
2026-03-12 13:29:27 [INFO] [supervisor.supervisor]   gpu_monitor            alive=True  restarts=0   mem=35.8MB fps=0.0
2026-03-12 13:29:30 [ERROR] [supervisor.supervisor] [camera] cam=2 ConnectionFailed: RTSP failed: rtsp://admin:password@192.168.1.103:554/stream1
2026-03-12 13:29:30 [ERROR] [supervisor.supervisor] [camera] cam=1 ConnectionFailed: RTSP failed: rtsp://admin:password@192.168.1.102:554/stream1
2026-03-12 13:29:30 [ERROR] [supervisor.supervisor] [camera] cam=0 ConnectionFailed: RTSP failed: rtsp://admin:password@192.168.1.101:554/stream1
2026-03-12 13:29:35 [INFO] [supervisor.supervisor] [Supervisor] Signal 2 → shutdown
2026-03-12 13:29:36 [INFO] [supervisor.supervisor] Supervision loop ending
2026-03-12 13:29:36 [INFO] [supervisor.supervisor] [Supervisor] Shutting down all...
2026-03-12 13:29:36 [INFO] [supervisor.supervisor] [Supervisor] Shutdown complete
2026-03-12 13:54:23 [INFO] [supervisor] Logging initialised → logs\supervisor.log (level=INFO)
2026-03-12 13:54:23 [INFO] [core.config_loader] Config loaded v2.1: 3 cameras
2026-03-12 13:54:23 [INFO] [supervisor.supervisor] ============================================================
2026-03-12 13:54:23 [INFO] [supervisor.supervisor] Supervisor v2.1 — IndustrialVisionSystem
2026-03-12 13:54:23 [INFO] [supervisor.supervisor] ============================================================
2026-03-12 13:54:23 [INFO] [supervisor.supervisor] Model OK: models/best.pt
2026-03-12 13:54:23 [INFO] [supervisor.supervisor] Started camera_0 PID=23480
2026-03-12 13:54:23 [INFO] [supervisor.supervisor] Started camera_1 PID=8804
2026-03-12 13:54:23 [INFO] [supervisor.supervisor] Started camera_2 PID=27016
2026-03-12 13:54:23 [INFO] [supervisor.supervisor] Started gpu_pool PID=29528 (daemon=False, spawns GPU worker children)
2026-03-12 13:54:23 [INFO] [supervisor.supervisor] Started relay PID=16072
2026-03-12 13:54:23 [INFO] [supervisor.supervisor] Started gui PID=18888
2026-03-12 13:54:23 [INFO] [supervisor.supervisor] Started gpu_monitor PID=20668
2026-03-12 13:54:23 [INFO] [supervisor.supervisor] All processes started.
2026-03-12 13:54:23 [INFO] [supervisor.supervisor] Supervision loop running
2026-03-12 13:54:31 [WARNING] [supervisor.supervisor] [Supervisor] gpu_pool mem 3272.4MB > 2500.0MB → restart
2026-03-12 13:54:31 [INFO] [supervisor.supervisor] [Supervisor] Restarting gpu_pool (#1)
2026-03-12 13:54:31 [INFO] [supervisor.supervisor] [Supervisor] gpu_pool backoff 5.0s
2026-03-12 13:54:36 [INFO] [supervisor.supervisor] Started gpu_pool PID=14536 (daemon=False, spawns GPU worker children)
2026-03-12 13:54:37 [WARNING] [supervisor.supervisor] [Supervisor] gpu_pool mem 3272.6MB > 2500.0MB → restart
2026-03-12 13:54:37 [INFO] [supervisor.supervisor] [Supervisor] Restarting gpu_pool (#1)
2026-03-12 13:54:37 [INFO] [supervisor.supervisor] [Supervisor] gpu_pool backoff 5.0s
2026-03-12 13:54:42 [INFO] [supervisor.supervisor] Started gpu_pool PID=30060 (daemon=False, spawns GPU worker children)
2026-03-12 13:54:43 [WARNING] [supervisor.supervisor] [Supervisor] gpu_pool mem 3272.6MB > 2500.0MB → restart
2026-03-12 13:54:43 [INFO] [supervisor.supervisor] [Supervisor] Restarting gpu_pool (#1)
2026-03-12 13:54:43 [INFO] [supervisor.supervisor] [Supervisor] gpu_pool backoff 5.0s
2026-03-12 13:54:48 [INFO] [supervisor.supervisor] Started gpu_pool PID=15892 (daemon=False, spawns GPU worker children)
2026-03-12 13:54:49 [INFO] [supervisor.supervisor] [Supervisor] Restarting gpu_pool (#1)
2026-03-12 13:54:49 [INFO] [supervisor.supervisor] [Supervisor] gpu_pool backoff 5.0s
2026-03-12 13:54:54 [INFO] [supervisor.supervisor] Started gpu_pool PID=11888 (daemon=False, spawns GPU worker children)
2026-03-12 13:54:54 [INFO] [supervisor.supervisor] [Supervisor] Restarting gpu_pool (#1)
2026-03-12 13:54:54 [INFO] [supervisor.supervisor] [Supervisor] gpu_pool backoff 5.0s
2026-03-12 13:54:59 [INFO] [supervisor.supervisor] Started gpu_pool PID=20936 (daemon=False, spawns GPU worker children)
2026-03-12 13:54:59 [INFO] [supervisor.supervisor] [Supervisor] Restarting gpu_pool (#1)
2026-03-12 13:54:59 [INFO] [supervisor.supervisor] [Supervisor] gpu_pool backoff 5.0s
2026-03-12 13:55:04 [INFO] [supervisor.supervisor] Started gpu_pool PID=14376 (daemon=False, spawns GPU worker children)
2026-03-12 13:55:04 [INFO] [supervisor.supervisor] [Supervisor] Restarting gpu_pool (#1)
2026-03-12 13:55:04 [INFO] [supervisor.supervisor] [Supervisor] gpu_pool backoff 5.0s
2026-03-12 13:55:09 [INFO] [supervisor.supervisor] Started gpu_pool PID=17548 (daemon=False, spawns GPU worker children)
2026-03-12 13:55:09 [INFO] [supervisor.supervisor] [Supervisor] Restarting gpu_pool (#1)
2026-03-12 13:55:09 [INFO] [supervisor.supervisor] [Supervisor] gpu_pool backoff 5.0s
2026-03-12 13:55:14 [INFO] [supervisor.supervisor] Started gpu_pool PID=27472 (daemon=False, spawns GPU worker children)
2026-03-12 13:55:14 [INFO] [supervisor.supervisor] [Supervisor] Restarting gpu_pool (#1)
2026-03-12 13:55:14 [INFO] [supervisor.supervisor] [Supervisor] gpu_pool backoff 5.0s
2026-03-12 13:55:19 [INFO] [supervisor.supervisor] Started gpu_pool PID=25156 (daemon=False, spawns GPU worker children)
2026-03-12 13:55:19 [INFO] [supervisor.supervisor] [Supervisor] Restarting gpu_pool (#1)
2026-03-12 13:55:19 [INFO] [supervisor.supervisor] [Supervisor] gpu_pool backoff 5.0s
2026-03-12 13:55:24 [INFO] [supervisor.supervisor] Started gpu_pool PID=13940 (daemon=False, spawns GPU worker children)
2026-03-12 13:55:24 [INFO] [supervisor.supervisor] [Supervisor] Restarting gpu_pool (#1)
2026-03-12 13:55:24 [INFO] [supervisor.supervisor] [Supervisor] gpu_pool backoff 5.0s
2026-03-12 13:55:29 [INFO] [supervisor.supervisor] Started gpu_pool PID=8752 (daemon=False, spawns GPU worker children)
2026-03-12 13:55:29 [INFO] [supervisor.supervisor] [Supervisor] Detection STARTED by operator
2026-03-12 13:55:29 [INFO] [supervisor.supervisor] [Supervisor] Detection STARTED by operator
2026-03-12 13:55:29 [ERROR] [supervisor.supervisor] [Supervisor] gui died (hb timeout) → restart
2026-03-12 13:55:29 [INFO] [supervisor.supervisor] [Supervisor] Restarting gui (#1)
2026-03-12 13:55:29 [INFO] [supervisor.supervisor] [Supervisor] gui backoff 5.0s
2026-03-12 13:55:34 [INFO] [supervisor.supervisor] Started gui PID=2700
2026-03-12 13:55:34 [INFO] [supervisor.supervisor] [Health] Uptime 00h01m11s
2026-03-12 13:55:34 [INFO] [supervisor.supervisor]   camera_0               alive=True  restarts=0   mem=0.0MB fps=0.0
2026-03-12 13:55:34 [INFO] [supervisor.supervisor]   camera_1               alive=True  restarts=0   mem=0.0MB fps=0.0
2026-03-12 13:55:34 [INFO] [supervisor.supervisor]   camera_2               alive=True  restarts=0   mem=0.0MB fps=0.0
2026-03-12 13:55:34 [INFO] [supervisor.supervisor]   gpu_pool               alive=True  restarts=0   mem=0.0MB fps=0.0
2026-03-12 13:55:34 [INFO] [supervisor.supervisor]   relay                  alive=True  restarts=0   mem=19.1MB fps=0.0
2026-03-12 13:55:34 [INFO] [supervisor.supervisor]   gui                    alive=True  restarts=0   mem=0.0MB fps=0.0
2026-03-12 13:55:34 [INFO] [supervisor.supervisor]   gpu_monitor            alive=True  restarts=0   mem=35.7MB fps=0.0
2026-03-12 13:55:35 [ERROR] [supervisor.supervisor] [camera] cam=1 ConnectionFailed: RTSP failed: rtsp://admin:password@192.168.1.102:554/stream1
2026-03-12 13:55:35 [ERROR] [supervisor.supervisor] [camera] cam=0 ConnectionFailed: RTSP failed: rtsp://admin:password@192.168.1.101:554/stream1
2026-03-12 13:55:35 [ERROR] [supervisor.supervisor] [camera] cam=2 ConnectionFailed: RTSP failed: rtsp://admin:password@192.168.1.103:554/stream1
2026-03-12 13:55:35 [ERROR] [supervisor.supervisor] [camera] cam=1 ConnectionFailed: RTSP failed: rtsp://admin:password@192.168.1.102:554/stream1
2026-03-12 13:55:35 [ERROR] [supervisor.supervisor] [camera] cam=0 ConnectionFailed: RTSP failed: rtsp://admin:password@192.168.1.101:554/stream1
2026-03-12 13:55:35 [ERROR] [supervisor.supervisor] [camera] cam=2 ConnectionFailed: RTSP failed: rtsp://admin:password@192.168.1.103:554/stream1
2026-03-12 13:55:35 [INFO] [supervisor.supervisor] [Supervisor] Restarting gpu_pool (#1)
2026-03-12 13:55:35 [INFO] [supervisor.supervisor] [Supervisor] gpu_pool backoff 5.0s
2026-03-12 13:55:40 [INFO] [supervisor.supervisor] Started gpu_pool PID=9356 (daemon=False, spawns GPU worker children)
2026-03-12 13:55:40 [INFO] [supervisor.supervisor] [Supervisor] Restarting gpu_pool (#1)
2026-03-12 13:55:40 [INFO] [supervisor.supervisor] [Supervisor] gpu_pool backoff 5.0s
2026-03-12 13:55:45 [INFO] [supervisor.supervisor] Started gpu_pool PID=1636 (daemon=False, spawns GPU worker children)
2026-03-12 13:55:45 [INFO] [supervisor.supervisor] [Supervisor] Restarting gpu_pool (#1)
2026-03-12 13:55:45 [INFO] [supervisor.supervisor] [Supervisor] gpu_pool backoff 5.0s
2026-03-12 13:55:50 [INFO] [supervisor.supervisor] Started gpu_pool PID=23564 (daemon=False, spawns GPU worker children)
2026-03-12 13:55:50 [INFO] [supervisor.supervisor] [Supervisor] Restarting gpu_pool (#1)
2026-03-12 13:55:50 [INFO] [supervisor.supervisor] [Supervisor] gpu_pool backoff 5.0s
2026-03-12 13:55:55 [INFO] [supervisor.supervisor] Started gpu_pool PID=29224 (daemon=False, spawns GPU worker children)
2026-03-12 13:55:55 [INFO] [supervisor.supervisor] [Supervisor] Restarting gpu_pool (#1)
2026-03-12 13:55:55 [INFO] [supervisor.supervisor] [Supervisor] gpu_pool backoff 5.0s
2026-03-12 13:56:00 [INFO] [supervisor.supervisor] Started gpu_pool PID=29476 (daemon=False, spawns GPU worker children)
2026-03-12 13:56:00 [INFO] [supervisor.supervisor] [Supervisor] Restarting gpu_pool (#1)
2026-03-12 13:56:00 [INFO] [supervisor.supervisor] [Supervisor] gpu_pool backoff 5.0s
2026-03-12 13:56:05 [INFO] [supervisor.supervisor] Started gpu_pool PID=2432 (daemon=False, spawns GPU worker children)
2026-03-12 13:56:05 [INFO] [supervisor.supervisor] [Supervisor] Restarting gpu_pool (#1)
2026-03-12 13:56:05 [INFO] [supervisor.supervisor] [Supervisor] gpu_pool backoff 5.0s
2026-03-12 13:56:10 [INFO] [supervisor.supervisor] Started gpu_pool PID=2472 (daemon=False, spawns GPU worker children)
2026-03-12 13:56:10 [INFO] [supervisor.supervisor] [Supervisor] Restarting gpu_pool (#1)
2026-03-12 13:56:10 [INFO] [supervisor.supervisor] [Supervisor] gpu_pool backoff 5.0s
2026-03-12 13:56:15 [INFO] [supervisor.supervisor] Started gpu_pool PID=18832 (daemon=False, spawns GPU worker children)
2026-03-12 13:56:15 [INFO] [supervisor.supervisor] [Supervisor] Restarting gpu_pool (#1)
2026-03-12 13:56:15 [INFO] [supervisor.supervisor] [Supervisor] gpu_pool backoff 5.0s
2026-03-12 13:56:20 [INFO] [supervisor.supervisor] Started gpu_pool PID=15532 (daemon=False, spawns GPU worker children)
2026-03-12 13:56:20 [INFO] [supervisor.supervisor] [Supervisor] Restarting gpu_pool (#1)
2026-03-12 13:56:20 [INFO] [supervisor.supervisor] [Supervisor] gpu_pool backoff 5.0s
2026-03-12 13:56:25 [INFO] [supervisor.supervisor] Started gpu_pool PID=30656 (daemon=False, spawns GPU worker children)
2026-03-12 13:56:25 [INFO] [supervisor.supervisor] [Supervisor] Restarting gpu_pool (#1)
2026-03-12 13:56:25 [INFO] [supervisor.supervisor] [Supervisor] gpu_pool backoff 5.0s
2026-03-12 13:56:30 [INFO] [supervisor.supervisor] Started gpu_pool PID=8088 (daemon=False, spawns GPU worker children)
2026-03-12 13:56:30 [INFO] [supervisor.supervisor] [Supervisor] Restarting gpu_pool (#1)
2026-03-12 13:56:30 [INFO] [supervisor.supervisor] [Supervisor] gpu_pool backoff 5.0s
2026-03-12 13:56:36 [INFO] [supervisor.supervisor] Started gpu_pool PID=21456 (daemon=False, spawns GPU worker children)
2026-03-12 13:56:36 [INFO] [supervisor.supervisor] [Supervisor] Restarting gpu_pool (#1)
2026-03-12 13:56:36 [INFO] [supervisor.supervisor] [Supervisor] gpu_pool backoff 5.0s
2026-03-12 13:56:41 [INFO] [supervisor.supervisor] Started gpu_pool PID=9924 (daemon=False, spawns GPU worker children)
2026-03-12 13:56:41 [INFO] [supervisor.supervisor] [Supervisor] Restarting gpu_pool (#1)
2026-03-12 13:56:41 [INFO] [supervisor.supervisor] [Supervisor] gpu_pool backoff 5.0s
2026-03-12 13:56:46 [INFO] [supervisor.supervisor] Started gpu_pool PID=1900 (daemon=False, spawns GPU worker children)
2026-03-12 13:56:46 [INFO] [supervisor.supervisor] [Supervisor] Restarting gpu_pool (#1)
2026-03-12 13:56:46 [INFO] [supervisor.supervisor] [Supervisor] gpu_pool backoff 5.0s
2026-03-12 13:56:51 [INFO] [supervisor.supervisor] Started gpu_pool PID=29004 (daemon=False, spawns GPU worker children)
2026-03-12 13:56:51 [INFO] [supervisor.supervisor] [Health] Uptime 00h02m27s
2026-03-12 13:56:51 [INFO] [supervisor.supervisor]   camera_0               alive=True  restarts=0   mem=0.0MB fps=0.0
2026-03-12 13:56:51 [INFO] [supervisor.supervisor]   camera_1               alive=True  restarts=0   mem=0.0MB fps=0.0
2026-03-12 13:56:51 [INFO] [supervisor.supervisor]   camera_2               alive=True  restarts=0   mem=0.0MB fps=0.0
2026-03-12 13:56:51 [INFO] [supervisor.supervisor]   gpu_pool               alive=True  restarts=0   mem=0.0MB fps=0.0
2026-03-12 13:56:51 [INFO] [supervisor.supervisor]   relay                  alive=True  restarts=0   mem=19.1MB fps=0.0
2026-03-12 13:56:51 [INFO] [supervisor.supervisor]   gui                    alive=True  restarts=0   mem=0.0MB fps=0.0
2026-03-12 13:56:51 [INFO] [supervisor.supervisor]   gpu_monitor            alive=True  restarts=0   mem=35.7MB fps=0.0
2026-03-12 13:56:52 [ERROR] [supervisor.supervisor] [camera] cam=1 ConnectionFailed: RTSP failed: rtsp://admin:password@192.168.1.102:554/stream1
2026-03-12 13:56:52 [ERROR] [supervisor.supervisor] [camera] cam=2 ConnectionFailed: RTSP failed: rtsp://admin:password@192.168.1.103:554/stream1
2026-03-12 13:56:52 [ERROR] [supervisor.supervisor] [camera] cam=0 ConnectionFailed: RTSP failed: rtsp://admin:password@192.168.1.101:554/stream1
2026-03-12 13:56:52 [ERROR] [supervisor.supervisor] [camera] cam=1 ConnectionFailed: RTSP failed: rtsp://admin:password@192.168.1.102:554/stream1
2026-03-12 13:56:52 [ERROR] [supervisor.supervisor] [camera] cam=2 ConnectionFailed: RTSP failed: rtsp://admin:password@192.168.1.103:554/stream1
2026-03-12 13:56:52 [ERROR] [supervisor.supervisor] [camera] cam=0 ConnectionFailed: RTSP failed: rtsp://admin:password@192.168.1.101:554/stream1
2026-03-12 13:56:52 [INFO] [supervisor.supervisor] [Supervisor] Restarting gpu_pool (#1)
2026-03-12 13:56:52 [INFO] [supervisor.supervisor] [Supervisor] gpu_pool backoff 5.0s
2026-03-12 13:56:57 [INFO] [supervisor.supervisor] Started gpu_pool PID=27280 (daemon=False, spawns GPU worker children)
2026-03-12 13:56:57 [INFO] [supervisor.supervisor] [Supervisor] Restarting gpu_pool (#1)
2026-03-12 13:56:57 [INFO] [supervisor.supervisor] [Supervisor] gpu_pool backoff 5.0s
2026-03-12 13:57:02 [INFO] [supervisor.supervisor] Started gpu_pool PID=7212 (daemon=False, spawns GPU worker children)
2026-03-12 13:57:03 [INFO] [supervisor.supervisor] [Supervisor] Restarting gpu_pool (#1)
2026-03-12 13:57:03 [INFO] [supervisor.supervisor] [Supervisor] gpu_pool backoff 5.0s
2026-03-12 13:57:08 [INFO] [supervisor.supervisor] Started gpu_pool PID=16436 (daemon=False, spawns GPU worker children)
2026-03-12 13:57:08 [INFO] [supervisor.supervisor] [Supervisor] Restarting gpu_pool (#1)
2026-03-12 13:57:08 [INFO] [supervisor.supervisor] [Supervisor] gpu_pool backoff 5.0s
2026-03-12 13:57:13 [INFO] [supervisor.supervisor] Started gpu_pool PID=14660 (daemon=False, spawns GPU worker children)
2026-03-12 13:57:13 [INFO] [supervisor.supervisor] [Supervisor] Restarting gpu_pool (#1)
2026-03-12 13:57:13 [INFO] [supervisor.supervisor] [Supervisor] gpu_pool backoff 5.0s
2026-03-12 13:57:18 [INFO] [supervisor.supervisor] Started gpu_pool PID=16488 (daemon=False, spawns GPU worker children)
2026-03-12 13:57:19 [INFO] [supervisor.supervisor] [Supervisor] Restarting gpu_pool (#1)
2026-03-12 13:57:19 [INFO] [supervisor.supervisor] [Supervisor] gpu_pool backoff 5.0s
2026-03-12 13:57:24 [INFO] [supervisor.supervisor] Started gpu_pool PID=28468 (daemon=False, spawns GPU worker children)
2026-03-12 13:57:24 [INFO] [supervisor.supervisor] [Supervisor] Restarting gpu_pool (#1)
2026-03-12 13:57:24 [INFO] [supervisor.supervisor] [Supervisor] gpu_pool backoff 5.0s
2026-03-12 13:57:28 [INFO] [supervisor.supervisor] [Supervisor] Signal 2 → shutdown
2026-03-12 13:57:29 [INFO] [supervisor.supervisor] Started gpu_pool PID=15824 (daemon=False, spawns GPU worker children)
2026-03-12 13:57:30 [INFO] [supervisor.supervisor] Supervision loop ending
2026-03-12 13:57:30 [INFO] [supervisor.supervisor] [Supervisor] Shutting down all...
2026-03-12 13:57:30 [INFO] [supervisor.supervisor] [Supervisor] Shutdown complete
2026-03-12 14:04:15 [INFO] [supervisor] Logging initialised → logs\supervisor.log (level=INFO)
2026-03-12 14:04:15 [INFO] [core.config_loader] Config loaded v2.1: 3 cameras
2026-03-12 14:04:15 [INFO] [supervisor.supervisor] ============================================================
2026-03-12 14:04:15 [INFO] [supervisor.supervisor] Supervisor v2.1 — IndustrialVisionSystem
2026-03-12 14:04:15 [INFO] [supervisor.supervisor] ============================================================
2026-03-12 14:04:15 [INFO] [supervisor.supervisor] Model OK: models/best.pt
2026-03-12 14:04:15 [INFO] [supervisor.supervisor] Started camera_0 PID=25040
2026-03-12 14:04:15 [INFO] [supervisor.supervisor] Started camera_1 PID=24904
2026-03-12 14:04:15 [INFO] [supervisor.supervisor] Started camera_2 PID=8072
2026-03-12 14:04:15 [INFO] [supervisor.supervisor] Started gpu_pool PID=28040 (daemon=False, spawns GPU worker children)
2026-03-12 14:04:15 [INFO] [supervisor.supervisor] Started relay PID=25108
2026-03-12 14:04:15 [INFO] [supervisor.supervisor] Started gui PID=24612
2026-03-12 14:04:15 [INFO] [supervisor.supervisor] Started gpu_monitor PID=704
2026-03-12 14:04:15 [INFO] [supervisor.supervisor] All processes started.
2026-03-12 14:04:15 [INFO] [supervisor.supervisor] Supervision loop running
2026-03-12 14:04:23 [WARNING] [supervisor.supervisor] [Supervisor] gpu_pool mem 3272.0MB > 2500.0MB → restart
2026-03-12 14:04:23 [INFO] [supervisor.supervisor] [Supervisor] Restarting gpu_pool (#1)
2026-03-12 14:04:23 [INFO] [supervisor.supervisor] [Supervisor] gpu_pool backoff 5.0s
2026-03-12 14:04:28 [INFO] [supervisor.supervisor] Started gpu_pool PID=25084 (daemon=False, spawns GPU worker children)
2026-03-12 14:04:29 [WARNING] [supervisor.supervisor] [Supervisor] gpu_pool mem 3271.0MB > 2500.0MB → restart
2026-03-12 14:04:29 [INFO] [supervisor.supervisor] [Supervisor] Restarting gpu_pool (#2)
2026-03-12 14:04:29 [INFO] [supervisor.supervisor] [Supervisor] gpu_pool backoff 10.0s
2026-03-12 14:04:39 [INFO] [supervisor.supervisor] Started gpu_pool PID=28820 (daemon=False, spawns GPU worker children)
2026-03-12 14:04:40 [WARNING] [supervisor.supervisor] [Supervisor] gpu_pool mem 3272.1MB > 2500.0MB → restart
2026-03-12 14:04:40 [INFO] [supervisor.supervisor] [Supervisor] Restarting gpu_pool (#3)
2026-03-12 14:04:40 [INFO] [supervisor.supervisor] [Supervisor] gpu_pool backoff 15.0s
2026-03-12 14:04:55 [INFO] [supervisor.supervisor] Started gpu_pool PID=20936 (daemon=False, spawns GPU worker children)
2026-03-12 14:04:56 [ERROR] [supervisor.supervisor] [camera] cam=0 ConnectionFailed: RTSP failed: rtsp://admin:password@192.168.1.101:554/stream1
2026-03-12 14:04:56 [ERROR] [supervisor.supervisor] [camera] cam=2 ConnectionFailed: RTSP failed: rtsp://admin:password@192.168.1.103:554/stream1
2026-03-12 14:04:56 [ERROR] [supervisor.supervisor] [camera] cam=1 ConnectionFailed: RTSP failed: rtsp://admin:password@192.168.1.102:554/stream1
2026-03-12 14:04:56 [WARNING] [supervisor.supervisor] [Supervisor] gpu_pool mem 3272.6MB > 2500.0MB → restart
2026-03-12 14:04:56 [INFO] [supervisor.supervisor] [Supervisor] Restarting gpu_pool (#4)
2026-03-12 14:04:56 [INFO] [supervisor.supervisor] [Supervisor] gpu_pool backoff 20.0s
2026-03-12 14:05:16 [INFO] [supervisor.supervisor] Started gpu_pool PID=9404 (daemon=False, spawns GPU worker children)
2026-03-12 14:05:16 [INFO] [supervisor.supervisor] [Health] Uptime 00h01m01s
2026-03-12 14:05:16 [INFO] [supervisor.supervisor]   camera_0               alive=True  restarts=0   mem=0.0MB fps=0.0
2026-03-12 14:05:16 [INFO] [supervisor.supervisor]   camera_1               alive=True  restarts=0   mem=0.0MB fps=0.0
2026-03-12 14:05:16 [INFO] [supervisor.supervisor]   camera_2               alive=True  restarts=0   mem=0.0MB fps=0.0
2026-03-12 14:05:16 [INFO] [supervisor.supervisor]   gpu_pool               alive=True  restarts=4   mem=0.0MB fps=0.0
2026-03-12 14:05:16 [INFO] [supervisor.supervisor]   relay                  alive=True  restarts=0   mem=18.9MB fps=0.0
2026-03-12 14:05:16 [INFO] [supervisor.supervisor]   gui                    alive=False restarts=0   mem=55.9MB fps=0.0
2026-03-12 14:05:16 [INFO] [supervisor.supervisor]   gpu_monitor            alive=True  restarts=0   mem=35.3MB fps=0.0
2026-03-12 14:05:17 [WARNING] [supervisor.supervisor] [Supervisor] gpu_pool mem 3526.5MB > 2500.0MB → restart
2026-03-12 14:05:17 [INFO] [supervisor.supervisor] [Supervisor] Restarting gpu_pool (#5)
2026-03-12 14:05:17 [INFO] [supervisor.supervisor] [Supervisor] gpu_pool backoff 25.0s
2026-03-12 14:05:42 [INFO] [supervisor.supervisor] Started gpu_pool PID=21844 (daemon=False, spawns GPU worker children)
2026-03-12 14:05:42 [ERROR] [supervisor.supervisor] [Supervisor] gui died (hb timeout) → restart
2026-03-12 14:05:42 [INFO] [supervisor.supervisor] [Supervisor] Restarting gui (#1)
2026-03-12 14:05:42 [INFO] [supervisor.supervisor] [Supervisor] gui backoff 5.0s
2026-03-12 14:05:47 [INFO] [supervisor.supervisor] Started gui PID=27656
2026-03-12 14:05:48 [ERROR] [supervisor.supervisor] [camera] cam=0 ConnectionFailed: RTSP failed: rtsp://admin:password@192.168.1.101:554/stream1
2026-03-12 14:05:48 [ERROR] [supervisor.supervisor] [camera] cam=2 ConnectionFailed: RTSP failed: rtsp://admin:password@192.168.1.103:554/stream1
2026-03-12 14:05:48 [ERROR] [supervisor.supervisor] [camera] cam=1 ConnectionFailed: RTSP failed: rtsp://admin:password@192.168.1.102:554/stream1
2026-03-12 14:05:48 [WARNING] [supervisor.supervisor] [Supervisor] gpu_pool mem 4486.1MB > 2500.0MB → restart
2026-03-12 14:05:48 [INFO] [supervisor.supervisor] [Supervisor] Restarting gpu_pool (#6)
2026-03-12 14:05:48 [INFO] [supervisor.supervisor] [Supervisor] gpu_pool backoff 30.0s
2026-03-12 14:06:18 [INFO] [supervisor.supervisor] Started gpu_pool PID=10316 (daemon=False, spawns GPU worker children)
2026-03-12 14:06:18 [INFO] [supervisor.supervisor] [Health] Uptime 00h02m03s
2026-03-12 14:06:18 [INFO] [supervisor.supervisor]   camera_0               alive=True  restarts=0   mem=0.0MB fps=0.0
2026-03-12 14:06:18 [INFO] [supervisor.supervisor]   camera_1               alive=True  restarts=0   mem=0.0MB fps=0.0
2026-03-12 14:06:18 [INFO] [supervisor.supervisor]   camera_2               alive=True  restarts=0   mem=0.0MB fps=0.0
2026-03-12 14:06:18 [INFO] [supervisor.supervisor]   gpu_pool               alive=True  restarts=6   mem=0.0MB fps=0.0
2026-03-12 14:06:18 [INFO] [supervisor.supervisor]   relay                  alive=True  restarts=0   mem=18.8MB fps=0.0
2026-03-12 14:06:18 [INFO] [supervisor.supervisor]   gui                    alive=True  restarts=1   mem=0.0MB fps=0.0
2026-03-12 14:06:18 [INFO] [supervisor.supervisor]   gpu_monitor            alive=True  restarts=0   mem=35.3MB fps=0.0
2026-03-12 14:06:19 [ERROR] [supervisor.supervisor] [camera] cam=0 ConnectionFailed: RTSP failed: rtsp://admin:password@192.168.1.101:554/stream1
2026-03-12 14:06:19 [ERROR] [supervisor.supervisor] [camera] cam=1 ConnectionFailed: RTSP failed: rtsp://admin:password@192.168.1.102:554/stream1
2026-03-12 14:06:19 [ERROR] [supervisor.supervisor] [camera] cam=2 ConnectionFailed: RTSP failed: rtsp://admin:password@192.168.1.103:554/stream1
2026-03-12 14:06:19 [INFO] [supervisor.supervisor] [Supervisor] Restarting gpu_pool (#7)
2026-03-12 14:06:19 [INFO] [supervisor.supervisor] [Supervisor] gpu_pool backoff 35.0s
2026-03-12 14:06:54 [INFO] [supervisor.supervisor] Started gpu_pool PID=28468 (daemon=False, spawns GPU worker children)
2026-03-12 14:06:55 [ERROR] [supervisor.supervisor] [camera] cam=0 ConnectionFailed: RTSP failed: rtsp://admin:password@192.168.1.101:554/stream1
2026-03-12 14:06:55 [ERROR] [supervisor.supervisor] [camera] cam=2 ConnectionFailed: RTSP failed: rtsp://admin:password@192.168.1.103:554/stream1
2026-03-12 14:06:55 [ERROR] [supervisor.supervisor] [camera] cam=1 ConnectionFailed: RTSP failed: rtsp://admin:password@192.168.1.102:554/stream1
2026-03-12 14:06:56 [ERROR] [supervisor.supervisor] [Supervisor] gui not alive → restart
2026-03-12 14:06:56 [INFO] [supervisor.supervisor] [Supervisor] Restarting gui (#2)
2026-03-12 14:06:56 [INFO] [supervisor.supervisor] [Supervisor] gui backoff 10.0s
2026-03-12 14:07:06 [INFO] [supervisor.supervisor] Started gui PID=24060
2026-03-12 14:07:07 [ERROR] [supervisor.supervisor] [Supervisor] gui died (hb timeout) → restart
2026-03-12 14:07:07 [INFO] [supervisor.supervisor] [Supervisor] Restarting gui (#3)
2026-03-12 14:07:07 [INFO] [supervisor.supervisor] [Supervisor] gui backoff 10.0s
2026-03-12 14:07:17 [INFO] [supervisor.supervisor] Started gui PID=27696
2026-03-12 14:07:18 [ERROR] [supervisor.supervisor] [camera] cam=2 ConnectionFailed: RTSP failed: rtsp://admin:password@192.168.1.103:554/stream1
2026-03-12 14:07:18 [ERROR] [supervisor.supervisor] [camera] cam=0 ConnectionFailed: RTSP failed: rtsp://admin:password@192.168.1.101:554/stream1
2026-03-12 14:07:18 [ERROR] [supervisor.supervisor] [camera] cam=1 ConnectionFailed: RTSP failed: rtsp://admin:password@192.168.1.102:554/stream1
2026-03-12 14:07:18 [WARNING] [supervisor.supervisor] [Supervisor] gpu_pool mem 4390.3MB > 2500.0MB → restart
2026-03-12 14:07:18 [INFO] [supervisor.supervisor] [Supervisor] Restarting gpu_pool (#8)
2026-03-12 14:07:18 [INFO] [supervisor.supervisor] [Supervisor] gpu_pool backoff 40.0s
2026-03-12 14:07:58 [INFO] [supervisor.supervisor] Started gpu_pool PID=20028 (daemon=False, spawns GPU worker children)
2026-03-12 14:07:58 [INFO] [supervisor.supervisor] [Health] Uptime 00h03m43s
2026-03-12 14:07:58 [INFO] [supervisor.supervisor]   camera_0               alive=True  restarts=0   mem=0.0MB fps=0.0
2026-03-12 14:07:58 [INFO] [supervisor.supervisor]   camera_1               alive=True  restarts=0   mem=0.0MB fps=0.0
2026-03-12 14:07:58 [INFO] [supervisor.supervisor]   camera_2               alive=True  restarts=0   mem=0.0MB fps=0.0
2026-03-12 14:07:58 [INFO] [supervisor.supervisor]   gpu_pool               alive=True  restarts=8   mem=0.0MB fps=0.0
2026-03-12 14:07:58 [INFO] [supervisor.supervisor]   relay                  alive=True  restarts=0   mem=4.4MB fps=0.0
2026-03-12 14:07:58 [INFO] [supervisor.supervisor]   gui                    alive=True  restarts=3   mem=0.0MB fps=0.0
2026-03-12 14:07:58 [INFO] [supervisor.supervisor]   gpu_monitor            alive=True  restarts=0   mem=6.7MB fps=0.0
2026-03-12 14:07:59 [INFO] [supervisor.supervisor] [Supervisor] Restarting gpu_pool (#9)
2026-03-12 14:07:59 [INFO] [supervisor.supervisor] [Supervisor] gpu_pool backoff 45.0s
2026-03-12 14:08:20 [INFO] [supervisor.supervisor] [Supervisor] Signal 2 → shutdown
2026-03-12 14:08:25 [INFO] [supervisor.supervisor] [Supervisor] Signal 2 → shutdown
2026-03-12 14:08:44 [INFO] [supervisor.supervisor] Started gpu_pool PID=15568 (daemon=False, spawns GPU worker children)
2026-03-12 14:08:44 [ERROR] [supervisor.supervisor] [Supervisor] camera_0 not alive → restart
2026-03-12 14:08:44 [INFO] [supervisor.supervisor] [Supervisor] Restarting camera_0 (#1)
2026-03-12 14:08:44 [INFO] [supervisor.supervisor] [Supervisor] camera_0 backoff 5.0s
2026-03-12 14:08:49 [INFO] [supervisor.supervisor] Started camera_0 PID=23620
2026-03-12 14:08:49 [ERROR] [supervisor.supervisor] [Supervisor] camera_1 not alive → restart
2026-03-12 14:08:49 [INFO] [supervisor.supervisor] [Supervisor] Restarting camera_1 (#1)
2026-03-12 14:08:49 [INFO] [supervisor.supervisor] [Supervisor] camera_1 backoff 5.0s
2026-03-12 14:08:54 [INFO] [supervisor.supervisor] Started camera_1 PID=5800
2026-03-12 14:08:54 [ERROR] [supervisor.supervisor] [Supervisor] camera_2 not alive → restart
2026-03-12 14:08:54 [INFO] [supervisor.supervisor] [Supervisor] Restarting camera_2 (#1)
2026-03-12 14:08:54 [INFO] [supervisor.supervisor] [Supervisor] camera_2 backoff 5.0s
2026-03-12 14:08:59 [INFO] [supervisor.supervisor] Started camera_2 PID=2864
2026-03-12 14:08:59 [INFO] [supervisor.supervisor] [Health] Uptime 00h04m44s
2026-03-12 14:08:59 [INFO] [supervisor.supervisor]   camera_0               alive=True  restarts=1   mem=0.0MB fps=0.0
2026-03-12 14:08:59 [INFO] [supervisor.supervisor]   camera_1               alive=False restarts=1   mem=0.0MB fps=0.0
2026-03-12 14:08:59 [INFO] [supervisor.supervisor]   camera_2               alive=True  restarts=1   mem=0.0MB fps=0.0
2026-03-12 14:08:59 [INFO] [supervisor.supervisor]   gpu_pool               alive=True  restarts=9   mem=0.0MB fps=0.0
2026-03-12 14:08:59 [INFO] [supervisor.supervisor]   relay                  alive=True  restarts=0   mem=4.4MB fps=0.0
2026-03-12 14:08:59 [INFO] [supervisor.supervisor]   gui                    alive=True  restarts=3   mem=55.3MB fps=0.0
2026-03-12 14:08:59 [INFO] [supervisor.supervisor]   gpu_monitor            alive=True  restarts=0   mem=6.7MB fps=0.0
2026-03-12 14:09:00 [INFO] [supervisor.supervisor] Supervision loop ending
2026-03-12 14:09:00 [INFO] [supervisor.supervisor] [Supervisor] Shutting down all...
2026-03-12 14:09:00 [INFO] [supervisor.supervisor] [Supervisor] Shutdown complete
2026-03-12 14:21:26 [INFO] [supervisor] Logging initialised → logs\supervisor.log (level=INFO)
2026-03-12 14:21:26 [INFO] [core.config_loader] Config loaded v2.1: 3 cameras
2026-03-12 14:21:26 [INFO] [supervisor.supervisor] ============================================================
2026-03-12 14:21:26 [INFO] [supervisor.supervisor] Supervisor v2.1 — IndustrialVisionSystem
2026-03-12 14:21:26 [INFO] [supervisor.supervisor] ============================================================
2026-03-12 14:21:26 [INFO] [supervisor.supervisor] Model OK: models/best.pt
2026-03-12 14:21:26 [INFO] [supervisor.supervisor] Started camera_0 PID=30512
2026-03-12 14:21:26 [INFO] [supervisor.supervisor] Started camera_1 PID=2980
2026-03-12 14:21:26 [INFO] [supervisor.supervisor] Started camera_2 PID=10748
2026-03-12 14:21:26 [INFO] [supervisor.supervisor] Started gpu_pool PID=28832 (daemon=False, spawns GPU worker children)
2026-03-12 14:21:26 [INFO] [supervisor.supervisor] Started relay PID=6632
2026-03-12 14:21:26 [INFO] [supervisor.supervisor] Started gui PID=17676
2026-03-12 14:21:26 [INFO] [supervisor.supervisor] Started gpu_monitor PID=27760
2026-03-12 14:21:26 [INFO] [supervisor.supervisor] All processes started.
2026-03-12 14:21:27 [INFO] [supervisor.supervisor] Supervision loop running
2026-03-12 14:21:58 [ERROR] [supervisor.supervisor] [camera] cam=2 ConnectionFailed: RTSP failed: rtsp://admin:password@192.168.1.103:554/stream1
2026-03-12 14:21:58 [ERROR] [supervisor.supervisor] [camera] cam=0 ConnectionFailed: RTSP failed: rtsp://admin:password@192.168.1.101:554/stream1
2026-03-12 14:21:58 [ERROR] [supervisor.supervisor] [camera] cam=1 ConnectionFailed: RTSP failed: rtsp://admin:password@192.168.1.102:554/stream1
2026-03-12 14:22:27 [INFO] [supervisor.supervisor] [Health] Uptime 00h01m00s
2026-03-12 14:22:27 [INFO] [supervisor.supervisor]   camera_0               alive=True  restarts=0   mem=0.0MB fps=0.0
2026-03-12 14:22:27 [INFO] [supervisor.supervisor]   camera_1               alive=True  restarts=0   mem=0.0MB fps=0.0
2026-03-12 14:22:27 [INFO] [supervisor.supervisor]   camera_2               alive=True  restarts=0   mem=0.0MB fps=0.0
2026-03-12 14:22:27 [INFO] [supervisor.supervisor]   gpu_pool               alive=False restarts=0   mem=0.0MB fps=0.0
2026-03-12 14:22:27 [INFO] [supervisor.supervisor]   relay                  alive=True  restarts=0   mem=19.0MB fps=0.0
2026-03-12 14:22:27 [INFO] [supervisor.supervisor]   gui                    alive=True  restarts=0   mem=55.8MB fps=0.0
2026-03-12 14:22:27 [INFO] [supervisor.supervisor]   gpu_monitor            alive=True  restarts=0   mem=35.6MB fps=0.0
2026-03-12 14:22:30 [ERROR] [supervisor.supervisor] [camera] cam=1 ConnectionFailed: RTSP failed: rtsp://admin:password@192.168.1.102:554/stream1
2026-03-12 14:22:30 [ERROR] [supervisor.supervisor] [camera] cam=0 ConnectionFailed: RTSP failed: rtsp://admin:password@192.168.1.101:554/stream1
2026-03-12 14:22:30 [ERROR] [supervisor.supervisor] [camera] cam=2 ConnectionFailed: RTSP failed: rtsp://admin:password@192.168.1.103:554/stream1
2026-03-12 14:22:35 [ERROR] [supervisor.supervisor] [Supervisor] gui not alive → restart
2026-03-12 14:22:35 [INFO] [supervisor.supervisor] [Supervisor] Restarting gui (#1)
2026-03-12 14:22:35 [INFO] [supervisor.supervisor] [Supervisor] gui backoff 5.0s
2026-03-12 14:22:40 [INFO] [supervisor.supervisor] Started gui PID=28300
2026-03-12 14:22:42 [ERROR] [supervisor.supervisor] [Supervisor] gui not alive → restart
2026-03-12 14:22:42 [INFO] [supervisor.supervisor] [Supervisor] Restarting gui (#2)
2026-03-12 14:22:42 [INFO] [supervisor.supervisor] [Supervisor] gui backoff 10.0s
2026-03-12 14:22:52 [INFO] [supervisor.supervisor] Started gui PID=16932
2026-03-12 14:23:00 [ERROR] [supervisor.supervisor] [Supervisor] gui not alive → restart
2026-03-12 14:23:00 [INFO] [supervisor.supervisor] [Supervisor] Restarting gui (#3)
2026-03-12 14:23:00 [INFO] [supervisor.supervisor] [Supervisor] gui backoff 10.0s
2026-03-12 14:23:02 [INFO] [supervisor.supervisor] [Supervisor] Signal 2 → shutdown
2026-03-12 14:23:10 [INFO] [supervisor.supervisor] Started gui PID=26156
2026-03-12 14:23:10 [ERROR] [supervisor.supervisor] [Supervisor] gpu_monitor not alive → restart
2026-03-12 14:23:10 [INFO] [supervisor.supervisor] [Supervisor] Restarting gpu_monitor (#1)
2026-03-12 14:23:10 [INFO] [supervisor.supervisor] [Supervisor] gpu_monitor backoff 5.0s
2026-03-12 14:23:15 [INFO] [supervisor.supervisor] [Supervisor] Signal 2 → shutdown
2026-03-12 14:23:15 [INFO] [supervisor.supervisor] Started gpu_monitor PID=13080
2026-03-12 14:23:16 [INFO] [supervisor.supervisor] [Supervisor] Signal 2 → shutdown
2026-03-12 14:23:16 [INFO] [supervisor.supervisor] [Supervisor] Signal 2 → shutdown
2026-03-12 14:23:16 [INFO] [supervisor.supervisor] Supervision loop ending
2026-03-12 14:23:16 [INFO] [supervisor.supervisor] [Supervisor] Shutting down all...
2026-03-12 14:23:17 [INFO] [supervisor.supervisor] [Supervisor] Shutdown complete
2026-03-12 14:39:56 [INFO] [supervisor] Logging initialised → logs\supervisor.log (level=INFO)
2026-03-12 14:39:56 [INFO] [core.config_loader] Config loaded v2.1: 3 cameras
2026-03-12 14:39:56 [INFO] [supervisor.supervisor] ============================================================
2026-03-12 14:39:56 [INFO] [supervisor.supervisor] Supervisor v2.1 — IndustrialVisionSystem
2026-03-12 14:39:56 [INFO] [supervisor.supervisor] ============================================================
2026-03-12 14:39:56 [INFO] [supervisor.supervisor] Model OK: models/best.pt
2026-03-12 14:39:56 [INFO] [supervisor.supervisor] Started camera_0 PID=316
2026-03-12 14:39:56 [INFO] [supervisor.supervisor] Started camera_1 PID=20688
2026-03-12 14:39:56 [INFO] [supervisor.supervisor] Started camera_2 PID=20148
2026-03-12 14:39:56 [INFO] [supervisor.supervisor] Started gpu_pool PID=19036 (daemon=False, spawns GPU worker children)
2026-03-12 14:39:56 [INFO] [supervisor.supervisor] Started relay PID=5440
2026-03-12 14:39:56 [INFO] [supervisor.supervisor] Started gui PID=20872
2026-03-12 14:39:56 [INFO] [supervisor.supervisor] Started gpu_monitor PID=25132
2026-03-12 14:39:56 [INFO] [supervisor.supervisor] All processes started.
2026-03-12 14:39:56 [INFO] [supervisor.supervisor] Supervision loop running
2026-03-12 14:40:27 [ERROR] [supervisor.supervisor] [camera] cam=2 ConnectionFailed: RTSP failed: rtsp://admin:password@192.168.1.103:554/stream1
2026-03-12 14:40:27 [ERROR] [supervisor.supervisor] [camera] cam=1 ConnectionFailed: RTSP failed: rtsp://admin:password@192.168.1.102:554/stream1
2026-03-12 14:40:27 [ERROR] [supervisor.supervisor] [camera] cam=0 ConnectionFailed: RTSP failed: rtsp://admin:password@192.168.1.101:554/stream1
2026-03-12 14:40:41 [ERROR] [supervisor.supervisor] [Supervisor] gui died (hb timeout) → restart
2026-03-12 14:40:41 [INFO] [supervisor.supervisor] [Supervisor] Restarting gui (#1)
2026-03-12 14:40:41 [INFO] [supervisor.supervisor] [Supervisor] gui backoff 5.0s
2026-03-12 14:40:46 [INFO] [supervisor.supervisor] Started gui PID=19020
2026-03-12 14:40:51 [ERROR] [supervisor.supervisor] [Supervisor] gui not alive → restart
2026-03-12 14:40:51 [INFO] [supervisor.supervisor] [Supervisor] Restarting gui (#2)
2026-03-12 14:40:51 [INFO] [supervisor.supervisor] [Supervisor] gui backoff 10.0s
2026-03-12 14:40:53 [INFO] [supervisor.supervisor] [Supervisor] Signal 2 → shutdown
2026-03-12 14:40:54 [INFO] [supervisor.supervisor] [Supervisor] Signal 2 → shutdown
2026-03-12 14:40:54 [INFO] [supervisor.supervisor] [Supervisor] Signal 2 → shutdown
2026-03-12 14:40:55 [INFO] [supervisor.supervisor] [Supervisor] Signal 2 → shutdown
2026-03-12 14:40:55 [INFO] [supervisor.supervisor] [Supervisor] Signal 2 → shutdown
2026-03-12 14:41:01 [INFO] [supervisor.supervisor] Started gui PID=4704
2026-03-12 14:41:01 [ERROR] [supervisor.supervisor] [Supervisor] gpu_monitor not alive → restart
2026-03-12 14:41:01 [INFO] [supervisor.supervisor] [Supervisor] Restarting gpu_monitor (#1)
2026-03-12 14:41:01 [INFO] [supervisor.supervisor] [Supervisor] gpu_monitor backoff 5.0s
2026-03-12 14:41:06 [INFO] [supervisor.supervisor] [Supervisor] Signal 2 → shutdown
2026-03-12 14:41:06 [INFO] [supervisor.supervisor] [Supervisor] Signal 2 → shutdown
2026-03-12 14:41:06 [INFO] [supervisor.supervisor] [Supervisor] Signal 2 → shutdown
2026-03-12 14:41:06 [INFO] [supervisor.supervisor] [Supervisor] Signal 2 → shutdown
2026-03-12 14:41:06 [INFO] [supervisor.supervisor] Started gpu_monitor PID=10648
2026-03-12 14:41:06 [INFO] [supervisor.supervisor] [Health] Uptime 00h01m10s
2026-03-12 14:41:06 [INFO] [supervisor.supervisor]   camera_0               alive=False restarts=0   mem=0.0MB fps=0.0
2026-03-12 14:41:06 [INFO] [supervisor.supervisor]   camera_1               alive=False restarts=0   mem=0.0MB fps=0.0
2026-03-12 14:41:06 [INFO] [supervisor.supervisor]   camera_2               alive=False restarts=0   mem=0.0MB fps=0.0
2026-03-12 14:41:06 [INFO] [supervisor.supervisor]   gpu_pool               alive=False restarts=0   mem=3274.4MB fps=0.0
2026-03-12 14:41:06 [INFO] [supervisor.supervisor]   relay                  alive=False restarts=0   mem=19.0MB fps=0.0
2026-03-12 14:41:06 [INFO] [supervisor.supervisor]   gui                    alive=False restarts=2   mem=0.0MB fps=0.0
2026-03-12 14:41:06 [INFO] [supervisor.supervisor]   gpu_monitor            alive=True  restarts=1   mem=0.0MB fps=0.0
2026-03-12 14:41:06 [INFO] [supervisor.supervisor] [Supervisor] Signal 2 → shutdown
2026-03-12 14:41:07 [INFO] [supervisor.supervisor] [Supervisor] Signal 2 → shutdown
2026-03-12 14:41:07 [INFO] [supervisor.supervisor] Supervision loop ending
2026-03-12 14:41:07 [INFO] [supervisor.supervisor] [Supervisor] Shutting down all...
2026-03-12 14:41:07 [INFO] [supervisor.supervisor] [Supervisor] Shutdown complete
2026-03-30 10:01:37 [INFO] [supervisor] Logging initialised → logs\supervisor.log (level=INFO)
2026-03-30 10:01:37 [INFO] [core.config_loader] Config loaded v2.1: 3 cameras
2026-03-30 10:01:37 [INFO] [supervisor.supervisor] ============================================================
2026-03-30 10:01:37 [INFO] [supervisor.supervisor] Supervisor v2.1 — IndustrialVisionSystem
2026-03-30 10:01:37 [INFO] [supervisor.supervisor] ============================================================
2026-03-30 10:01:37 [INFO] [supervisor.supervisor] Model OK: models/best.pt
2026-03-30 10:01:38 [INFO] [supervisor.supervisor] Started camera_0 PID=4456
2026-03-30 10:01:38 [INFO] [supervisor.supervisor] Started camera_1 PID=10928
2026-03-30 10:01:38 [INFO] [supervisor.supervisor] Started camera_2 PID=6836
2026-03-30 10:01:38 [INFO] [supervisor.supervisor] Started gpu_pool PID=3344 (daemon=False, spawns GPU worker children)
2026-03-30 10:01:38 [INFO] [supervisor.supervisor] Started relay PID=1916
2026-03-30 10:01:38 [INFO] [supervisor.supervisor] Started gui PID=9632
2026-03-30 10:01:38 [INFO] [supervisor.supervisor] Started gpu_monitor PID=10256
2026-03-30 10:01:38 [INFO] [supervisor.supervisor] All processes started.
2026-03-30 10:01:38 [INFO] [supervisor.supervisor] Supervision loop running
2026-03-30 10:01:56 [INFO] [supervisor.supervisor] [Supervisor] Signal 2 → shutdown
2026-03-30 10:01:57 [INFO] [supervisor.supervisor] [Supervisor] Signal 2 → shutdown
2026-03-30 10:01:57 [INFO] [supervisor.supervisor] Supervision loop ending
2026-03-30 10:01:57 [INFO] [supervisor.supervisor] [Supervisor] Shutting down all...
2026-03-30 10:01:57 [INFO] [supervisor.supervisor] [Supervisor] Shutdown complete
2026-03-30 10:22:03 [INFO] [supervisor] Logging initialised → logs\supervisor.log (level=INFO)
2026-03-30 10:22:03 [INFO] [core.config_loader] Config loaded v2.1: 3 cameras
2026-03-30 10:22:03 [INFO] [supervisor.supervisor] ============================================================
2026-03-30 10:22:03 [INFO] [supervisor.supervisor] Supervisor v2.1 — IndustrialVisionSystem
2026-03-30 10:22:03 [INFO] [supervisor.supervisor] ============================================================
2026-03-30 10:22:03 [INFO] [supervisor.supervisor] Model OK: models/best.pt
2026-03-30 10:22:03 [INFO] [supervisor.supervisor] Started camera_0 PID=9428
2026-03-30 10:22:03 [INFO] [supervisor.supervisor] Started camera_1 PID=12088
2026-03-30 10:22:03 [INFO] [supervisor.supervisor] Started camera_2 PID=10780
2026-03-30 10:22:03 [INFO] [supervisor.supervisor] Started gpu_pool PID=12032 (daemon=False, spawns GPU worker children)
2026-03-30 10:22:03 [INFO] [supervisor.supervisor] Started relay PID=10640
2026-03-30 10:22:03 [INFO] [supervisor.supervisor] Started gui PID=11000
2026-03-30 10:22:03 [INFO] [supervisor.supervisor] Started gpu_monitor PID=11428
2026-03-30 10:22:03 [INFO] [supervisor.supervisor] All processes started.
2026-03-30 10:22:03 [INFO] [supervisor.supervisor] Supervision loop running
2026-03-30 10:22:34 [ERROR] [supervisor.supervisor] [camera] cam=0 ConnectionFailed: RTSP failed: rtsp://admin:password@192.168.1.101:554/stream1
2026-03-30 10:22:34 [ERROR] [supervisor.supervisor] [camera] cam=1 ConnectionFailed: RTSP failed: rtsp://admin:password@192.168.1.102:554/stream1
2026-03-30 10:22:34 [ERROR] [supervisor.supervisor] [camera] cam=2 ConnectionFailed: RTSP failed: rtsp://admin:password@192.168.1.103:554/stream1
2026-03-30 10:22:38 [INFO] [supervisor.supervisor] [Supervisor] Signal 2 → shutdown
2026-03-30 10:22:38 [INFO] [supervisor.supervisor] Supervision loop ending
2026-03-30 10:22:38 [INFO] [supervisor.supervisor] [Supervisor] Shutting down all...
2026-03-30 10:22:38 [INFO] [supervisor.supervisor] [Supervisor] Shutdown complete
2026-03-30 11:05:51 [INFO] [supervisor] Logging initialised → logs\supervisor.log (level=INFO)
2026-03-30 11:05:51 [INFO] [core.config_loader] Config loaded v2.1: 3 cameras
2026-03-30 11:05:51 [INFO] [supervisor.supervisor] ============================================================
2026-03-30 11:05:51 [INFO] [supervisor.supervisor] Supervisor v2.1 — IndustrialVisionSystem
2026-03-30 11:05:51 [INFO] [supervisor.supervisor] ============================================================
2026-03-30 11:05:51 [INFO] [supervisor.supervisor] Model OK: models/best.pt
2026-03-30 11:05:51 [INFO] [supervisor.supervisor] Started camera_0 PID=12188
2026-03-30 11:05:51 [INFO] [supervisor.supervisor] Started camera_1 PID=12944
2026-03-30 11:05:51 [INFO] [supervisor.supervisor] Started camera_2 PID=6756
2026-03-30 11:05:51 [INFO] [supervisor.supervisor] Started gpu_pool PID=14324 (daemon=False, spawns GPU worker children)
2026-03-30 11:05:51 [INFO] [supervisor.supervisor] Started relay PID=12112
2026-03-30 11:05:51 [INFO] [supervisor.supervisor] Started gui PID=13024
2026-03-30 11:05:51 [INFO] [supervisor.supervisor] Started gpu_monitor PID=7672
2026-03-30 11:05:51 [INFO] [supervisor.supervisor] All processes started.
2026-03-30 11:05:51 [INFO] [supervisor.supervisor] Supervision loop running
2026-03-30 11:06:23 [ERROR] [supervisor.supervisor] [camera] cam=2 ConnectionFailed: RTSP failed: rtsp://admin:password@192.168.1.103:554/stream1
2026-03-30 11:06:23 [ERROR] [supervisor.supervisor] [camera] cam=1 ConnectionFailed: RTSP failed: rtsp://admin:password@192.168.1.102:554/stream1
2026-03-30 11:06:23 [ERROR] [supervisor.supervisor] [camera] cam=0 ConnectionFailed: RTSP failed: rtsp://admin:Pass_123@192.168.1.248:554/
2026-03-30 11:06:33 [INFO] [supervisor.supervisor] [Supervisor] Signal 2 → shutdown
2026-03-30 11:06:34 [INFO] [supervisor.supervisor] Supervision loop ending
2026-03-30 11:06:34 [INFO] [supervisor.supervisor] [Supervisor] Shutting down all...
2026-03-30 11:06:34 [INFO] [supervisor.supervisor] [Supervisor] Shutdown complete
2026-03-30 11:40:16 [INFO] [supervisor] Logging initialised → logs\supervisor.log (level=INFO)
2026-03-30 11:40:16 [INFO] [core.config_loader] Config loaded v2.1: 3 cameras
2026-03-30 11:40:16 [INFO] [supervisor.supervisor] ============================================================
2026-03-30 11:40:16 [INFO] [supervisor.supervisor] Supervisor v2.1 — IndustrialVisionSystem
2026-03-30 11:40:16 [INFO] [supervisor.supervisor] ============================================================
2026-03-30 11:40:16 [INFO] [supervisor.supervisor] Model OK: models/best.pt
2026-03-30 11:40:16 [INFO] [supervisor.supervisor] Started camera_0 PID=9140
2026-03-30 11:40:16 [INFO] [supervisor.supervisor] Started camera_1 PID=13056
2026-03-30 11:40:16 [INFO] [supervisor.supervisor] Started camera_2 PID=9300
2026-03-30 11:40:16 [INFO] [supervisor.supervisor] Started gpu_pool PID=14068 (daemon=False, spawns GPU worker children)
2026-03-30 11:40:16 [INFO] [supervisor.supervisor] Started relay PID=13956
2026-03-30 11:40:16 [INFO] [supervisor.supervisor] Started gui PID=8696
2026-03-30 11:40:16 [INFO] [supervisor.supervisor] Started gpu_monitor PID=4012
2026-03-30 11:40:16 [INFO] [supervisor.supervisor] All processes started.
2026-03-30 11:40:16 [INFO] [supervisor.supervisor] Supervision loop running
2026-03-30 11:40:48 [ERROR] [supervisor.supervisor] [camera] cam=1 ConnectionFailed: RTSP failed: rtsp://admin:Pass_123@192.168.1.249:554/
2026-03-30 11:40:48 [ERROR] [supervisor.supervisor] [camera] cam=2 ConnectionFailed: RTSP failed: rtsp://admin:password@192.168.1.103:554/stream1
2026-03-30 11:41:17 [INFO] [supervisor.supervisor] [Health] Uptime 00h01m00s
2026-03-30 11:41:17 [INFO] [supervisor.supervisor]   camera_0               alive=True  restarts=0   mem=153.4MB fps=10.7
2026-03-30 11:41:17 [INFO] [supervisor.supervisor]   camera_1               alive=True  restarts=0   mem=0.0MB fps=0.0
2026-03-30 11:41:17 [INFO] [supervisor.supervisor]   camera_2               alive=True  restarts=0   mem=0.0MB fps=0.0
2026-03-30 11:41:17 [INFO] [supervisor.supervisor]   gpu_pool               alive=False restarts=0   mem=0.0MB fps=0.0
2026-03-30 11:41:17 [INFO] [supervisor.supervisor]   relay                  alive=True  restarts=0   mem=19.0MB fps=0.0
2026-03-30 11:41:17 [INFO] [supervisor.supervisor]   gui                    alive=True  restarts=0   mem=56.4MB fps=0.0
2026-03-30 11:41:17 [INFO] [supervisor.supervisor]   gpu_monitor            alive=True  restarts=0   mem=21.6MB fps=0.0
2026-03-30 11:41:20 [ERROR] [supervisor.supervisor] [camera] cam=2 ConnectionFailed: RTSP failed: rtsp://admin:password@192.168.1.103:554/stream1
2026-03-30 11:41:20 [ERROR] [supervisor.supervisor] [camera] cam=1 ConnectionFailed: RTSP failed: rtsp://admin:Pass_123@192.168.1.249:554/
2026-03-30 11:41:54 [ERROR] [supervisor.supervisor] [camera] cam=1 ConnectionFailed: RTSP failed: rtsp://admin:Pass_123@192.168.1.249:554/
2026-03-30 11:41:54 [ERROR] [supervisor.supervisor] [camera] cam=2 ConnectionFailed: RTSP failed: rtsp://admin:password@192.168.1.103:554/stream1
2026-03-30 11:42:18 [INFO] [supervisor.supervisor] [Health] Uptime 00h02m01s
2026-03-30 11:42:18 [INFO] [supervisor.supervisor]   camera_0               alive=True  restarts=0   mem=156.2MB fps=10.7
2026-03-30 11:42:18 [INFO] [supervisor.supervisor]   camera_1               alive=True  restarts=0   mem=0.0MB fps=0.0
2026-03-30 11:42:18 [INFO] [supervisor.supervisor]   camera_2               alive=True  restarts=0   mem=0.0MB fps=0.0
2026-03-30 11:42:18 [INFO] [supervisor.supervisor]   gpu_pool               alive=False restarts=0   mem=0.0MB fps=0.0
2026-03-30 11:42:18 [INFO] [supervisor.supervisor]   relay                  alive=True  restarts=0   mem=19.0MB fps=0.0
2026-03-30 11:42:18 [INFO] [supervisor.supervisor]   gui                    alive=True  restarts=0   mem=56.4MB fps=0.0
2026-03-30 11:42:18 [INFO] [supervisor.supervisor]   gpu_monitor            alive=True  restarts=0   mem=21.6MB fps=0.0
2026-03-30 11:42:32 [ERROR] [supervisor.supervisor] [Supervisor] gpu_pool not alive → restart
2026-03-30 11:42:32 [INFO] [supervisor.supervisor] [Supervisor] Restarting gpu_pool (#1)
2026-03-30 11:42:32 [INFO] [supervisor.supervisor] [Supervisor] gpu_pool backoff 5.0s
2026-03-30 11:42:37 [INFO] [supervisor.supervisor] Started gpu_pool PID=12200 (daemon=False, spawns GPU worker children)
2026-03-30 11:42:38 [ERROR] [supervisor.supervisor] [camera] cam=2 ConnectionFailed: RTSP failed: rtsp://admin:password@192.168.1.103:554/stream1
2026-03-30 11:42:38 [ERROR] [supervisor.supervisor] [camera] cam=1 ConnectionFailed: RTSP failed: rtsp://admin:Pass_123@192.168.1.249:554/
2026-03-30 11:42:38 [INFO] [supervisor.supervisor] [Supervisor] Detection STARTED by operator
2026-03-30 11:42:38 [ERROR] [supervisor.supervisor] [Supervisor] gpu_pool not alive → restart
2026-03-30 11:42:38 [INFO] [supervisor.supervisor] [Supervisor] Restarting gpu_pool (#2)
2026-03-30 11:42:38 [INFO] [supervisor.supervisor] [Supervisor] gpu_pool backoff 10.0s
2026-03-30 11:42:48 [INFO] [supervisor.supervisor] Started gpu_pool PID=13228 (daemon=False, spawns GPU worker children)
2026-03-30 11:42:49 [ERROR] [supervisor.supervisor] [Supervisor] gpu_pool not alive → restart
2026-03-30 11:42:49 [INFO] [supervisor.supervisor] [Supervisor] Restarting gpu_pool (#3)
2026-03-30 11:42:49 [INFO] [supervisor.supervisor] [Supervisor] gpu_pool backoff 15.0s
2026-03-30 11:43:04 [INFO] [supervisor.supervisor] Started gpu_pool PID=12676 (daemon=False, spawns GPU worker children)
2026-03-30 11:43:05 [ERROR] [supervisor.supervisor] [Supervisor] gpu_pool not alive → restart
2026-03-30 11:43:05 [INFO] [supervisor.supervisor] [Supervisor] Restarting gpu_pool (#4)
2026-03-30 11:43:05 [INFO] [supervisor.supervisor] [Supervisor] gpu_pool backoff 20.0s
2026-03-30 11:43:25 [INFO] [supervisor.supervisor] Started gpu_pool PID=10748 (daemon=False, spawns GPU worker children)
2026-03-30 11:43:25 [INFO] [supervisor.supervisor] [Health] Uptime 00h03m08s
2026-03-30 11:43:25 [INFO] [supervisor.supervisor]   camera_0               alive=True  restarts=0   mem=156.6MB fps=10.7
2026-03-30 11:43:25 [INFO] [supervisor.supervisor]   camera_1               alive=True  restarts=0   mem=0.0MB fps=0.0
2026-03-30 11:43:25 [INFO] [supervisor.supervisor]   camera_2               alive=True  restarts=0   mem=0.0MB fps=0.0
2026-03-30 11:43:25 [INFO] [supervisor.supervisor]   gpu_pool               alive=True  restarts=4   mem=0.0MB fps=0.0
2026-03-30 11:43:25 [INFO] [supervisor.supervisor]   relay                  alive=True  restarts=0   mem=19.0MB fps=0.0
2026-03-30 11:43:25 [INFO] [supervisor.supervisor]   gui                    alive=True  restarts=0   mem=56.7MB fps=0.0
2026-03-30 11:43:25 [INFO] [supervisor.supervisor]   gpu_monitor            alive=True  restarts=0   mem=21.6MB fps=0.0
2026-03-30 11:43:26 [ERROR] [supervisor.supervisor] [camera] cam=2 ConnectionFailed: RTSP failed: rtsp://admin:password@192.168.1.103:554/stream1
2026-03-30 11:43:26 [ERROR] [supervisor.supervisor] [camera] cam=1 ConnectionFailed: RTSP failed: rtsp://admin:Pass_123@192.168.1.249:554/
2026-03-30 11:43:26 [INFO] [supervisor.supervisor] [Supervisor] Detection PAUSED by operator
2026-03-30 11:43:26 [ERROR] [supervisor.supervisor] [Supervisor] gpu_pool not alive → restart
2026-03-30 11:43:26 [INFO] [supervisor.supervisor] [Supervisor] Restarting gpu_pool (#5)
2026-03-30 11:43:26 [INFO] [supervisor.supervisor] [Supervisor] gpu_pool backoff 25.0s
2026-03-30 11:43:51 [INFO] [supervisor.supervisor] Started gpu_pool PID=9996 (daemon=False, spawns GPU worker children)
2026-03-30 11:43:52 [ERROR] [supervisor.supervisor] [Supervisor] gpu_pool not alive → restart
2026-03-30 11:43:52 [INFO] [supervisor.supervisor] [Supervisor] Restarting gpu_pool (#6)
2026-03-30 11:43:52 [CRITICAL] [supervisor.supervisor] [Supervisor] gpu_pool STORM GUARD TRIPPED — 5 restarts in 120s. Stopping restart attempts. Fix config and restart supervisor.
2026-03-30 11:44:16 [INFO] [supervisor.supervisor] [Supervisor] Signal 2 → shutdown
2026-03-30 11:44:17 [INFO] [supervisor.supervisor] Supervision loop ending
2026-03-30 11:44:17 [INFO] [supervisor.supervisor] [Supervisor] Shutting down all...
2026-03-30 11:44:17 [INFO] [supervisor.supervisor] [Supervisor] Shutdown complete
2026-03-30 11:44:25 [INFO] [supervisor] Logging initialised → logs\supervisor.log (level=INFO)
2026-03-30 11:44:25 [INFO] [core.config_loader] Config loaded v2.1: 3 cameras
2026-03-30 11:44:25 [INFO] [supervisor.supervisor] ============================================================
2026-03-30 11:44:25 [INFO] [supervisor.supervisor] Supervisor v2.1 — IndustrialVisionSystem
2026-03-30 11:44:25 [INFO] [supervisor.supervisor] ============================================================
2026-03-30 11:44:25 [INFO] [supervisor.supervisor] Model OK: models/best.pt
2026-03-30 11:44:25 [INFO] [supervisor.supervisor] Started camera_0 PID=13720
2026-03-30 11:44:25 [INFO] [supervisor.supervisor] Started camera_1 PID=14068
2026-03-30 11:44:25 [INFO] [supervisor.supervisor] Started camera_2 PID=9148
2026-03-30 11:44:25 [INFO] [supervisor.supervisor] Started gpu_pool PID=8708 (daemon=False, spawns GPU worker children)
2026-03-30 11:44:25 [INFO] [supervisor.supervisor] Started relay PID=10116
2026-03-30 11:44:25 [INFO] [supervisor.supervisor] Started gui PID=12040
2026-03-30 11:44:25 [INFO] [supervisor.supervisor] Started gpu_monitor PID=4652
2026-03-30 11:44:25 [INFO] [supervisor.supervisor] All processes started.
2026-03-30 11:44:25 [INFO] [supervisor.supervisor] Supervision loop running
2026-03-30 11:44:56 [ERROR] [supervisor.supervisor] [camera] cam=2 ConnectionFailed: RTSP failed: rtsp://admin:password@192.168.1.103:554/
2026-03-30 11:44:56 [ERROR] [supervisor.supervisor] [camera] cam=1 ConnectionFailed: RTSP failed: rtsp://admin:Pass_123@192.168.1.249:554/
2026-03-30 11:45:25 [INFO] [supervisor.supervisor] [Health] Uptime 00h01m00s
2026-03-30 11:45:25 [INFO] [supervisor.supervisor]   camera_0               alive=True  restarts=0   mem=153.8MB fps=10.8
2026-03-30 11:45:25 [INFO] [supervisor.supervisor]   camera_1               alive=True  restarts=0   mem=0.0MB fps=0.0
2026-03-30 11:45:25 [INFO] [supervisor.supervisor]   camera_2               alive=True  restarts=0   mem=0.0MB fps=0.0
2026-03-30 11:45:25 [INFO] [supervisor.supervisor]   gpu_pool               alive=False restarts=0   mem=0.0MB fps=0.0
2026-03-30 11:45:25 [INFO] [supervisor.supervisor]   relay                  alive=True  restarts=0   mem=19.0MB fps=0.0
2026-03-30 11:45:25 [INFO] [supervisor.supervisor]   gui                    alive=True  restarts=0   mem=56.3MB fps=0.0
2026-03-30 11:45:25 [INFO] [supervisor.supervisor]   gpu_monitor            alive=True  restarts=0   mem=21.6MB fps=0.0
2026-03-30 11:45:28 [ERROR] [supervisor.supervisor] [camera] cam=2 ConnectionFailed: RTSP failed: rtsp://admin:password@192.168.1.103:554/
2026-03-30 11:45:28 [ERROR] [supervisor.supervisor] [camera] cam=1 ConnectionFailed: RTSP failed: rtsp://admin:Pass_123@192.168.1.249:554/
2026-03-30 11:45:51 [INFO] [supervisor.supervisor] [Supervisor] Signal 2 → shutdown
2026-03-30 11:45:52 [INFO] [supervisor.supervisor] Supervision loop ending
2026-03-30 11:45:52 [INFO] [supervisor.supervisor] [Supervisor] Shutting down all...
2026-03-30 11:45:52 [INFO] [supervisor.supervisor] [Supervisor] Shutdown complete
2026-03-30 11:46:42 [INFO] [supervisor] Logging initialised → logs\supervisor.log (level=INFO)
2026-03-30 11:46:42 [INFO] [core.config_loader] Config loaded v2.1: 3 cameras
2026-03-30 11:46:42 [INFO] [supervisor.supervisor] ============================================================
2026-03-30 11:46:42 [INFO] [supervisor.supervisor] Supervisor v2.1 — IndustrialVisionSystem
2026-03-30 11:46:42 [INFO] [supervisor.supervisor] ============================================================
2026-03-30 11:46:42 [INFO] [supervisor.supervisor] Model OK: models/best.pt
2026-03-30 11:46:42 [INFO] [supervisor.supervisor] Started camera_0 PID=4952
2026-03-30 11:46:42 [INFO] [supervisor.supervisor] Started camera_1 PID=11288
2026-03-30 11:46:42 [INFO] [supervisor.supervisor] Started camera_2 PID=11088
2026-03-30 11:46:42 [INFO] [supervisor.supervisor] Started gpu_pool PID=11308 (daemon=False, spawns GPU worker children)
2026-03-30 11:46:42 [INFO] [supervisor.supervisor] Started relay PID=13168
2026-03-30 11:46:42 [INFO] [supervisor.supervisor] Started gui PID=3292
2026-03-30 11:46:42 [INFO] [supervisor.supervisor] Started gpu_monitor PID=10768
2026-03-30 11:46:42 [INFO] [supervisor.supervisor] All processes started.
2026-03-30 11:46:42 [INFO] [supervisor.supervisor] Supervision loop running
2026-03-30 11:46:44 [ERROR] [supervisor.supervisor] [camera] cam=1 ConnectionFailed: RTSP failed: rtsp://admin:Pass_123@192.168.1.249:554/
2026-03-30 11:46:46 [ERROR] [supervisor.supervisor] [camera] cam=1 ConnectionFailed: RTSP failed: rtsp://admin:Pass_123@192.168.1.249:554/
2026-03-30 11:46:51 [ERROR] [supervisor.supervisor] [camera] cam=1 ConnectionFailed: RTSP failed: rtsp://admin:Pass_123@192.168.1.249:554/
2026-03-30 11:46:59 [ERROR] [supervisor.supervisor] [camera] cam=1 ConnectionFailed: RTSP failed: rtsp://admin:Pass_123@192.168.1.249:554/
2026-03-30 11:47:13 [ERROR] [supervisor.supervisor] [camera] cam=2 ConnectionFailed: RTSP failed: rtsp://admin:password@192.168.1.103:554/
2026-03-30 11:47:16 [ERROR] [supervisor.supervisor] [camera] cam=1 ConnectionFailed: RTSP failed: rtsp://admin:Pass_123@192.168.1.249:554/
2026-03-30 11:47:27 [ERROR] [supervisor.supervisor] [Supervisor] gui died (hb timeout) → restart
2026-03-30 11:47:27 [INFO] [supervisor.supervisor] [Supervisor] Restarting gui (#1)
2026-03-30 11:47:27 [INFO] [supervisor.supervisor] [Supervisor] gui backoff 5.0s
2026-03-30 11:47:32 [INFO] [supervisor.supervisor] Started gui PID=14012
2026-03-30 11:47:43 [INFO] [supervisor.supervisor] [Health] Uptime 00h01m00s
2026-03-30 11:47:43 [INFO] [supervisor.supervisor]   camera_0               alive=True  restarts=0   mem=154.7MB fps=10.7
2026-03-30 11:47:43 [INFO] [supervisor.supervisor]   camera_1               alive=True  restarts=0   mem=0.0MB fps=0.0
2026-03-30 11:47:43 [INFO] [supervisor.supervisor]   camera_2               alive=True  restarts=0   mem=0.0MB fps=0.0
2026-03-30 11:47:43 [INFO] [supervisor.supervisor]   gpu_pool               alive=False restarts=0   mem=0.0MB fps=0.0
2026-03-30 11:47:43 [INFO] [supervisor.supervisor]   relay                  alive=True  restarts=0   mem=19.0MB fps=0.0
2026-03-30 11:47:43 [INFO] [supervisor.supervisor]   gui                    alive=True  restarts=1   mem=55.5MB fps=0.0
2026-03-30 11:47:43 [INFO] [supervisor.supervisor]   gpu_monitor            alive=True  restarts=0   mem=21.6MB fps=0.0
2026-03-30 11:47:46 [ERROR] [supervisor.supervisor] [camera] cam=2 ConnectionFailed: RTSP failed: rtsp://admin:password@192.168.1.103:554/
2026-03-30 11:47:49 [ERROR] [supervisor.supervisor] [camera] cam=1 ConnectionFailed: RTSP failed: rtsp://admin:Pass_123@192.168.1.249:554/
2026-03-30 11:47:58 [INFO] [supervisor.supervisor] [Supervisor] Signal 2 → shutdown
2026-03-30 11:47:59 [INFO] [supervisor.supervisor] Supervision loop ending
2026-03-30 11:47:59 [INFO] [supervisor.supervisor] [Supervisor] Shutting down all...
2026-03-30 11:47:59 [INFO] [supervisor.supervisor] [Supervisor] Shutdown complete
2026-03-30 12:30:22 [INFO] [supervisor] Logging initialised → logs\supervisor.log (level=INFO)
2026-03-30 12:30:22 [INFO] [core.config_loader] Config loaded v2.1: 3 cameras
2026-03-30 12:30:22 [INFO] [supervisor.supervisor] ============================================================
2026-03-30 12:30:22 [INFO] [supervisor.supervisor] Supervisor v2.1 — IndustrialVisionSystem
2026-03-30 12:30:22 [INFO] [supervisor.supervisor] ============================================================
2026-03-30 12:30:22 [INFO] [supervisor.supervisor] Model OK: models/best.pt
2026-03-30 12:30:22 [INFO] [supervisor.supervisor] Started camera_0 PID=5440
2026-03-30 12:30:22 [INFO] [supervisor.supervisor] Started camera_1 PID=6164
2026-03-30 12:30:22 [INFO] [supervisor.supervisor] Started camera_2 PID=14220
2026-03-30 12:30:22 [INFO] [supervisor.supervisor] Started gpu_pool PID=11144 (daemon=False, spawns GPU worker children)
2026-03-30 12:30:22 [INFO] [supervisor.supervisor] Started relay PID=8604
2026-03-30 12:30:22 [INFO] [supervisor.supervisor] Started gui PID=2908
2026-03-30 12:30:22 [INFO] [supervisor.supervisor] Started gpu_monitor PID=3700
2026-03-30 12:30:22 [INFO] [supervisor.supervisor] All processes started.
2026-03-30 12:30:22 [INFO] [supervisor.supervisor] Supervision loop running
2026-03-30 12:30:54 [ERROR] [supervisor.supervisor] [camera] cam=2 ConnectionFailed: RTSP failed: rtsp://admin:password@192.168.1.103:554/
2026-03-30 12:31:23 [INFO] [supervisor.supervisor] [Health] Uptime 00h01m00s
2026-03-30 12:31:23 [INFO] [supervisor.supervisor]   camera_0               alive=True  restarts=0   mem=155.2MB fps=10.6
2026-03-30 12:31:23 [INFO] [supervisor.supervisor]   camera_1               alive=True  restarts=0   mem=155.1MB fps=10.7
2026-03-30 12:31:23 [INFO] [supervisor.supervisor]   camera_2               alive=True  restarts=0   mem=0.0MB fps=0.0
2026-03-30 12:31:23 [INFO] [supervisor.supervisor]   gpu_pool               alive=False restarts=0   mem=0.0MB fps=0.0
2026-03-30 12:31:23 [INFO] [supervisor.supervisor]   relay                  alive=True  restarts=0   mem=19.1MB fps=0.0
2026-03-30 12:31:23 [INFO] [supervisor.supervisor]   gui                    alive=True  restarts=0   mem=63.8MB fps=0.0
2026-03-30 12:31:23 [INFO] [supervisor.supervisor]   gpu_monitor            alive=True  restarts=0   mem=21.6MB fps=0.0
2026-03-30 12:31:26 [ERROR] [supervisor.supervisor] [camera] cam=2 ConnectionFailed: RTSP failed: rtsp://admin:password@192.168.1.103:554/
2026-03-30 12:31:27 [INFO] [supervisor.supervisor] [Supervisor] Detection STARTED by operator
2026-03-30 12:32:00 [ERROR] [supervisor.supervisor] [camera] cam=2 ConnectionFailed: RTSP failed: rtsp://admin:password@192.168.1.103:554/
2026-03-30 12:32:06 [INFO] [supervisor.supervisor] [Supervisor] Detection PAUSED by operator
2026-03-30 12:32:12 [INFO] [supervisor.supervisor] [Supervisor] Signal 2 → shutdown
2026-03-30 12:32:13 [INFO] [supervisor.supervisor] Supervision loop ending
2026-03-30 12:32:13 [INFO] [supervisor.supervisor] [Supervisor] Shutting down all...
2026-03-30 12:32:13 [INFO] [supervisor.supervisor] [Supervisor] Shutdown complete
2026-03-30 12:35:26 [INFO] [supervisor] Logging initialised → logs\supervisor.log (level=INFO)
2026-03-30 12:35:26 [INFO] [core.config_loader] Config loaded v2.1: 3 cameras
2026-03-30 12:35:26 [INFO] [supervisor.supervisor] ============================================================
2026-03-30 12:35:26 [INFO] [supervisor.supervisor] Supervisor v2.1 — IndustrialVisionSystem
2026-03-30 12:35:26 [INFO] [supervisor.supervisor] ============================================================
2026-03-30 12:35:26 [INFO] [supervisor.supervisor] Model OK: models/best.pt
2026-03-30 12:35:26 [INFO] [supervisor.supervisor] Started camera_0 PID=12200
2026-03-30 12:35:26 [INFO] [supervisor.supervisor] Started camera_1 PID=13656
2026-03-30 12:35:26 [INFO] [supervisor.supervisor] Started camera_2 PID=4820
2026-03-30 12:35:26 [INFO] [supervisor.supervisor] Started gpu_pool PID=13236 (daemon=False, spawns GPU worker children)
2026-03-30 12:35:26 [INFO] [supervisor.supervisor] Started relay PID=11660
2026-03-30 12:35:26 [INFO] [supervisor.supervisor] Started gui PID=6792
2026-03-30 12:35:26 [INFO] [supervisor.supervisor] Started gpu_monitor PID=5032
2026-03-30 12:35:26 [INFO] [supervisor.supervisor] All processes started.
2026-03-30 12:35:26 [INFO] [supervisor.supervisor] Supervision loop running
2026-03-30 12:35:57 [ERROR] [supervisor.supervisor] [camera] cam=2 ConnectionFailed: RTSP failed: rtsp://admin:password@192.168.1.103:554/
2026-03-30 12:36:27 [INFO] [supervisor.supervisor] [Health] Uptime 00h01m00s
2026-03-30 12:36:27 [INFO] [supervisor.supervisor]   camera_0               alive=True  restarts=0   mem=153.5MB fps=10.7
2026-03-30 12:36:27 [INFO] [supervisor.supervisor]   camera_1               alive=True  restarts=0   mem=154.4MB fps=10.7
2026-03-30 12:36:27 [INFO] [supervisor.supervisor]   camera_2               alive=True  restarts=0   mem=0.0MB fps=0.0
2026-03-30 12:36:27 [INFO] [supervisor.supervisor]   gpu_pool               alive=False restarts=0   mem=0.0MB fps=0.0
2026-03-30 12:36:27 [INFO] [supervisor.supervisor]   relay                  alive=True  restarts=0   mem=19.0MB fps=0.0
2026-03-30 12:36:27 [INFO] [supervisor.supervisor]   gui                    alive=True  restarts=0   mem=61.9MB fps=0.0
2026-03-30 12:36:27 [INFO] [supervisor.supervisor]   gpu_monitor            alive=True  restarts=0   mem=21.5MB fps=0.0
2026-03-30 12:36:30 [ERROR] [supervisor.supervisor] [camera] cam=2 ConnectionFailed: RTSP failed: rtsp://admin:password@192.168.1.103:554/
2026-03-30 12:37:04 [ERROR] [supervisor.supervisor] [camera] cam=2 ConnectionFailed: RTSP failed: rtsp://admin:password@192.168.1.103:554/
2026-03-30 12:37:28 [INFO] [supervisor.supervisor] [Health] Uptime 00h02m01s
2026-03-30 12:37:28 [INFO] [supervisor.supervisor]   camera_0               alive=True  restarts=0   mem=156.1MB fps=10.7
2026-03-30 12:37:28 [INFO] [supervisor.supervisor]   camera_1               alive=True  restarts=0   mem=155.1MB fps=10.7
2026-03-30 12:37:28 [INFO] [supervisor.supervisor]   camera_2               alive=True  restarts=0   mem=0.0MB fps=0.0
2026-03-30 12:37:28 [INFO] [supervisor.supervisor]   gpu_pool               alive=False restarts=0   mem=0.0MB fps=0.0
2026-03-30 12:37:28 [INFO] [supervisor.supervisor]   relay                  alive=True  restarts=0   mem=18.9MB fps=0.0
2026-03-30 12:37:28 [INFO] [supervisor.supervisor]   gui                    alive=True  restarts=0   mem=62.0MB fps=0.0
2026-03-30 12:37:28 [INFO] [supervisor.supervisor]   gpu_monitor            alive=True  restarts=0   mem=21.5MB fps=0.0
2026-03-30 12:37:42 [ERROR] [supervisor.supervisor] [Supervisor] gpu_pool not alive → restart
2026-03-30 12:37:42 [INFO] [supervisor.supervisor] [Supervisor] Restarting gpu_pool (#1)
2026-03-30 12:37:42 [INFO] [supervisor.supervisor] [Supervisor] gpu_pool backoff 5.0s
2026-03-30 12:37:47 [INFO] [supervisor.supervisor] Started gpu_pool PID=10960 (daemon=False, spawns GPU worker children)
2026-03-30 12:37:48 [ERROR] [supervisor.supervisor] [camera] cam=2 ConnectionFailed: RTSP failed: rtsp://admin:password@192.168.1.103:554/
2026-03-30 12:37:48 [ERROR] [supervisor.supervisor] [Supervisor] gpu_pool not alive → restart
2026-03-30 12:37:48 [INFO] [supervisor.supervisor] [Supervisor] Restarting gpu_pool (#2)
2026-03-30 12:37:48 [INFO] [supervisor.supervisor] [Supervisor] gpu_pool backoff 10.0s
2026-03-30 12:37:58 [INFO] [supervisor.supervisor] Started gpu_pool PID=1528 (daemon=False, spawns GPU worker children)
2026-03-30 12:37:59 [ERROR] [supervisor.supervisor] [Supervisor] gpu_pool not alive → restart
2026-03-30 12:37:59 [INFO] [supervisor.supervisor] [Supervisor] Restarting gpu_pool (#3)
2026-03-30 12:37:59 [INFO] [supervisor.supervisor] [Supervisor] gpu_pool backoff 15.0s
2026-03-30 12:38:14 [INFO] [supervisor.supervisor] Started gpu_pool PID=13512 (daemon=False, spawns GPU worker children)
2026-03-30 12:38:15 [ERROR] [supervisor.supervisor] [Supervisor] gpu_pool not alive → restart
2026-03-30 12:38:15 [INFO] [supervisor.supervisor] [Supervisor] Restarting gpu_pool (#4)
2026-03-30 12:38:15 [INFO] [supervisor.supervisor] [Supervisor] gpu_pool backoff 20.0s
2026-03-30 12:38:35 [INFO] [supervisor.supervisor] Started gpu_pool PID=11220 (daemon=False, spawns GPU worker children)
2026-03-30 12:38:35 [INFO] [supervisor.supervisor] [Health] Uptime 00h03m09s
2026-03-30 12:38:35 [INFO] [supervisor.supervisor]   camera_0               alive=True  restarts=0   mem=156.1MB fps=10.7
2026-03-30 12:38:35 [INFO] [supervisor.supervisor]   camera_1               alive=True  restarts=0   mem=155.5MB fps=10.7
2026-03-30 12:38:35 [INFO] [supervisor.supervisor]   camera_2               alive=True  restarts=0   mem=0.0MB fps=0.0
2026-03-30 12:38:35 [INFO] [supervisor.supervisor]   gpu_pool               alive=True  restarts=4   mem=0.0MB fps=0.0
2026-03-30 12:38:35 [INFO] [supervisor.supervisor]   relay                  alive=True  restarts=0   mem=18.9MB fps=0.0
2026-03-30 12:38:35 [INFO] [supervisor.supervisor]   gui                    alive=True  restarts=0   mem=62.5MB fps=0.0
2026-03-30 12:38:35 [INFO] [supervisor.supervisor]   gpu_monitor            alive=True  restarts=0   mem=21.5MB fps=0.0
2026-03-30 12:38:36 [ERROR] [supervisor.supervisor] [camera] cam=2 ConnectionFailed: RTSP failed: rtsp://admin:password@192.168.1.103:554/
2026-03-30 12:38:36 [ERROR] [supervisor.supervisor] [Supervisor] gpu_pool not alive → restart
2026-03-30 12:38:36 [INFO] [supervisor.supervisor] [Supervisor] Restarting gpu_pool (#5)
2026-03-30 12:38:36 [INFO] [supervisor.supervisor] [Supervisor] gpu_pool backoff 25.0s
2026-03-30 12:39:01 [INFO] [supervisor.supervisor] Started gpu_pool PID=8500 (daemon=False, spawns GPU worker children)
2026-03-30 12:39:02 [ERROR] [supervisor.supervisor] [Supervisor] gpu_pool not alive → restart
2026-03-30 12:39:02 [INFO] [supervisor.supervisor] [Supervisor] Restarting gpu_pool (#6)
2026-03-30 12:39:02 [CRITICAL] [supervisor.supervisor] [Supervisor] gpu_pool STORM GUARD TRIPPED — 5 restarts in 120s. Stopping restart attempts. Fix config and restart supervisor.
2026-03-30 12:39:23 [INFO] [supervisor.supervisor] [Supervisor] Signal 2 → shutdown
2026-03-30 12:39:23 [INFO] [supervisor.supervisor] Supervision loop ending
2026-03-30 12:39:23 [INFO] [supervisor.supervisor] [Supervisor] Shutting down all...
2026-03-30 12:39:23 [INFO] [supervisor.supervisor] [Supervisor] Shutdown complete
2026-03-30 19:20:16 [INFO] [supervisor] Logging initialised → logs\supervisor.log (level=INFO)
2026-03-30 19:20:16 [INFO] [core.config_loader] Config loaded v2.1: 3 cameras
2026-03-30 19:20:16 [INFO] [supervisor.supervisor] ============================================================
2026-03-30 19:20:16 [INFO] [supervisor.supervisor] Supervisor v2.1 — IndustrialVisionSystem
2026-03-30 19:20:16 [INFO] [supervisor.supervisor] ============================================================
2026-03-30 19:20:16 [INFO] [supervisor.supervisor] Model OK: models/best.pt
2026-03-30 19:20:16 [INFO] [supervisor.supervisor] Started camera_0 PID=5296
2026-03-30 19:20:16 [INFO] [supervisor.supervisor] Started camera_1 PID=10292
2026-03-30 19:20:16 [INFO] [supervisor.supervisor] Started camera_2 PID=5868
2026-03-30 19:20:16 [INFO] [supervisor.supervisor] Started gpu_pool PID=3684 (daemon=False, spawns GPU worker children)
2026-03-30 19:20:16 [INFO] [supervisor.supervisor] Started relay PID=9492
2026-03-30 19:20:16 [INFO] [supervisor.supervisor] Started gui PID=3892
2026-03-30 19:20:16 [INFO] [supervisor.supervisor] Started gpu_monitor PID=7796
2026-03-30 19:20:16 [INFO] [supervisor.supervisor] All processes started.
2026-03-30 19:20:16 [INFO] [supervisor.supervisor] Supervision loop running
2026-03-30 19:20:47 [ERROR] [supervisor.supervisor] [camera] cam=2 ConnectionFailed: RTSP failed: rtsp://admin:password@192.168.1.103:554/
2026-03-30 19:21:17 [INFO] [supervisor.supervisor] [Health] Uptime 00h01m00s
2026-03-30 19:21:17 [INFO] [supervisor.supervisor]   camera_0               alive=True  restarts=0   mem=153.8MB fps=10.7
2026-03-30 19:21:17 [INFO] [supervisor.supervisor]   camera_1               alive=True  restarts=0   mem=153.1MB fps=10.8
2026-03-30 19:21:17 [INFO] [supervisor.supervisor]   camera_2               alive=True  restarts=0   mem=0.0MB fps=0.0
2026-03-30 19:21:17 [INFO] [supervisor.supervisor]   gpu_pool               alive=True  restarts=0   mem=313.3MB fps=0.0
2026-03-30 19:21:17 [INFO] [supervisor.supervisor]   relay                  alive=True  restarts=0   mem=19.1MB fps=0.0
2026-03-30 19:21:17 [INFO] [supervisor.supervisor]   gui                    alive=True  restarts=0   mem=61.9MB fps=0.0
2026-03-30 19:21:17 [INFO] [supervisor.supervisor]   gpu_monitor            alive=True  restarts=0   mem=21.5MB fps=0.0
2026-03-30 19:21:20 [ERROR] [supervisor.supervisor] [camera] cam=2 ConnectionFailed: RTSP failed: rtsp://admin:password@192.168.1.103:554/
2026-03-30 19:21:55 [ERROR] [supervisor.supervisor] [camera] cam=2 ConnectionFailed: RTSP failed: rtsp://admin:password@192.168.1.103:554/
2026-03-30 19:22:17 [INFO] [supervisor.supervisor] [Health] Uptime 00h02m01s
2026-03-30 19:22:17 [INFO] [supervisor.supervisor]   camera_0               alive=True  restarts=0   mem=154.7MB fps=10.7
2026-03-30 19:22:17 [INFO] [supervisor.supervisor]   camera_1               alive=True  restarts=0   mem=155.3MB fps=10.7
2026-03-30 19:22:17 [INFO] [supervisor.supervisor]   camera_2               alive=True  restarts=0   mem=0.0MB fps=0.0
2026-03-30 19:22:17 [INFO] [supervisor.supervisor]   gpu_pool               alive=True  restarts=0   mem=313.2MB fps=0.0
2026-03-30 19:22:17 [INFO] [supervisor.supervisor]   relay                  alive=True  restarts=0   mem=19.0MB fps=0.0
2026-03-30 19:22:17 [INFO] [supervisor.supervisor]   gui                    alive=True  restarts=0   mem=62.2MB fps=0.0
2026-03-30 19:22:17 [INFO] [supervisor.supervisor]   gpu_monitor            alive=True  restarts=0   mem=21.5MB fps=0.0
2026-03-30 19:22:33 [ERROR] [supervisor.supervisor] [camera] cam=2 ConnectionFailed: RTSP failed: rtsp://admin:password@192.168.1.103:554/
2026-03-30 19:23:13 [INFO] [supervisor.supervisor] [Supervisor] Signal 2 → shutdown
2026-03-30 19:23:13 [INFO] [supervisor.supervisor] Supervision loop ending
2026-03-30 19:23:13 [INFO] [supervisor.supervisor] [Supervisor] Shutting down all...
2026-03-30 19:23:13 [INFO] [supervisor.supervisor] [Supervisor] Shutdown complete
2026-03-30 19:40:35 [INFO] [supervisor] Logging initialised → logs\supervisor.log (level=INFO)
2026-03-30 19:40:35 [INFO] [core.config_loader] Config loaded v2.1: 3 cameras
2026-03-30 19:40:35 [INFO] [supervisor.supervisor] ============================================================
2026-03-30 19:40:35 [INFO] [supervisor.supervisor] Supervisor v2.1 — IndustrialVisionSystem
2026-03-30 19:40:35 [INFO] [supervisor.supervisor] ============================================================
2026-03-30 19:40:35 [INFO] [supervisor.supervisor] Model OK: models/best.pt
2026-03-30 19:40:35 [INFO] [supervisor.supervisor] Started camera_0 PID=4760
2026-03-30 19:40:35 [INFO] [supervisor.supervisor] Started camera_1 PID=2916
2026-03-30 19:40:35 [INFO] [supervisor.supervisor] Started camera_2 PID=7644
2026-03-30 19:40:35 [INFO] [supervisor.supervisor] Started gpu_pool PID=9100 (daemon=False, spawns GPU worker children)
2026-03-30 19:40:35 [INFO] [supervisor.supervisor] Started relay PID=5772
2026-03-30 19:40:35 [INFO] [supervisor.supervisor] Started gui PID=6720
2026-03-30 19:40:35 [INFO] [supervisor.supervisor] Started gpu_monitor PID=1952
2026-03-30 19:40:35 [INFO] [supervisor.supervisor] All processes started.
2026-03-30 19:40:35 [INFO] [supervisor.supervisor] Supervision loop running
2026-03-30 19:40:51 [INFO] [supervisor.supervisor] [Supervisor] Detection STARTED by operator
2026-03-30 19:41:06 [ERROR] [supervisor.supervisor] [camera] cam=2 ConnectionFailed: RTSP failed: rtsp://admin:password@192.168.1.103:554/
2026-03-30 19:41:17 [INFO] [supervisor.supervisor] [Supervisor] Signal 2 → shutdown
2026-03-30 19:41:18 [INFO] [supervisor.supervisor] Supervision loop ending
2026-03-30 19:41:18 [INFO] [supervisor.supervisor] [Supervisor] Shutting down all...
2026-03-30 19:41:18 [INFO] [supervisor.supervisor] [Supervisor] Shutdown complete
2026-03-30 19:41:36 [INFO] [supervisor] Logging initialised → logs\supervisor.log (level=INFO)
2026-03-30 19:41:36 [INFO] [core.config_loader] Config loaded v2.1: 3 cameras
2026-03-30 19:41:36 [INFO] [supervisor.supervisor] ============================================================
2026-03-30 19:41:36 [INFO] [supervisor.supervisor] Supervisor v2.1 — IndustrialVisionSystem
2026-03-30 19:41:36 [INFO] [supervisor.supervisor] ============================================================
2026-03-30 19:41:36 [INFO] [supervisor.supervisor] Model OK: models/best.pt
2026-03-30 19:41:36 [INFO] [supervisor.supervisor] Started camera_0 PID=9144
2026-03-30 19:41:36 [INFO] [supervisor.supervisor] Started camera_1 PID=7492
2026-03-30 19:41:36 [INFO] [supervisor.supervisor] Started camera_2 PID=6072
2026-03-30 19:41:36 [INFO] [supervisor.supervisor] Started gpu_pool PID=1708 (daemon=False, spawns GPU worker children)
2026-03-30 19:41:36 [INFO] [supervisor.supervisor] Started relay PID=9496
2026-03-30 19:41:36 [INFO] [supervisor.supervisor] Started gui PID=7524
2026-03-30 19:41:36 [INFO] [supervisor.supervisor] Started gpu_monitor PID=4592
2026-03-30 19:41:36 [INFO] [supervisor.supervisor] All processes started.
2026-03-30 19:41:36 [INFO] [supervisor.supervisor] Supervision loop running
2026-03-30 19:41:42 [INFO] [supervisor.supervisor] [Supervisor] Detection STARTED by operator
2026-03-30 19:42:04 [INFO] [supervisor.supervisor] [Supervisor] Signal 2 → shutdown
2026-03-30 19:42:04 [INFO] [supervisor.supervisor] [Supervisor] Signal 2 → shutdown
2026-03-30 19:42:04 [INFO] [supervisor.supervisor] Supervision loop ending
2026-03-30 19:42:04 [INFO] [supervisor.supervisor] [Supervisor] Shutting down all...
2026-03-30 19:42:04 [INFO] [supervisor.supervisor] [Supervisor] Shutdown complete
2026-03-30 19:54:43 [INFO] [supervisor] Logging initialised → logs\supervisor.log (level=INFO)
2026-03-30 19:54:43 [INFO] [core.config_loader] Config loaded v2.1: 3 cameras
2026-03-30 19:54:43 [INFO] [supervisor.supervisor] ============================================================
2026-03-30 19:54:43 [INFO] [supervisor.supervisor] Supervisor v2.1 — IndustrialVisionSystem
2026-03-30 19:54:43 [INFO] [supervisor.supervisor] ============================================================
2026-03-30 19:54:43 [INFO] [supervisor.supervisor] Model OK: models/best.pt
2026-03-30 19:54:43 [INFO] [supervisor.supervisor] Started camera_0 PID=3164
2026-03-30 19:54:43 [INFO] [supervisor.supervisor] Started camera_1 PID=9464
2026-03-30 19:54:43 [INFO] [supervisor.supervisor] Started camera_2 PID=3264
2026-03-30 19:54:43 [INFO] [supervisor.supervisor] Started gpu_pool PID=8348 (daemon=False, spawns GPU worker children)
2026-03-30 19:54:43 [CRITICAL] [root] UNHANDLED EXCEPTION in supervisor
Traceback (most recent call last):
  File "c:\projects\final\industrial_oil_can_vision_system\main.py", line 55, in <module>
    main()
  File "c:\projects\final\industrial_oil_can_vision_system\main.py", line 51, in main
    run_supervisor(config_path)
  File "c:\projects\final\industrial_oil_can_vision_system\supervisor\supervisor.py", line 493, in run_supervisor
    Supervisor(config_path).start()
  File "c:\projects\final\industrial_oil_can_vision_system\supervisor\supervisor.py", line 88, in start
    logger.info("Model OK: %s", self.cfg.model.path); self._start_all(detection_ok=True)
  File "c:\projects\final\industrial_oil_can_vision_system\supervisor\supervisor.py", line 99, in _start_all
    self._start_relay()
  File "c:\projects\final\industrial_oil_can_vision_system\supervisor\supervisor.py", line 141, in _start_relay
    from relay.relay_process import relay_process_entry
  File "c:\projects\final\industrial_oil_can_vision_system\relay\relay_process.py", line 66
    if state: self._device.True(relay_num)
                           ^^^^
SyntaxError: invalid syntax
2026-03-30 19:54:45 [INFO] [supervisor.supervisor] [Supervisor] Signal 2 → shutdown
2026-03-30 20:14:10 [INFO] [supervisor] Logging initialised → logs\supervisor.log (level=INFO)
2026-03-30 20:14:10 [INFO] [core.config_loader] Config loaded v2.1: 3 cameras
2026-03-30 20:14:10 [INFO] [supervisor.supervisor] ============================================================
2026-03-30 20:14:10 [INFO] [supervisor.supervisor] Supervisor v2.1 — IndustrialVisionSystem
2026-03-30 20:14:10 [INFO] [supervisor.supervisor] ============================================================
2026-03-30 20:14:10 [INFO] [supervisor.supervisor] Model OK: models/best.pt
2026-03-30 20:14:10 [INFO] [supervisor.supervisor] [Supervisor] Result fanout thread started
2026-03-30 20:14:10 [INFO] [supervisor.supervisor] Started camera_0 PID=11236
2026-03-30 20:14:10 [INFO] [supervisor.supervisor] Started camera_1 PID=3900
2026-03-30 20:14:10 [INFO] [supervisor.supervisor] Started camera_2 PID=7252
2026-03-30 20:14:10 [INFO] [supervisor.supervisor] Started gpu_pool PID=3260 (daemon=False, spawns GPU worker children)
2026-03-30 20:14:10 [CRITICAL] [root] UNHANDLED EXCEPTION in supervisor
Traceback (most recent call last):
  File "c:\projects\final\industrial_oil_can_vision_system\main.py", line 55, in <module>
    main()
  File "c:\projects\final\industrial_oil_can_vision_system\main.py", line 51, in main
    run_supervisor(config_path)
  File "c:\projects\final\industrial_oil_can_vision_system\supervisor\supervisor.py", line 522, in run_supervisor
    Supervisor(config_path).start()
  File "c:\projects\final\industrial_oil_can_vision_system\supervisor\supervisor.py", line 97, in start
    logger.info("Model OK: %s", self.cfg.model.path); self._start_all(detection_ok=True)
  File "c:\projects\final\industrial_oil_can_vision_system\supervisor\supervisor.py", line 128, in _start_all
    self._start_relay()
  File "c:\projects\final\industrial_oil_can_vision_system\supervisor\supervisor.py", line 170, in _start_relay
    from relay.relay_process import relay_process_entry
  File "c:\projects\final\industrial_oil_can_vision_system\relay\relay_process.py", line 66
    if state: self._device.True(relay_num)
                           ^^^^
SyntaxError: invalid syntax
2026-03-30 20:16:43 [INFO] [supervisor] Logging initialised → logs\supervisor.log (level=INFO)
2026-03-30 20:16:43 [INFO] [core.config_loader] Config loaded v2.1: 3 cameras
2026-03-30 20:16:43 [INFO] [supervisor.supervisor] ============================================================
2026-03-30 20:16:43 [INFO] [supervisor.supervisor] Supervisor v2.1 — IndustrialVisionSystem
2026-03-30 20:16:43 [INFO] [supervisor.supervisor] ============================================================
2026-03-30 20:16:43 [INFO] [supervisor.supervisor] Model OK: models/best.pt
2026-03-30 20:16:43 [INFO] [supervisor.supervisor] [Supervisor] Result fanout thread started
2026-03-30 20:16:43 [INFO] [supervisor.supervisor] Started camera_0 PID=10504
2026-03-30 20:16:43 [INFO] [supervisor.supervisor] Started camera_1 PID=6976
2026-03-30 20:16:43 [INFO] [supervisor.supervisor] Started camera_2 PID=932
2026-03-30 20:16:43 [INFO] [supervisor.supervisor] Started gpu_pool PID=8004 (daemon=False, spawns GPU worker children)
2026-03-30 20:16:43 [INFO] [supervisor.supervisor] Started relay PID=4808
2026-03-30 20:16:44 [INFO] [supervisor.supervisor] Started gui PID=2504
2026-03-30 20:16:44 [INFO] [supervisor.supervisor] Started gpu_monitor PID=3384
2026-03-30 20:16:44 [INFO] [supervisor.supervisor] All processes started.
2026-03-30 20:16:44 [INFO] [supervisor.supervisor] Supervision loop running
2026-03-30 20:16:55 [INFO] [supervisor.supervisor] [Supervisor] Detection STARTED by operator
2026-03-30 20:17:15 [ERROR] [supervisor.supervisor] [camera] cam=2 ConnectionFailed: RTSP failed: rtsp://admin:password@192.168.1.103:554/
2026-03-30 20:17:44 [INFO] [supervisor.supervisor] [Health] Uptime 00h01m00s
2026-03-30 20:17:44 [INFO] [supervisor.supervisor]   camera_0               alive=True  restarts=0   mem=153.3MB fps=10.7
2026-03-30 20:17:44 [INFO] [supervisor.supervisor]   camera_1               alive=True  restarts=0   mem=153.6MB fps=10.7
2026-03-30 20:17:44 [INFO] [supervisor.supervisor]   camera_2               alive=True  restarts=0   mem=0.0MB fps=0.0
2026-03-30 20:17:44 [INFO] [supervisor.supervisor]   gpu_pool               alive=True  restarts=0   mem=315.9MB fps=0.0
2026-03-30 20:17:44 [INFO] [supervisor.supervisor]   relay                  alive=True  restarts=0   mem=19.0MB fps=0.0
2026-03-30 20:17:44 [INFO] [supervisor.supervisor]   gui                    alive=True  restarts=0   mem=62.3MB fps=0.0
2026-03-30 20:17:44 [INFO] [supervisor.supervisor]   gpu_monitor            alive=True  restarts=0   mem=21.5MB fps=0.0
2026-03-30 20:17:48 [ERROR] [supervisor.supervisor] [camera] cam=2 ConnectionFailed: RTSP failed: rtsp://admin:password@192.168.1.103:554/
2026-03-30 20:18:22 [ERROR] [supervisor.supervisor] [camera] cam=2 ConnectionFailed: RTSP failed: rtsp://admin:password@192.168.1.103:554/
2026-03-30 20:18:45 [INFO] [supervisor.supervisor] [Health] Uptime 00h02m01s
2026-03-30 20:18:45 [INFO] [supervisor.supervisor]   camera_0               alive=True  restarts=0   mem=154.2MB fps=10.7
2026-03-30 20:18:45 [INFO] [supervisor.supervisor]   camera_1               alive=True  restarts=0   mem=153.9MB fps=10.7
2026-03-30 20:18:45 [INFO] [supervisor.supervisor]   camera_2               alive=True  restarts=0   mem=0.0MB fps=0.0
2026-03-30 20:18:45 [INFO] [supervisor.supervisor]   gpu_pool               alive=True  restarts=0   mem=315.8MB fps=0.0
2026-03-30 20:18:45 [INFO] [supervisor.supervisor]   relay                  alive=True  restarts=0   mem=19.0MB fps=0.0
2026-03-30 20:18:45 [INFO] [supervisor.supervisor]   gui                    alive=True  restarts=0   mem=62.8MB fps=0.0
2026-03-30 20:18:45 [INFO] [supervisor.supervisor]   gpu_monitor            alive=True  restarts=0   mem=21.5MB fps=0.0
2026-03-30 20:19:01 [ERROR] [supervisor.supervisor] [camera] cam=2 ConnectionFailed: RTSP failed: rtsp://admin:password@192.168.1.103:554/
2026-03-30 20:19:45 [INFO] [supervisor.supervisor] [Health] Uptime 00h03m01s
2026-03-30 20:19:45 [INFO] [supervisor.supervisor]   camera_0               alive=True  restarts=0   mem=154.8MB fps=10.7
2026-03-30 20:19:45 [INFO] [supervisor.supervisor]   camera_1               alive=True  restarts=0   mem=154.7MB fps=10.7
2026-03-30 20:19:45 [INFO] [supervisor.supervisor]   camera_2               alive=True  restarts=0   mem=0.0MB fps=0.0
2026-03-30 20:19:45 [INFO] [supervisor.supervisor]   gpu_pool               alive=True  restarts=0   mem=315.8MB fps=0.0
2026-03-30 20:19:45 [INFO] [supervisor.supervisor]   relay                  alive=True  restarts=0   mem=18.9MB fps=0.0
2026-03-30 20:19:45 [INFO] [supervisor.supervisor]   gui                    alive=True  restarts=0   mem=62.4MB fps=0.0
2026-03-30 20:19:45 [INFO] [supervisor.supervisor]   gpu_monitor            alive=True  restarts=0   mem=21.5MB fps=0.0
2026-03-30 20:19:48 [ERROR] [supervisor.supervisor] [camera] cam=2 ConnectionFailed: RTSP failed: rtsp://admin:password@192.168.1.103:554/
2026-03-30 20:20:45 [INFO] [supervisor.supervisor] [Supervisor] Signal 2 → shutdown
2026-03-30 20:20:45 [INFO] [supervisor.supervisor] [Supervisor] Signal 2 → shutdown
2026-03-30 20:20:45 [INFO] [supervisor.supervisor] Supervision loop ending
2026-03-30 20:20:45 [INFO] [supervisor.supervisor] [Supervisor] Shutting down all...
2026-03-30 20:20:45 [INFO] [supervisor.supervisor] [Supervisor] Shutdown complete
2026-03-30 20:22:05 [INFO] [supervisor] Logging initialised → logs\supervisor.log (level=INFO)
2026-03-30 20:22:05 [INFO] [core.config_loader] Config loaded v2.1: 3 cameras
2026-03-30 20:22:05 [INFO] [supervisor.supervisor] ============================================================
2026-03-30 20:22:05 [INFO] [supervisor.supervisor] Supervisor v2.1 — IndustrialVisionSystem
2026-03-30 20:22:05 [INFO] [supervisor.supervisor] ============================================================
2026-03-30 20:22:05 [INFO] [supervisor.supervisor] Model OK: models/best.pt
2026-03-30 20:22:05 [INFO] [supervisor.supervisor] [Supervisor] Result fanout thread started
2026-03-30 20:22:05 [INFO] [supervisor.supervisor] Started camera_0 PID=648
2026-03-30 20:22:05 [INFO] [supervisor.supervisor] Started camera_1 PID=11304
2026-03-30 20:22:05 [INFO] [supervisor.supervisor] Started camera_2 PID=7148
2026-03-30 20:22:05 [INFO] [supervisor.supervisor] Started gpu_pool PID=3700 (daemon=False, spawns GPU worker children)
2026-03-30 20:22:05 [INFO] [supervisor.supervisor] Started relay PID=11976
2026-03-30 20:22:05 [INFO] [supervisor.supervisor] Started gui PID=336
2026-03-30 20:22:05 [INFO] [supervisor.supervisor] Started gpu_monitor PID=5712
2026-03-30 20:22:05 [INFO] [supervisor.supervisor] All processes started.
2026-03-30 20:22:05 [INFO] [supervisor.supervisor] Supervision loop running
2026-03-30 20:22:11 [INFO] [supervisor.supervisor] [Supervisor] Detection STARTED by operator
2026-03-30 20:22:33 [INFO] [supervisor.supervisor] [Supervisor] Signal 2 → shutdown
2026-03-30 20:22:33 [INFO] [supervisor.supervisor] Supervision loop ending
2026-03-30 20:22:33 [INFO] [supervisor.supervisor] [Supervisor] Shutting down all...
2026-03-30 20:22:33 [INFO] [supervisor.supervisor] [Supervisor] Shutdown complete
2026-03-30 21:48:32 [INFO] [supervisor] Logging initialised → logs\supervisor.log (level=INFO)
2026-03-30 21:48:32 [INFO] [core.config_loader] Config loaded v2.1: 3 cameras
2026-03-30 21:48:32 [INFO] [supervisor.supervisor] ============================================================
2026-03-30 21:48:32 [INFO] [supervisor.supervisor] Supervisor v2.1 — IndustrialVisionSystem
2026-03-30 21:48:32 [INFO] [supervisor.supervisor] ============================================================
2026-03-30 21:48:32 [INFO] [supervisor.supervisor] Model OK: models/best.pt
2026-03-30 21:48:32 [INFO] [supervisor.supervisor] [Supervisor] Result fanout thread started
2026-03-30 21:48:32 [INFO] [supervisor.supervisor] Started camera_0 PID=9568
2026-03-30 21:48:32 [INFO] [supervisor.supervisor] Started camera_1 PID=8904
2026-03-30 21:48:32 [INFO] [supervisor.supervisor] Started camera_2 PID=9504
2026-03-30 21:48:32 [INFO] [supervisor.supervisor] Started gpu_pool PID=1652 (daemon=False, spawns GPU worker children)
2026-03-30 21:48:32 [INFO] [supervisor.supervisor] Started relay PID=1240
2026-03-30 21:48:32 [INFO] [supervisor.supervisor] Started gui PID=924
2026-03-30 21:48:32 [INFO] [supervisor.supervisor] Started gpu_monitor PID=5040
2026-03-30 21:48:32 [INFO] [supervisor.supervisor] All processes started.
2026-03-30 21:48:32 [INFO] [supervisor.supervisor] Supervision loop running
2026-03-30 21:48:50 [INFO] [supervisor.supervisor] [Supervisor] Signal 2 → shutdown
2026-03-30 21:48:50 [INFO] [supervisor.supervisor] Supervision loop ending
2026-03-30 21:48:50 [INFO] [supervisor.supervisor] [Supervisor] Shutting down all...
2026-03-30 21:48:50 [INFO] [supervisor.supervisor] [Supervisor] Shutdown complete
2026-03-30 21:50:13 [INFO] [supervisor] Logging initialised → logs\supervisor.log (level=INFO)
2026-03-30 21:50:13 [INFO] [core.config_loader] Config loaded v2.1: 3 cameras
2026-03-30 21:50:13 [INFO] [supervisor.supervisor] ============================================================
2026-03-30 21:50:13 [INFO] [supervisor.supervisor] Supervisor v2.1 — IndustrialVisionSystem
2026-03-30 21:50:13 [INFO] [supervisor.supervisor] ============================================================
2026-03-30 21:50:13 [INFO] [supervisor.supervisor] Model OK: models/best.pt
2026-03-30 21:50:13 [INFO] [supervisor.supervisor] [Supervisor] Result fanout thread started
2026-03-30 21:50:13 [INFO] [supervisor.supervisor] Started camera_0 PID=9844
2026-03-30 21:50:13 [INFO] [supervisor.supervisor] Started camera_1 PID=9028
2026-03-30 21:50:13 [INFO] [supervisor.supervisor] Started camera_2 PID=3872
2026-03-30 21:50:13 [INFO] [supervisor.supervisor] Started gpu_pool PID=7428 (daemon=False, spawns GPU worker children)
2026-03-30 21:50:13 [INFO] [supervisor.supervisor] Started relay PID=9304
2026-03-30 21:50:13 [INFO] [supervisor.supervisor] Started gui PID=8836
2026-03-30 21:50:13 [INFO] [supervisor.supervisor] Started gpu_monitor PID=8820
2026-03-30 21:50:13 [INFO] [supervisor.supervisor] All processes started.
2026-03-30 21:50:13 [INFO] [supervisor.supervisor] Supervision loop running
2026-03-30 21:50:20 [INFO] [supervisor.supervisor] [Supervisor] Detection STARTED by operator
2026-03-30 21:50:45 [ERROR] [supervisor.supervisor] [camera] cam=2 ConnectionFailed: RTSP failed: rtsp://admin:password@192.168.1.103:554/
2026-03-30 21:50:48 [INFO] [supervisor.supervisor] [Supervisor] Signal 2 → shutdown
2026-03-30 21:50:49 [INFO] [supervisor.supervisor] Supervision loop ending
2026-03-30 21:50:49 [INFO] [supervisor.supervisor] [Supervisor] Shutting down all...
2026-03-30 21:50:49 [INFO] [supervisor.supervisor] [Supervisor] Shutdown complete
2026-03-30 22:12:45 [INFO] [supervisor] Logging initialised → logs\supervisor.log (level=INFO)
2026-03-30 22:12:45 [INFO] [core.config_loader] Config loaded v2.1: 3 cameras
2026-03-30 22:12:45 [INFO] [supervisor.supervisor] ============================================================
2026-03-30 22:12:45 [INFO] [supervisor.supervisor] Supervisor v2.1 — IndustrialVisionSystem
2026-03-30 22:12:45 [INFO] [supervisor.supervisor] ============================================================
2026-03-30 22:12:45 [INFO] [supervisor.supervisor] Model OK: models/best.pt
2026-03-30 22:12:45 [INFO] [supervisor.supervisor] [Supervisor] Result fanout thread started
2026-03-30 22:12:45 [INFO] [supervisor.supervisor] Started camera_0 PID=10064
2026-03-30 22:12:45 [INFO] [supervisor.supervisor] Started camera_1 PID=10760
2026-03-30 22:12:45 [INFO] [supervisor.supervisor] Started camera_2 PID=8144
2026-03-30 22:12:45 [INFO] [supervisor.supervisor] Started gpu_pool PID=10540 (daemon=False, spawns GPU worker children)
2026-03-30 22:12:45 [INFO] [supervisor.supervisor] Started relay PID=7568
2026-03-30 22:12:45 [INFO] [supervisor.supervisor] Started gui PID=8868
2026-03-30 22:12:45 [INFO] [supervisor.supervisor] Started gpu_monitor PID=11200
2026-03-30 22:12:45 [INFO] [supervisor.supervisor] All processes started.
2026-03-30 22:12:45 [INFO] [supervisor.supervisor] Supervision loop running
2026-03-30 22:12:50 [INFO] [supervisor.supervisor] [Supervisor] Detection STARTED by operator
2026-03-30 22:13:17 [ERROR] [supervisor.supervisor] [camera] cam=2 ConnectionFailed: RTSP failed: rtsp://admin:password@192.168.1.103:554/
2026-03-30 22:13:46 [INFO] [supervisor.supervisor] [Health] Uptime 00h01m00s
2026-03-30 22:13:46 [INFO] [supervisor.supervisor]   camera_0               alive=True  restarts=0   mem=152.5MB fps=11.1
2026-03-30 22:13:46 [INFO] [supervisor.supervisor]   camera_1               alive=True  restarts=0   mem=154.4MB fps=11.1
2026-03-30 22:13:46 [INFO] [supervisor.supervisor]   camera_2               alive=True  restarts=0   mem=0.0MB fps=0.0
2026-03-30 22:13:46 [INFO] [supervisor.supervisor]   gpu_pool               alive=True  restarts=0   mem=373.4MB fps=0.0
2026-03-30 22:13:46 [INFO] [supervisor.supervisor]   relay                  alive=True  restarts=0   mem=19.0MB fps=0.0
2026-03-30 22:13:46 [INFO] [supervisor.supervisor]   gui                    alive=True  restarts=0   mem=62.4MB fps=0.0
2026-03-30 22:13:46 [INFO] [supervisor.supervisor]   gpu_monitor            alive=True  restarts=0   mem=21.6MB fps=0.0
2026-03-30 22:13:49 [ERROR] [supervisor.supervisor] [camera] cam=2 ConnectionFailed: RTSP failed: rtsp://admin:password@192.168.1.103:554/
2026-03-30 22:14:01 [INFO] [supervisor.supervisor] [Supervisor] Signal 2 → shutdown
2026-03-30 22:14:01 [INFO] [supervisor.supervisor] [Supervisor] Signal 2 → shutdown
2026-03-30 22:14:01 [INFO] [supervisor.supervisor] [Supervisor] Signal 2 → shutdown
2026-03-30 22:14:01 [INFO] [supervisor.supervisor] Supervision loop ending
2026-03-30 22:14:01 [INFO] [supervisor.supervisor] [Supervisor] Shutting down all...
2026-03-30 22:14:01 [INFO] [supervisor.supervisor] [Supervisor] Shutdown complete
2026-03-30 22:25:11 [INFO] [supervisor] Logging initialised → logs\supervisor.log (level=INFO)
2026-03-30 22:25:11 [INFO] [core.config_loader] Config loaded v2.1: 3 cameras
2026-03-30 22:25:11 [INFO] [supervisor.supervisor] ============================================================
2026-03-30 22:25:11 [INFO] [supervisor.supervisor] Supervisor v2.1 — IndustrialVisionSystem
2026-03-30 22:25:11 [INFO] [supervisor.supervisor] ============================================================
2026-03-30 22:25:11 [INFO] [supervisor.supervisor] Model OK: models/best.pt
2026-03-30 22:25:11 [INFO] [supervisor.supervisor] [Supervisor] Result fanout thread started
2026-03-30 22:25:11 [INFO] [supervisor.supervisor] Started camera_0 PID=10556
2026-03-30 22:25:11 [INFO] [supervisor.supervisor] Started camera_1 PID=6240
2026-03-30 22:25:11 [INFO] [supervisor.supervisor] Started camera_2 PID=3640
2026-03-30 22:25:11 [INFO] [supervisor.supervisor] Started gpu_pool PID=8780 (daemon=False, spawns GPU worker children)
2026-03-30 22:25:11 [INFO] [supervisor.supervisor] Started relay PID=3836
2026-03-30 22:25:11 [INFO] [supervisor.supervisor] Started gui PID=1528
2026-03-30 22:25:11 [INFO] [supervisor.supervisor] Started gpu_monitor PID=744
2026-03-30 22:25:11 [INFO] [supervisor.supervisor] All processes started.
2026-03-30 22:25:11 [INFO] [supervisor.supervisor] Supervision loop running
2026-03-30 22:25:18 [INFO] [supervisor.supervisor] [Supervisor] Detection STARTED by operator
2026-03-30 22:25:42 [ERROR] [supervisor.supervisor] [camera] cam=2 ConnectionFailed: RTSP failed: rtsp://admin:password@192.168.1.103:554/
2026-03-30 22:25:59 [INFO] [supervisor.supervisor] [Supervisor] Signal 2 → shutdown
2026-03-30 22:25:59 [INFO] [supervisor.supervisor] Supervision loop ending
2026-03-30 22:25:59 [INFO] [supervisor.supervisor] [Supervisor] Shutting down all...
2026-03-30 22:26:00 [INFO] [supervisor.supervisor] [Supervisor] Shutdown complete
2026-03-30 22:26:41 [INFO] [supervisor] Logging initialised → logs\supervisor.log (level=INFO)
2026-03-30 22:26:41 [INFO] [core.config_loader] Config loaded v2.1: 3 cameras
2026-03-30 22:26:41 [INFO] [supervisor.supervisor] ============================================================
2026-03-30 22:26:41 [INFO] [supervisor.supervisor] Supervisor v2.1 — IndustrialVisionSystem
2026-03-30 22:26:41 [INFO] [supervisor.supervisor] ============================================================
2026-03-30 22:26:41 [INFO] [supervisor.supervisor] Model OK: models/best.pt
2026-03-30 22:26:41 [INFO] [supervisor.supervisor] [Supervisor] Result fanout thread started
2026-03-30 22:26:41 [INFO] [supervisor.supervisor] Started camera_0 PID=1728
2026-03-30 22:26:41 [INFO] [supervisor.supervisor] Started camera_1 PID=6172
2026-03-30 22:26:41 [INFO] [supervisor.supervisor] Started camera_2 PID=3596
2026-03-30 22:26:41 [INFO] [supervisor.supervisor] Started gpu_pool PID=7100 (daemon=False, spawns GPU worker children)
2026-03-30 22:26:41 [INFO] [supervisor.supervisor] Started relay PID=9592
2026-03-30 22:26:41 [INFO] [supervisor.supervisor] Started gui PID=10976
2026-03-30 22:26:41 [INFO] [supervisor.supervisor] Started gpu_monitor PID=9232
2026-03-30 22:26:41 [INFO] [supervisor.supervisor] All processes started.
2026-03-30 22:26:41 [INFO] [supervisor.supervisor] Supervision loop running
2026-03-30 22:26:45 [INFO] [supervisor.supervisor] [Supervisor] Detection STARTED by operator
2026-03-30 22:26:53 [INFO] [supervisor.supervisor] [Supervisor] Signal 2 → shutdown
2026-03-30 22:26:53 [INFO] [supervisor.supervisor] [Supervisor] Signal 2 → shutdown
2026-03-30 22:26:54 [INFO] [supervisor.supervisor] Supervision loop ending
2026-03-30 22:26:54 [INFO] [supervisor.supervisor] [Supervisor] Shutting down all...
2026-03-30 22:26:54 [INFO] [supervisor.supervisor] [Supervisor] Shutdown complete
2026-03-30 22:51:31 [INFO] [supervisor] Logging initialised → logs\supervisor.log (level=INFO)
2026-03-30 22:51:31 [INFO] [core.config_loader] Config loaded v2.1: 3 cameras
2026-03-30 22:51:31 [INFO] [supervisor.supervisor] ============================================================
2026-03-30 22:51:31 [INFO] [supervisor.supervisor] Supervisor v2.1 — IndustrialVisionSystem
2026-03-30 22:51:31 [INFO] [supervisor.supervisor] ============================================================
2026-03-30 22:51:31 [INFO] [supervisor.supervisor] Model OK: models/best.pt
2026-03-30 22:51:31 [INFO] [supervisor.supervisor] [Supervisor] Result fanout thread started
2026-03-30 22:51:31 [INFO] [supervisor.supervisor] Started camera_0 PID=6036
2026-03-30 22:51:31 [INFO] [supervisor.supervisor] Started camera_1 PID=10752
2026-03-30 22:51:31 [INFO] [supervisor.supervisor] Started camera_2 PID=10172
2026-03-30 22:51:31 [INFO] [supervisor.supervisor] Started gpu_pool PID=9144 (daemon=False, spawns GPU worker children)
2026-03-30 22:51:31 [INFO] [supervisor.supervisor] Started relay PID=2580
2026-03-30 22:51:31 [INFO] [supervisor.supervisor] Started gui PID=10232
2026-03-30 22:51:31 [INFO] [supervisor.supervisor] Started gpu_monitor PID=4312
2026-03-30 22:51:31 [INFO] [supervisor.supervisor] All processes started.
2026-03-30 22:51:31 [INFO] [supervisor.supervisor] Supervision loop running
2026-03-30 22:51:37 [INFO] [supervisor.supervisor] [Supervisor] Detection STARTED by operator
2026-03-30 22:51:54 [INFO] [supervisor.supervisor] [Supervisor] Signal 2 → shutdown
2026-03-30 22:51:54 [INFO] [supervisor.supervisor] [Supervisor] Signal 2 → shutdown
2026-03-30 22:51:54 [INFO] [supervisor.supervisor] Supervision loop ending
2026-03-30 22:51:54 [INFO] [supervisor.supervisor] [Supervisor] Shutting down all...
2026-03-30 22:51:54 [INFO] [supervisor.supervisor] [Supervisor] Shutdown complete
2026-03-30 22:52:19 [INFO] [supervisor] Logging initialised → logs\supervisor.log (level=INFO)
2026-03-30 22:52:19 [INFO] [core.config_loader] Config loaded v2.1: 3 cameras
2026-03-30 22:52:19 [INFO] [supervisor.supervisor] ============================================================
2026-03-30 22:52:19 [INFO] [supervisor.supervisor] Supervisor v2.1 — IndustrialVisionSystem
2026-03-30 22:52:19 [INFO] [supervisor.supervisor] ============================================================
2026-03-30 22:52:19 [INFO] [supervisor.supervisor] Model OK: models/best.pt
2026-03-30 22:52:19 [INFO] [supervisor.supervisor] [Supervisor] Result fanout thread started
2026-03-30 22:52:19 [INFO] [supervisor.supervisor] Started camera_0 PID=3768
2026-03-30 22:52:19 [INFO] [supervisor.supervisor] Started camera_1 PID=10936
2026-03-30 22:52:19 [INFO] [supervisor.supervisor] Started camera_2 PID=4316
2026-03-30 22:52:19 [INFO] [supervisor.supervisor] Started gpu_pool PID=11096 (daemon=False, spawns GPU worker children)
2026-03-30 22:52:19 [INFO] [supervisor.supervisor] Started relay PID=10472
2026-03-30 22:52:19 [INFO] [supervisor.supervisor] Started gui PID=6568
2026-03-30 22:52:19 [INFO] [supervisor.supervisor] Started gpu_monitor PID=10392
2026-03-30 22:52:19 [INFO] [supervisor.supervisor] All processes started.
2026-03-30 22:52:19 [INFO] [supervisor.supervisor] Supervision loop running
2026-03-30 22:52:23 [INFO] [supervisor.supervisor] [Supervisor] Detection STARTED by operator
2026-03-30 22:52:27 [INFO] [supervisor.supervisor] [Supervisor] Signal 2 → shutdown
2026-03-30 22:52:27 [INFO] [supervisor.supervisor] [Supervisor] Signal 2 → shutdown
2026-03-30 22:52:27 [INFO] [supervisor.supervisor] Supervision loop ending
2026-03-30 22:52:27 [INFO] [supervisor.supervisor] [Supervisor] Shutting down all...
2026-03-30 22:52:28 [INFO] [supervisor.supervisor] [Supervisor] Shutdown complete
2026-03-30 22:59:25 [INFO] [supervisor] Logging initialised → logs\supervisor.log (level=INFO)
2026-03-30 22:59:25 [INFO] [core.config_loader] Config loaded v2.1: 3 cameras
2026-03-30 22:59:25 [INFO] [supervisor.supervisor] ============================================================
2026-03-30 22:59:25 [INFO] [supervisor.supervisor] Supervisor v2.1 — IndustrialVisionSystem
2026-03-30 22:59:25 [INFO] [supervisor.supervisor] ============================================================
2026-03-30 22:59:25 [INFO] [supervisor.supervisor] Model OK: models/best.pt
2026-03-30 22:59:25 [INFO] [supervisor.supervisor] [Supervisor] Result fanout thread started
2026-03-30 22:59:25 [INFO] [supervisor.supervisor] Started camera_0 PID=9728
2026-03-30 22:59:25 [INFO] [supervisor.supervisor] Started camera_1 PID=4180
2026-03-30 22:59:25 [INFO] [supervisor.supervisor] Started camera_2 PID=8824
2026-03-30 22:59:25 [INFO] [supervisor.supervisor] Started gpu_pool PID=9672 (daemon=False, spawns GPU worker children)
2026-03-30 22:59:25 [INFO] [supervisor.supervisor] Started relay PID=2812
2026-03-30 22:59:25 [INFO] [supervisor.supervisor] Started gui PID=1404
2026-03-30 22:59:25 [INFO] [supervisor.supervisor] Started gpu_monitor PID=9924
2026-03-30 22:59:25 [INFO] [supervisor.supervisor] All processes started.
2026-03-30 22:59:25 [INFO] [supervisor.supervisor] Supervision loop running
2026-03-30 22:59:30 [INFO] [supervisor.supervisor] [Supervisor] Detection STARTED by operator
2026-03-30 22:59:43 [INFO] [supervisor.supervisor] [Supervisor] Signal 2 → shutdown
2026-03-30 22:59:44 [INFO] [supervisor.supervisor] Supervision loop ending
2026-03-30 22:59:44 [INFO] [supervisor.supervisor] [Supervisor] Shutting down all...
2026-03-30 22:59:44 [INFO] [supervisor.supervisor] [Supervisor] Shutdown complete
2026-03-30 23:00:04 [INFO] [supervisor] Logging initialised → logs\supervisor.log (level=INFO)
2026-03-30 23:00:04 [INFO] [core.config_loader] Config loaded v2.1: 3 cameras
2026-03-30 23:00:04 [INFO] [supervisor.supervisor] ============================================================
2026-03-30 23:00:04 [INFO] [supervisor.supervisor] Supervisor v2.1 — IndustrialVisionSystem
2026-03-30 23:00:04 [INFO] [supervisor.supervisor] ============================================================
2026-03-30 23:00:04 [INFO] [supervisor.supervisor] Model OK: models/best.pt
2026-03-30 23:00:04 [INFO] [supervisor.supervisor] [Supervisor] Result fanout thread started
2026-03-30 23:00:04 [INFO] [supervisor.supervisor] Started camera_0 PID=8056
2026-03-30 23:00:04 [INFO] [supervisor.supervisor] Started camera_1 PID=8872
2026-03-30 23:00:04 [INFO] [supervisor.supervisor] Started camera_2 PID=4624
2026-03-30 23:00:04 [INFO] [supervisor.supervisor] Started gpu_pool PID=680 (daemon=False, spawns GPU worker children)
2026-03-30 23:00:04 [INFO] [supervisor.supervisor] Started relay PID=10252
2026-03-30 23:00:04 [INFO] [supervisor.supervisor] Started gui PID=4856
2026-03-30 23:00:04 [INFO] [supervisor.supervisor] Started gpu_monitor PID=9732
2026-03-30 23:00:04 [INFO] [supervisor.supervisor] All processes started.
2026-03-30 23:00:04 [INFO] [supervisor.supervisor] Supervision loop running
2026-03-30 23:00:10 [INFO] [supervisor.supervisor] [Supervisor] Detection STARTED by operator
2026-03-30 23:00:14 [INFO] [supervisor.supervisor] [Supervisor] Signal 2 → shutdown
2026-03-30 23:00:14 [INFO] [supervisor.supervisor] [Supervisor] Signal 2 → shutdown
2026-03-30 23:00:14 [INFO] [supervisor.supervisor] Supervision loop ending
2026-03-30 23:00:14 [INFO] [supervisor.supervisor] [Supervisor] Shutting down all...
2026-03-30 23:00:14 [INFO] [supervisor.supervisor] [Supervisor] Shutdown complete
2026-03-30 23:18:06 [INFO] [supervisor] Logging initialised → logs\supervisor.log (level=INFO)
2026-03-30 23:18:06 [INFO] [core.config_loader] Config loaded v2.1: 3 cameras
2026-03-30 23:18:06 [INFO] [supervisor.supervisor] ============================================================
2026-03-30 23:18:06 [INFO] [supervisor.supervisor] Supervisor v2.1 — IndustrialVisionSystem
2026-03-30 23:18:06 [INFO] [supervisor.supervisor] ============================================================
2026-03-30 23:18:06 [INFO] [supervisor.supervisor] Model OK: models/best.pt
2026-03-30 23:18:06 [INFO] [supervisor.supervisor] [Supervisor] Result fanout thread started
2026-03-30 23:18:06 [INFO] [supervisor.supervisor] Started camera_0 PID=8760
2026-03-30 23:18:06 [INFO] [supervisor.supervisor] Started camera_1 PID=3284
2026-03-30 23:18:06 [INFO] [supervisor.supervisor] Started camera_2 PID=7872
2026-03-30 23:18:06 [INFO] [supervisor.supervisor] Started gpu_pool PID=7072 (daemon=False, spawns GPU worker children)
2026-03-30 23:18:06 [INFO] [supervisor.supervisor] Started relay PID=3584
2026-03-30 23:18:06 [INFO] [supervisor.supervisor] Started gui PID=7456
2026-03-30 23:18:06 [INFO] [supervisor.supervisor] Started gpu_monitor PID=5820
2026-03-30 23:18:06 [INFO] [supervisor.supervisor] All processes started.
2026-03-30 23:18:06 [INFO] [supervisor.supervisor] Supervision loop running
2026-03-30 23:18:10 [INFO] [supervisor.supervisor] [Supervisor] Detection STARTED by operator
2026-03-30 23:18:36 [INFO] [supervisor.supervisor] [Supervisor] Signal 2 → shutdown
2026-03-30 23:18:36 [INFO] [supervisor.supervisor] Supervision loop ending
2026-03-30 23:18:36 [INFO] [supervisor.supervisor] [Supervisor] Shutting down all...
2026-03-30 23:18:36 [INFO] [supervisor.supervisor] [Supervisor] Shutdown complete
2026-03-30 23:19:01 [INFO] [supervisor] Logging initialised → logs\supervisor.log (level=INFO)
2026-03-30 23:19:01 [INFO] [core.config_loader] Config loaded v2.1: 3 cameras
2026-03-30 23:19:02 [INFO] [supervisor.supervisor] ============================================================
2026-03-30 23:19:02 [INFO] [supervisor.supervisor] Supervisor v2.1 — IndustrialVisionSystem
2026-03-30 23:19:02 [INFO] [supervisor.supervisor] ============================================================
2026-03-30 23:19:02 [INFO] [supervisor.supervisor] Model OK: models/best.pt
2026-03-30 23:19:02 [INFO] [supervisor.supervisor] [Supervisor] Result fanout thread started
2026-03-30 23:19:02 [INFO] [supervisor.supervisor] Started camera_0 PID=6380
2026-03-30 23:19:02 [INFO] [supervisor.supervisor] Started camera_1 PID=6832
2026-03-30 23:19:02 [INFO] [supervisor.supervisor] Started camera_2 PID=10500
2026-03-30 23:19:02 [INFO] [supervisor.supervisor] Started gpu_pool PID=2012 (daemon=False, spawns GPU worker children)
2026-03-30 23:19:02 [INFO] [supervisor.supervisor] Started relay PID=8928
2026-03-30 23:19:02 [INFO] [supervisor.supervisor] Started gui PID=4068
2026-03-30 23:19:02 [INFO] [supervisor.supervisor] Started gpu_monitor PID=6836
2026-03-30 23:19:02 [INFO] [supervisor.supervisor] All processes started.
2026-03-30 23:19:02 [INFO] [supervisor.supervisor] Supervision loop running
2026-03-30 23:19:08 [INFO] [supervisor.supervisor] [Supervisor] Detection STARTED by operator
2026-03-30 23:19:26 [INFO] [supervisor.supervisor] [Supervisor] Signal 2 → shutdown
2026-03-30 23:19:26 [INFO] [supervisor.supervisor] Supervision loop ending
2026-03-30 23:19:26 [INFO] [supervisor.supervisor] [Supervisor] Shutting down all...
2026-03-30 23:19:26 [INFO] [supervisor.supervisor] [Supervisor] Shutdown complete
2026-03-30 23:34:36 [INFO] [supervisor] Logging initialised → logs\supervisor.log (level=INFO)
2026-03-30 23:34:36 [INFO] [core.config_loader] Config loaded v2.1: 3 cameras
2026-03-30 23:34:36 [INFO] [supervisor.supervisor] ============================================================
2026-03-30 23:34:36 [INFO] [supervisor.supervisor] Supervisor v2.1 — IndustrialVisionSystem
2026-03-30 23:34:36 [INFO] [supervisor.supervisor] ============================================================
2026-03-30 23:34:36 [INFO] [supervisor.supervisor] Model OK: models/best.pt
2026-03-30 23:34:36 [INFO] [supervisor.supervisor] [Supervisor] Result fanout thread started
2026-03-30 23:34:36 [INFO] [supervisor.supervisor] Started camera_0 PID=5932
2026-03-30 23:34:36 [INFO] [supervisor.supervisor] Started camera_1 PID=7160
2026-03-30 23:34:36 [INFO] [supervisor.supervisor] Started camera_2 PID=1784
2026-03-30 23:34:36 [CRITICAL] [root] UNHANDLED EXCEPTION in supervisor
Traceback (most recent call last):
  File "c:\projects\final\industrial_oil_can_vision_system\main.py", line 55, in <module>
    main()
  File "c:\projects\final\industrial_oil_can_vision_system\main.py", line 51, in main
    run_supervisor(config_path)
  File "c:\projects\final\industrial_oil_can_vision_system\supervisor\supervisor.py", line 522, in run_supervisor
    Supervisor(config_path).start()
  File "c:\projects\final\industrial_oil_can_vision_system\supervisor\supervisor.py", line 97, in start
    logger.info("Model OK: %s", self.cfg.model.path); self._start_all(detection_ok=True)
  File "c:\projects\final\industrial_oil_can_vision_system\supervisor\supervisor.py", line 125, in _start_all
    if self.cfg.gpu_pool.enabled: self._start_gpu_pool()
  File "c:\projects\final\industrial_oil_can_vision_system\supervisor\supervisor.py", line 145, in _start_gpu_pool
    from detection.gpu_worker_pool import pool_manager_process_entry
  File "c:\projects\final\industrial_oil_can_vision_system\detection\gpu_worker_pool.py", line 231
    with self.b_lock:
    ^^^^
IndentationError: expected an indented block after function definition on line 230
2026-03-30 23:35:25 [INFO] [supervisor] Logging initialised → logs\supervisor.log (level=INFO)
2026-03-30 23:35:25 [INFO] [core.config_loader] Config loaded v2.1: 3 cameras
2026-03-30 23:35:25 [INFO] [supervisor.supervisor] ============================================================
2026-03-30 23:35:25 [INFO] [supervisor.supervisor] Supervisor v2.1 — IndustrialVisionSystem
2026-03-30 23:35:25 [INFO] [supervisor.supervisor] ============================================================
2026-03-30 23:35:25 [INFO] [supervisor.supervisor] Model OK: models/best.pt
2026-03-30 23:35:25 [INFO] [supervisor.supervisor] [Supervisor] Result fanout thread started
2026-03-30 23:35:25 [INFO] [supervisor.supervisor] Started camera_0 PID=10984
2026-03-30 23:35:25 [INFO] [supervisor.supervisor] Started camera_1 PID=5632
2026-03-30 23:35:25 [INFO] [supervisor.supervisor] Started camera_2 PID=10152
2026-03-30 23:35:25 [INFO] [supervisor.supervisor] Started gpu_pool PID=5972 (daemon=False, spawns GPU worker children)
2026-03-30 23:35:25 [INFO] [supervisor.supervisor] Started relay PID=10372
2026-03-30 23:35:25 [INFO] [supervisor.supervisor] Started gui PID=4816
2026-03-30 23:35:25 [INFO] [supervisor.supervisor] Started gpu_monitor PID=5372
2026-03-30 23:35:25 [INFO] [supervisor.supervisor] All processes started.
2026-03-30 23:35:25 [INFO] [supervisor.supervisor] Supervision loop running
2026-03-30 23:35:30 [INFO] [supervisor.supervisor] [Supervisor] Detection STARTED by operator
2026-03-30 23:35:56 [ERROR] [supervisor.supervisor] [camera] cam=2 ConnectionFailed: RTSP failed: rtsp://admin:password@192.168.1.103:554/
2026-03-30 23:36:26 [INFO] [supervisor.supervisor] [Health] Uptime 00h01m00s
2026-03-30 23:36:26 [INFO] [supervisor.supervisor]   camera_0               alive=True  restarts=0   mem=153.7MB fps=10.7
2026-03-30 23:36:26 [INFO] [supervisor.supervisor]   camera_1               alive=True  restarts=0   mem=154.1MB fps=10.7
2026-03-30 23:36:26 [INFO] [supervisor.supervisor]   camera_2               alive=True  restarts=0   mem=0.0MB fps=0.0
2026-03-30 23:36:26 [INFO] [supervisor.supervisor]   gpu_pool               alive=True  restarts=0   mem=374.5MB fps=5.4
2026-03-30 23:36:26 [INFO] [supervisor.supervisor]   relay                  alive=True  restarts=0   mem=19.0MB fps=0.0
2026-03-30 23:36:26 [INFO] [supervisor.supervisor]   gui                    alive=True  restarts=0   mem=67.5MB fps=0.0
2026-03-30 23:36:26 [INFO] [supervisor.supervisor]   gpu_monitor            alive=True  restarts=0   mem=21.6MB fps=0.0
2026-03-30 23:36:29 [ERROR] [supervisor.supervisor] [camera] cam=2 ConnectionFailed: RTSP failed: rtsp://admin:password@192.168.1.103:554/
2026-03-30 23:37:03 [ERROR] [supervisor.supervisor] [camera] cam=2 ConnectionFailed: RTSP failed: rtsp://admin:password@192.168.1.103:554/
2026-03-30 23:37:04 [INFO] [supervisor.supervisor] [Supervisor] Signal 2 → shutdown
2026-03-30 23:37:04 [INFO] [supervisor.supervisor] Supervision loop ending
2026-03-30 23:37:04 [INFO] [supervisor.supervisor] [Supervisor] Shutting down all...
2026-03-30 23:37:04 [INFO] [supervisor.supervisor] [Supervisor] Shutdown complete
2026-03-30 23:50:42 [INFO] [supervisor] Logging initialised → logs\supervisor.log (level=INFO)
2026-03-30 23:50:42 [INFO] [core.config_loader] Config loaded v2.1: 3 cameras
2026-03-30 23:50:42 [INFO] [supervisor.supervisor] ============================================================
2026-03-30 23:50:42 [INFO] [supervisor.supervisor] Supervisor v2.1 — IndustrialVisionSystem
2026-03-30 23:50:42 [INFO] [supervisor.supervisor] ============================================================
2026-03-30 23:50:42 [INFO] [supervisor.supervisor] Model OK: models/best.pt
2026-03-30 23:50:42 [INFO] [supervisor.supervisor] [Supervisor] Result fanout thread started
2026-03-30 23:50:42 [INFO] [supervisor.supervisor] Started camera_0 PID=10248
2026-03-30 23:50:42 [INFO] [supervisor.supervisor] Started camera_1 PID=2608
2026-03-30 23:50:42 [INFO] [supervisor.supervisor] Started camera_2 PID=10544
2026-03-30 23:50:42 [INFO] [supervisor.supervisor] Started gpu_pool PID=2992 (daemon=False, spawns GPU worker children)
2026-03-30 23:50:42 [INFO] [supervisor.supervisor] Started relay PID=2564
2026-03-30 23:50:42 [INFO] [supervisor.supervisor] Started gui PID=11152
2026-03-30 23:50:42 [INFO] [supervisor.supervisor] Started gpu_monitor PID=816
2026-03-30 23:50:42 [INFO] [supervisor.supervisor] All processes started.
2026-03-30 23:50:42 [INFO] [supervisor.supervisor] Supervision loop running
2026-03-30 23:50:46 [INFO] [supervisor.supervisor] [Supervisor] Detection STARTED by operator
2026-03-30 23:51:07 [INFO] [supervisor.supervisor] [Supervisor] Signal 2 → shutdown
2026-03-30 23:51:08 [INFO] [supervisor.supervisor] Supervision loop ending
2026-03-30 23:51:08 [INFO] [supervisor.supervisor] [Supervisor] Shutting down all...
2026-03-30 23:51:08 [INFO] [supervisor.supervisor] [Supervisor] Shutdown complete
2026-03-30 23:52:27 [INFO] [supervisor] Logging initialised → logs\supervisor.log (level=INFO)
2026-03-30 23:52:27 [INFO] [core.config_loader] Config loaded v2.1: 3 cameras
2026-03-30 23:52:27 [INFO] [supervisor.supervisor] ============================================================
2026-03-30 23:52:27 [INFO] [supervisor.supervisor] Supervisor v2.1 — IndustrialVisionSystem
2026-03-30 23:52:27 [INFO] [supervisor.supervisor] ============================================================
2026-03-30 23:52:27 [INFO] [supervisor.supervisor] Model OK: models/best.pt
2026-03-30 23:52:27 [INFO] [supervisor.supervisor] [Supervisor] Result fanout thread started
2026-03-30 23:52:27 [INFO] [supervisor.supervisor] Started camera_0 PID=6924
2026-03-30 23:52:27 [INFO] [supervisor.supervisor] Started camera_1 PID=10692
2026-03-30 23:52:27 [INFO] [supervisor.supervisor] Started camera_2 PID=4436
2026-03-30 23:52:27 [INFO] [supervisor.supervisor] Started gpu_pool PID=4624 (daemon=False, spawns GPU worker children)
2026-03-30 23:52:27 [INFO] [supervisor.supervisor] Started relay PID=5996
2026-03-30 23:52:27 [INFO] [supervisor.supervisor] Started gui PID=10140
2026-03-30 23:52:27 [INFO] [supervisor.supervisor] Started gpu_monitor PID=5096
2026-03-30 23:52:27 [INFO] [supervisor.supervisor] All processes started.
2026-03-30 23:52:27 [INFO] [supervisor.supervisor] Supervision loop running
2026-03-30 23:52:31 [INFO] [supervisor.supervisor] [Supervisor] Detection STARTED by operator
2026-03-30 23:52:58 [ERROR] [supervisor.supervisor] [camera] cam=2 ConnectionFailed: RTSP failed: rtsp://admin:password@192.168.1.103:554/
2026-03-30 23:53:28 [INFO] [supervisor.supervisor] [Health] Uptime 00h01m00s
2026-03-30 23:53:28 [INFO] [supervisor.supervisor]   camera_0               alive=True  restarts=0   mem=154.5MB fps=10.8
2026-03-30 23:53:28 [INFO] [supervisor.supervisor]   camera_1               alive=True  restarts=0   mem=152.4MB fps=10.8
2026-03-30 23:53:28 [INFO] [supervisor.supervisor]   camera_2               alive=True  restarts=0   mem=0.0MB fps=0.0
2026-03-30 23:53:28 [INFO] [supervisor.supervisor]   gpu_pool               alive=True  restarts=0   mem=371.0MB fps=6.2
2026-03-30 23:53:28 [INFO] [supervisor.supervisor]   relay                  alive=True  restarts=0   mem=19.6MB fps=0.0
2026-03-30 23:53:28 [INFO] [supervisor.supervisor]   gui                    alive=True  restarts=0   mem=62.2MB fps=0.0
2026-03-30 23:53:28 [INFO] [supervisor.supervisor]   gpu_monitor            alive=True  restarts=0   mem=21.5MB fps=0.0
2026-03-30 23:53:31 [ERROR] [supervisor.supervisor] [camera] cam=2 ConnectionFailed: RTSP failed: rtsp://admin:password@192.168.1.103:554/
2026-03-30 23:54:05 [ERROR] [supervisor.supervisor] [camera] cam=2 ConnectionFailed: RTSP failed: rtsp://admin:password@192.168.1.103:554/
2026-03-30 23:54:28 [INFO] [supervisor.supervisor] [Health] Uptime 00h02m01s
2026-03-30 23:54:28 [INFO] [supervisor.supervisor]   camera_0               alive=True  restarts=0   mem=154.4MB fps=10.7
2026-03-30 23:54:28 [INFO] [supervisor.supervisor]   camera_1               alive=True  restarts=0   mem=154.3MB fps=10.7
2026-03-30 23:54:28 [INFO] [supervisor.supervisor]   camera_2               alive=True  restarts=0   mem=0.0MB fps=0.0
2026-03-30 23:54:28 [INFO] [supervisor.supervisor]   gpu_pool               alive=True  restarts=0   mem=377.3MB fps=5.3
2026-03-30 23:54:28 [INFO] [supervisor.supervisor]   relay                  alive=True  restarts=0   mem=19.6MB fps=0.0
2026-03-30 23:54:28 [INFO] [supervisor.supervisor]   gui                    alive=True  restarts=0   mem=62.4MB fps=0.0
2026-03-30 23:54:28 [INFO] [supervisor.supervisor]   gpu_monitor            alive=True  restarts=0   mem=21.5MB fps=0.0
2026-03-30 23:54:45 [ERROR] [supervisor.supervisor] [camera] cam=2 ConnectionFailed: RTSP failed: rtsp://admin:password@192.168.1.103:554/
2026-03-30 23:55:25 [INFO] [supervisor.supervisor] [Supervisor] Detection PAUSED by operator
2026-03-30 23:55:29 [INFO] [supervisor.supervisor] [Health] Uptime 00h03m02s
2026-03-30 23:55:29 [INFO] [supervisor.supervisor]   camera_0               alive=True  restarts=0   mem=154.4MB fps=10.7
2026-03-30 23:55:29 [INFO] [supervisor.supervisor]   camera_1               alive=True  restarts=0   mem=154.7MB fps=10.7
2026-03-30 23:55:29 [INFO] [supervisor.supervisor]   camera_2               alive=True  restarts=0   mem=0.0MB fps=0.0
2026-03-30 23:55:29 [INFO] [supervisor.supervisor]   gpu_pool               alive=True  restarts=0   mem=374.9MB fps=4.9
2026-03-30 23:55:29 [INFO] [supervisor.supervisor]   relay                  alive=True  restarts=0   mem=19.6MB fps=0.0
2026-03-30 23:55:29 [INFO] [supervisor.supervisor]   gui                    alive=True  restarts=0   mem=67.6MB fps=0.0
2026-03-30 23:55:29 [INFO] [supervisor.supervisor]   gpu_monitor            alive=True  restarts=0   mem=21.4MB fps=0.0
2026-03-30 23:55:30 [ERROR] [supervisor.supervisor] [camera] cam=2 ConnectionFailed: RTSP failed: rtsp://admin:password@192.168.1.103:554/
2026-03-30 23:55:39 [INFO] [supervisor.supervisor] [Supervisor] Detection STARTED by operator
2026-03-30 23:56:30 [INFO] [supervisor.supervisor] [Health] Uptime 00h04m03s
2026-03-30 23:56:30 [INFO] [supervisor.supervisor]   camera_0               alive=True  restarts=0   mem=154.6MB fps=10.7
2026-03-30 23:56:30 [INFO] [supervisor.supervisor]   camera_1               alive=True  restarts=0   mem=155.7MB fps=10.6
2026-03-30 23:56:30 [INFO] [supervisor.supervisor]   camera_2               alive=True  restarts=0   mem=0.0MB fps=0.0
2026-03-30 23:56:30 [INFO] [supervisor.supervisor]   gpu_pool               alive=True  restarts=0   mem=378.0MB fps=0.0
2026-03-30 23:56:30 [INFO] [supervisor.supervisor]   relay                  alive=True  restarts=0   mem=19.6MB fps=0.0
2026-03-30 23:56:30 [INFO] [supervisor.supervisor]   gui                    alive=True  restarts=0   mem=63.4MB fps=0.0
2026-03-30 23:56:30 [INFO] [supervisor.supervisor]   gpu_monitor            alive=True  restarts=0   mem=21.4MB fps=0.0
2026-03-30 23:56:33 [ERROR] [supervisor.supervisor] [camera] cam=2 ConnectionFailed: RTSP failed: rtsp://admin:password@192.168.1.103:554/
2026-03-30 23:56:41 [ERROR] [supervisor.supervisor] [Supervisor] gui not alive → restart
2026-03-30 23:56:41 [INFO] [supervisor.supervisor] [Supervisor] Restarting gui (#1)
2026-03-30 23:56:41 [INFO] [supervisor.supervisor] [Supervisor] gui backoff 5.0s
2026-03-30 23:56:46 [INFO] [supervisor.supervisor] Started gui PID=10200
2026-03-30 23:57:02 [INFO] [supervisor.supervisor] [Supervisor] Signal 2 → shutdown
2026-03-30 23:57:02 [INFO] [supervisor.supervisor] Supervision loop ending
2026-03-30 23:57:02 [INFO] [supervisor.supervisor] [Supervisor] Shutting down all...
2026-03-30 23:57:02 [INFO] [supervisor.supervisor] [Supervisor] Shutdown complete
2026-04-14 22:56:23 [INFO] [supervisor] Logging initialised → logs\supervisor.log (level=INFO)
2026-04-14 22:56:23 [INFO] [core.config_loader] Config loaded v2.1: 3 cameras
2026-04-14 22:56:23 [INFO] [supervisor.supervisor] ============================================================
2026-04-14 22:56:23 [INFO] [supervisor.supervisor] Supervisor v2.1 — IndustrialVisionSystem
2026-04-14 22:56:23 [INFO] [supervisor.supervisor] ============================================================
2026-04-14 22:56:23 [INFO] [supervisor.supervisor] Model OK: models/best.pt
2026-04-14 22:56:23 [INFO] [supervisor.supervisor] [Supervisor] Result fanout thread started
2026-04-14 22:56:23 [INFO] [supervisor.supervisor] Started camera_0 PID=6300
2026-04-14 22:56:23 [INFO] [supervisor.supervisor] Started camera_1 PID=8808
2026-04-14 22:56:23 [INFO] [supervisor.supervisor] Started camera_2 PID=8620
2026-04-14 22:56:23 [INFO] [supervisor.supervisor] Started gpu_pool PID=6032 (daemon=False, spawns GPU worker children)
2026-04-14 22:56:24 [INFO] [supervisor.supervisor] Started relay PID=7220
2026-04-14 22:56:24 [INFO] [supervisor.supervisor] Started gui PID=8656
2026-04-14 22:56:24 [INFO] [supervisor.supervisor] Started gpu_monitor PID=8452
2026-04-14 22:56:24 [INFO] [supervisor.supervisor] All processes started.
2026-04-14 22:56:24 [INFO] [supervisor.supervisor] Supervision loop running
2026-04-14 22:56:55 [ERROR] [supervisor.supervisor] [camera] cam=0 ConnectionFailed: RTSP failed: rtsp://admin:Pass_123@192.168.1.248:554/
2026-04-14 22:56:55 [ERROR] [supervisor.supervisor] [camera] cam=2 ConnectionFailed: RTSP failed: rtsp://admin:password@192.168.1.103:554/
2026-04-14 22:57:23 [INFO] [supervisor.supervisor] [Health] Uptime 00h01m00s
2026-04-14 22:57:23 [INFO] [supervisor.supervisor]   camera_0               alive=True  restarts=0   mem=0.0MB fps=0.0
2026-04-14 22:57:23 [INFO] [supervisor.supervisor]   camera_1               alive=True  restarts=0   mem=152.0MB fps=10.7
2026-04-14 22:57:23 [INFO] [supervisor.supervisor]   camera_2               alive=True  restarts=0   mem=0.0MB fps=0.0
2026-04-14 22:57:23 [INFO] [supervisor.supervisor]   gpu_pool               alive=True  restarts=0   mem=366.0MB fps=5.3
2026-04-14 22:57:23 [INFO] [supervisor.supervisor]   relay                  alive=True  restarts=0   mem=29.5MB fps=0.0
2026-04-14 22:57:23 [INFO] [supervisor.supervisor]   gui                    alive=True  restarts=0   mem=56.2MB fps=0.0
2026-04-14 22:57:23 [INFO] [supervisor.supervisor]   gpu_monitor            alive=True  restarts=0   mem=21.5MB fps=0.0
2026-04-14 22:57:27 [ERROR] [supervisor.supervisor] [camera] cam=0 ConnectionFailed: RTSP failed: rtsp://admin:Pass_123@192.168.1.248:554/
2026-04-14 22:57:27 [ERROR] [supervisor.supervisor] [camera] cam=2 ConnectionFailed: RTSP failed: rtsp://admin:password@192.168.1.103:554/
2026-04-14 22:57:44 [INFO] [supervisor.supervisor] [Supervisor] Signal 2 → shutdown
2026-04-14 22:57:44 [INFO] [supervisor.supervisor] [Supervisor] Signal 2 → shutdown
2026-04-14 22:57:44 [INFO] [supervisor.supervisor] Supervision loop ending
2026-04-14 22:57:44 [INFO] [supervisor.supervisor] [Supervisor] Shutting down all...
2026-04-14 22:57:45 [INFO] [supervisor.supervisor] [Supervisor] Shutdown complete
2026-04-14 23:10:52 [INFO] [supervisor] Logging initialised → logs\supervisor.log (level=INFO)
2026-04-14 23:10:52 [INFO] [core.config_loader] Config loaded v2.1: 3 cameras
2026-04-14 23:10:52 [INFO] [supervisor.supervisor] ============================================================
2026-04-14 23:10:52 [INFO] [supervisor.supervisor] Supervisor v2.1 — IndustrialVisionSystem
2026-04-14 23:10:52 [INFO] [supervisor.supervisor] ============================================================
2026-04-14 23:10:52 [INFO] [supervisor.supervisor] Model OK: models/best.pt
2026-04-14 23:10:52 [INFO] [supervisor.supervisor] [Supervisor] Result fanout thread started
2026-04-14 23:10:52 [INFO] [supervisor.supervisor] Started camera_0 PID=10748
2026-04-14 23:10:52 [INFO] [supervisor.supervisor] Started camera_1 PID=8704
2026-04-14 23:10:52 [INFO] [supervisor.supervisor] Started camera_2 PID=4204
2026-04-14 23:10:52 [INFO] [supervisor.supervisor] Started gpu_pool PID=10256 (daemon=False, spawns GPU worker children)
2026-04-14 23:10:52 [INFO] [supervisor.supervisor] Started relay PID=11208
2026-04-14 23:10:52 [INFO] [supervisor.supervisor] Started gui PID=9076
2026-04-14 23:10:52 [INFO] [supervisor.supervisor] Started gpu_monitor PID=3636
2026-04-14 23:10:52 [INFO] [supervisor.supervisor] All processes started.
2026-04-14 23:10:52 [INFO] [supervisor.supervisor] Supervision loop running
2026-04-14 23:11:24 [ERROR] [supervisor.supervisor] [camera] cam=2 ConnectionFailed: RTSP failed: rtsp://admin:password@192.168.1.103:554/
2026-04-14 23:11:53 [INFO] [supervisor.supervisor] [Health] Uptime 00h01m00s
2026-04-14 23:11:53 [INFO] [supervisor.supervisor]   camera_0               alive=True  restarts=0   mem=153.5MB fps=10.8
2026-04-14 23:11:53 [INFO] [supervisor.supervisor]   camera_1               alive=True  restarts=0   mem=154.6MB fps=10.8
2026-04-14 23:11:53 [INFO] [supervisor.supervisor]   camera_2               alive=True  restarts=0   mem=0.0MB fps=0.0
2026-04-14 23:11:53 [INFO] [supervisor.supervisor]   gpu_pool               alive=True  restarts=0   mem=369.5MB fps=0.0
2026-04-14 23:11:53 [INFO] [supervisor.supervisor]   relay                  alive=True  restarts=0   mem=29.7MB fps=0.0
2026-04-14 23:11:53 [INFO] [supervisor.supervisor]   gui                    alive=True  restarts=0   mem=66.9MB fps=0.0
2026-04-14 23:11:53 [INFO] [supervisor.supervisor]   gpu_monitor            alive=True  restarts=0   mem=21.6MB fps=0.0
2026-04-14 23:11:56 [ERROR] [supervisor.supervisor] [camera] cam=2 ConnectionFailed: RTSP failed: rtsp://admin:password@192.168.1.103:554/
2026-04-14 23:12:31 [ERROR] [supervisor.supervisor] [camera] cam=2 ConnectionFailed: RTSP failed: rtsp://admin:password@192.168.1.103:554/
2026-04-14 23:12:54 [INFO] [supervisor.supervisor] [Health] Uptime 00h02m01s
2026-04-14 23:12:54 [INFO] [supervisor.supervisor]   camera_0               alive=True  restarts=0   mem=154.2MB fps=10.8
2026-04-14 23:12:54 [INFO] [supervisor.supervisor]   camera_1               alive=True  restarts=0   mem=155.5MB fps=10.8
2026-04-14 23:12:54 [INFO] [supervisor.supervisor]   camera_2               alive=True  restarts=0   mem=0.0MB fps=0.0
2026-04-14 23:12:54 [INFO] [supervisor.supervisor]   gpu_pool               alive=True  restarts=0   mem=355.4MB fps=0.0
2026-04-14 23:12:54 [INFO] [supervisor.supervisor]   relay                  alive=True  restarts=0   mem=29.8MB fps=0.0
2026-04-14 23:12:54 [INFO] [supervisor.supervisor]   gui                    alive=True  restarts=0   mem=67.6MB fps=0.0
2026-04-14 23:12:54 [INFO] [supervisor.supervisor]   gpu_monitor            alive=True  restarts=0   mem=21.6MB fps=0.0
2026-04-14 23:12:56 [INFO] [supervisor.supervisor] [Supervisor] Signal 2 → shutdown
2026-04-14 23:12:57 [INFO] [supervisor.supervisor] Supervision loop ending
2026-04-14 23:12:57 [INFO] [supervisor.supervisor] [Supervisor] Shutting down all...
2026-04-14 23:12:57 [INFO] [supervisor.supervisor] [Supervisor] Shutdown complete
2026-04-15 13:07:17 [INFO] [supervisor] Logging initialised → logs\supervisor.log (level=INFO)
2026-04-15 13:07:17 [INFO] [core.config_loader] Config loaded v2.1: 3 cameras
2026-04-15 13:07:17 [INFO] [supervisor.supervisor] ============================================================
2026-04-15 13:07:17 [INFO] [supervisor.supervisor] Supervisor v2.1 — IndustrialVisionSystem
2026-04-15 13:07:17 [INFO] [supervisor.supervisor] ============================================================
2026-04-15 13:07:17 [INFO] [supervisor.supervisor] Model OK: models/best.pt
2026-04-15 13:07:17 [INFO] [supervisor.supervisor] [Supervisor] Result fanout thread started
2026-04-15 13:07:17 [INFO] [supervisor.supervisor] Started camera_0 PID=11716
2026-04-15 13:07:17 [INFO] [supervisor.supervisor] Started camera_1 PID=11724
2026-04-15 13:07:17 [INFO] [supervisor.supervisor] Started camera_2 PID=11744
2026-04-15 13:07:17 [INFO] [supervisor.supervisor] Started gpu_pool PID=11776 (daemon=False, spawns GPU worker children)
2026-04-15 13:07:17 [INFO] [supervisor.supervisor] Started relay PID=11784
2026-04-15 13:07:17 [INFO] [supervisor.supervisor] Started gui PID=11800
2026-04-15 13:07:17 [INFO] [supervisor.supervisor] Started gpu_monitor PID=11820
2026-04-15 13:07:17 [INFO] [supervisor.supervisor] All processes started.
2026-04-15 13:07:17 [INFO] [supervisor.supervisor] Supervision loop running
2026-04-15 13:07:48 [ERROR] [supervisor.supervisor] [camera] cam=2 ConnectionFailed: RTSP failed: rtsp://admin:password@192.168.1.103:554/
2026-04-15 13:07:48 [ERROR] [supervisor.supervisor] [camera] cam=1 ConnectionFailed: RTSP failed: rtsp://admin:Pass_123@192.168.1.249:554/
2026-04-15 13:08:17 [INFO] [supervisor.supervisor] [Health] Uptime 00h01m00s
2026-04-15 13:08:17 [INFO] [supervisor.supervisor]   camera_0               alive=True  restarts=0   mem=151.2MB fps=10.7
2026-04-15 13:08:17 [INFO] [supervisor.supervisor]   camera_1               alive=True  restarts=0   mem=0.0MB fps=0.0
2026-04-15 13:08:17 [INFO] [supervisor.supervisor]   camera_2               alive=True  restarts=0   mem=0.0MB fps=0.0
2026-04-15 13:08:17 [INFO] [supervisor.supervisor]   gpu_pool               alive=True  restarts=0   mem=360.8MB fps=5.1
2026-04-15 13:08:17 [INFO] [supervisor.supervisor]   relay                  alive=True  restarts=0   mem=29.6MB fps=0.0
2026-04-15 13:08:17 [INFO] [supervisor.supervisor]   gui                    alive=True  restarts=0   mem=61.3MB fps=0.0
2026-04-15 13:08:17 [INFO] [supervisor.supervisor]   gpu_monitor            alive=True  restarts=0   mem=21.6MB fps=0.0
2026-04-15 13:08:21 [ERROR] [supervisor.supervisor] [camera] cam=2 ConnectionFailed: RTSP failed: rtsp://admin:password@192.168.1.103:554/
2026-04-15 13:08:21 [ERROR] [supervisor.supervisor] [camera] cam=1 ConnectionFailed: RTSP failed: rtsp://admin:Pass_123@192.168.1.249:554/
2026-04-15 13:08:56 [ERROR] [supervisor.supervisor] [camera] cam=1 ConnectionFailed: RTSP failed: rtsp://admin:Pass_123@192.168.1.249:554/
2026-04-15 13:08:56 [ERROR] [supervisor.supervisor] [camera] cam=2 ConnectionFailed: RTSP failed: rtsp://admin:password@192.168.1.103:554/
2026-04-15 13:09:18 [INFO] [supervisor.supervisor] [Health] Uptime 00h02m00s
2026-04-15 13:09:18 [INFO] [supervisor.supervisor]   camera_0               alive=True  restarts=0   mem=148.6MB fps=10.9
2026-04-15 13:09:18 [INFO] [supervisor.supervisor]   camera_1               alive=True  restarts=0   mem=0.0MB fps=0.0
2026-04-15 13:09:18 [INFO] [supervisor.supervisor]   camera_2               alive=True  restarts=0   mem=0.0MB fps=0.0
2026-04-15 13:09:18 [INFO] [supervisor.supervisor]   gpu_pool               alive=True  restarts=0   mem=307.4MB fps=0.0
2026-04-15 13:09:18 [INFO] [supervisor.supervisor]   relay                  alive=True  restarts=0   mem=25.9MB fps=0.0
2026-04-15 13:09:18 [INFO] [supervisor.supervisor]   gui                    alive=True  restarts=0   mem=53.3MB fps=0.0
2026-04-15 13:09:18 [INFO] [supervisor.supervisor]   gpu_monitor            alive=True  restarts=0   mem=19.4MB fps=0.0
2026-04-15 13:09:35 [ERROR] [supervisor.supervisor] [camera] cam=2 ConnectionFailed: RTSP failed: rtsp://admin:password@192.168.1.103:554/
2026-04-15 13:09:35 [ERROR] [supervisor.supervisor] [camera] cam=1 ConnectionFailed: RTSP failed: rtsp://admin:Pass_123@192.168.1.249:554/
2026-04-15 13:10:19 [INFO] [supervisor.supervisor] [Health] Uptime 00h03m01s
2026-04-15 13:10:19 [INFO] [supervisor.supervisor]   camera_0               alive=True  restarts=0   mem=148.8MB fps=10.8
2026-04-15 13:10:19 [INFO] [supervisor.supervisor]   camera_1               alive=True  restarts=0   mem=147.8MB fps=10.7
2026-04-15 13:10:19 [INFO] [supervisor.supervisor]   camera_2               alive=True  restarts=0   mem=0.0MB fps=0.0
2026-04-15 13:10:19 [INFO] [supervisor.supervisor]   gpu_pool               alive=True  restarts=0   mem=303.4MB fps=3.9
2026-04-15 13:10:19 [INFO] [supervisor.supervisor]   relay                  alive=True  restarts=0   mem=26.3MB fps=0.0
2026-04-15 13:10:19 [INFO] [supervisor.supervisor]   gui                    alive=True  restarts=0   mem=61.2MB fps=0.0
2026-04-15 13:10:19 [INFO] [supervisor.supervisor]   gpu_monitor            alive=True  restarts=0   mem=19.4MB fps=0.0
2026-04-15 13:10:22 [ERROR] [supervisor.supervisor] [camera] cam=2 ConnectionFailed: RTSP failed: rtsp://admin:password@192.168.1.103:554/
2026-04-15 13:11:19 [INFO] [supervisor.supervisor] [Health] Uptime 00h04m02s
2026-04-15 13:11:19 [INFO] [supervisor.supervisor]   camera_0               alive=True  restarts=0   mem=149.2MB fps=10.8
2026-04-15 13:11:19 [INFO] [supervisor.supervisor]   camera_1               alive=True  restarts=0   mem=149.0MB fps=11.0
2026-04-15 13:11:19 [INFO] [supervisor.supervisor]   camera_2               alive=True  restarts=0   mem=0.0MB fps=0.0
2026-04-15 13:11:19 [INFO] [supervisor.supervisor]   gpu_pool               alive=True  restarts=0   mem=318.8MB fps=2.7
2026-04-15 13:11:19 [INFO] [supervisor.supervisor]   relay                  alive=True  restarts=0   mem=26.3MB fps=0.0
2026-04-15 13:11:19 [INFO] [supervisor.supervisor]   gui                    alive=True  restarts=0   mem=58.6MB fps=0.0
2026-04-15 13:11:19 [INFO] [supervisor.supervisor]   gpu_monitor            alive=True  restarts=0   mem=19.4MB fps=0.0
2026-04-15 13:11:25 [ERROR] [supervisor.supervisor] [camera] cam=2 ConnectionFailed: RTSP failed: rtsp://admin:password@192.168.1.103:554/
2026-04-15 13:12:20 [INFO] [supervisor.supervisor] [Health] Uptime 00h05m03s
2026-04-15 13:12:20 [INFO] [supervisor.supervisor]   camera_0               alive=True  restarts=0   mem=149.8MB fps=11.0
2026-04-15 13:12:20 [INFO] [supervisor.supervisor]   camera_1               alive=True  restarts=0   mem=149.0MB fps=10.9
2026-04-15 13:12:20 [INFO] [supervisor.supervisor]   camera_2               alive=True  restarts=0   mem=0.0MB fps=0.0
2026-04-15 13:12:20 [INFO] [supervisor.supervisor]   gpu_pool               alive=True  restarts=0   mem=315.6MB fps=2.5
2026-04-15 13:12:20 [INFO] [supervisor.supervisor]   relay                  alive=True  restarts=0   mem=26.3MB fps=0.0
2026-04-15 13:12:20 [INFO] [supervisor.supervisor]   gui                    alive=True  restarts=0   mem=61.3MB fps=0.0
2026-04-15 13:12:20 [INFO] [supervisor.supervisor]   gpu_monitor            alive=True  restarts=0   mem=19.6MB fps=0.0
2026-04-15 13:12:55 [ERROR] [supervisor.supervisor] [camera] cam=2 ConnectionFailed: RTSP failed: rtsp://admin:password@192.168.1.103:554/
2026-04-15 13:13:21 [INFO] [supervisor.supervisor] [Health] Uptime 00h06m04s
2026-04-15 13:13:21 [INFO] [supervisor.supervisor]   camera_0               alive=True  restarts=0   mem=149.8MB fps=10.9
2026-04-15 13:13:21 [INFO] [supervisor.supervisor]   camera_1               alive=True  restarts=0   mem=149.0MB fps=0.7
2026-04-15 13:13:21 [INFO] [supervisor.supervisor]   camera_2               alive=True  restarts=0   mem=0.0MB fps=0.0
2026-04-15 13:13:21 [INFO] [supervisor.supervisor]   gpu_pool               alive=True  restarts=0   mem=316.2MB fps=2.7
2026-04-15 13:13:21 [INFO] [supervisor.supervisor]   relay                  alive=True  restarts=0   mem=26.3MB fps=0.0
2026-04-15 13:13:21 [INFO] [supervisor.supervisor]   gui                    alive=True  restarts=0   mem=58.6MB fps=0.0
2026-04-15 13:13:21 [INFO] [supervisor.supervisor]   gpu_monitor            alive=True  restarts=0   mem=19.7MB fps=0.0
2026-04-15 13:14:22 [INFO] [supervisor.supervisor] [Health] Uptime 00h07m05s
2026-04-15 13:14:22 [INFO] [supervisor.supervisor]   camera_0               alive=True  restarts=0   mem=128.6MB fps=10.9
2026-04-15 13:14:22 [INFO] [supervisor.supervisor]   camera_1               alive=True  restarts=0   mem=137.6MB fps=0.0
2026-04-15 13:14:22 [INFO] [supervisor.supervisor]   camera_2               alive=True  restarts=0   mem=0.0MB fps=0.0
2026-04-15 13:14:22 [INFO] [supervisor.supervisor]   gpu_pool               alive=True  restarts=0   mem=183.9MB fps=2.3
2026-04-15 13:14:22 [INFO] [supervisor.supervisor]   relay                  alive=True  restarts=0   mem=15.5MB fps=0.0
2026-04-15 13:14:22 [INFO] [supervisor.supervisor]   gui                    alive=True  restarts=0   mem=46.4MB fps=0.0
2026-04-15 13:14:22 [INFO] [supervisor.supervisor]   gpu_monitor            alive=True  restarts=0   mem=13.6MB fps=0.0
2026-04-15 13:14:26 [ERROR] [supervisor.supervisor] [camera] cam=2 ConnectionFailed: RTSP failed: rtsp://admin:password@192.168.1.103:554/
2026-04-15 13:15:23 [INFO] [supervisor.supervisor] [Health] Uptime 00h08m05s
2026-04-15 13:15:23 [INFO] [supervisor.supervisor]   camera_0               alive=True  restarts=0   mem=128.6MB fps=10.8
2026-04-15 13:15:23 [INFO] [supervisor.supervisor]   camera_1               alive=True  restarts=0   mem=137.6MB fps=0.0
2026-04-15 13:15:23 [INFO] [supervisor.supervisor]   camera_2               alive=True  restarts=0   mem=0.0MB fps=0.0
2026-04-15 13:15:23 [INFO] [supervisor.supervisor]   gpu_pool               alive=True  restarts=0   mem=189.8MB fps=0.0
2026-04-15 13:15:23 [INFO] [supervisor.supervisor]   relay                  alive=True  restarts=0   mem=15.5MB fps=0.0
2026-04-15 13:15:23 [INFO] [supervisor.supervisor]   gui                    alive=True  restarts=0   mem=46.4MB fps=0.0
2026-04-15 13:15:23 [INFO] [supervisor.supervisor]   gpu_monitor            alive=True  restarts=0   mem=13.6MB fps=0.0
2026-04-15 13:15:56 [ERROR] [supervisor.supervisor] [camera] cam=2 ConnectionFailed: RTSP failed: rtsp://admin:password@192.168.1.103:554/
2026-04-15 13:16:23 [INFO] [supervisor.supervisor] [Health] Uptime 00h09m06s
2026-04-15 13:16:23 [INFO] [supervisor.supervisor]   camera_0               alive=True  restarts=0   mem=128.6MB fps=11.1
2026-04-15 13:16:23 [INFO] [supervisor.supervisor]   camera_1               alive=True  restarts=0   mem=137.6MB fps=0.0
2026-04-15 13:16:23 [INFO] [supervisor.supervisor]   camera_2               alive=True  restarts=0   mem=0.0MB fps=0.0
2026-04-15 13:16:23 [INFO] [supervisor.supervisor]   gpu_pool               alive=True  restarts=0   mem=182.7MB fps=2.4
2026-04-15 13:16:23 [INFO] [supervisor.supervisor]   relay                  alive=True  restarts=0   mem=15.5MB fps=0.0
2026-04-15 13:16:23 [INFO] [supervisor.supervisor]   gui                    alive=True  restarts=0   mem=46.4MB fps=0.0
2026-04-15 13:16:23 [INFO] [supervisor.supervisor]   gpu_monitor            alive=True  restarts=0   mem=13.6MB fps=0.0
2026-04-15 13:17:24 [INFO] [supervisor.supervisor] [Health] Uptime 00h10m07s
2026-04-15 13:17:24 [INFO] [supervisor.supervisor]   camera_0               alive=True  restarts=0   mem=128.6MB fps=11.1
2026-04-15 13:17:24 [INFO] [supervisor.supervisor]   camera_1               alive=True  restarts=0   mem=137.6MB fps=0.0
2026-04-15 13:17:24 [INFO] [supervisor.supervisor]   camera_2               alive=True  restarts=0   mem=0.0MB fps=0.0
2026-04-15 13:17:24 [INFO] [supervisor.supervisor]   gpu_pool               alive=True  restarts=0   mem=186.7MB fps=2.6
2026-04-15 13:17:24 [INFO] [supervisor.supervisor]   relay                  alive=True  restarts=0   mem=15.6MB fps=0.0
2026-04-15 13:17:24 [INFO] [supervisor.supervisor]   gui                    alive=True  restarts=0   mem=49.3MB fps=0.0
2026-04-15 13:17:24 [INFO] [supervisor.supervisor]   gpu_monitor            alive=True  restarts=0   mem=13.7MB fps=0.0
2026-04-15 13:17:26 [ERROR] [supervisor.supervisor] [camera] cam=2 ConnectionFailed: RTSP failed: rtsp://admin:password@192.168.1.103:554/
2026-04-15 13:18:25 [INFO] [supervisor.supervisor] [Health] Uptime 00h11m08s
2026-04-15 13:18:25 [INFO] [supervisor.supervisor]   camera_0               alive=True  restarts=0   mem=128.6MB fps=11.2
2026-04-15 13:18:25 [INFO] [supervisor.supervisor]   camera_1               alive=True  restarts=0   mem=137.6MB fps=0.0
2026-04-15 13:18:25 [INFO] [supervisor.supervisor]   camera_2               alive=True  restarts=0   mem=0.0MB fps=0.0
2026-04-15 13:18:25 [INFO] [supervisor.supervisor]   gpu_pool               alive=True  restarts=0   mem=184.7MB fps=2.5
2026-04-15 13:18:25 [INFO] [supervisor.supervisor]   relay                  alive=True  restarts=0   mem=15.6MB fps=0.0
2026-04-15 13:18:25 [INFO] [supervisor.supervisor]   gui                    alive=True  restarts=0   mem=49.4MB fps=0.0
2026-04-15 13:18:25 [INFO] [supervisor.supervisor]   gpu_monitor            alive=True  restarts=0   mem=13.7MB fps=0.0
2026-04-15 13:18:57 [ERROR] [supervisor.supervisor] [camera] cam=2 ConnectionFailed: RTSP failed: rtsp://admin:password@192.168.1.103:554/
2026-04-15 13:19:26 [INFO] [supervisor.supervisor] [Health] Uptime 00h12m08s
2026-04-15 13:19:26 [INFO] [supervisor.supervisor]   camera_0               alive=True  restarts=0   mem=128.6MB fps=11.1
2026-04-15 13:19:26 [INFO] [supervisor.supervisor]   camera_1               alive=True  restarts=0   mem=137.6MB fps=0.0
2026-04-15 13:19:26 [INFO] [supervisor.supervisor]   camera_2               alive=True  restarts=0   mem=0.0MB fps=0.0
2026-04-15 13:19:26 [INFO] [supervisor.supervisor]   gpu_pool               alive=True  restarts=0   mem=183.1MB fps=2.5
2026-04-15 13:19:26 [INFO] [supervisor.supervisor]   relay                  alive=True  restarts=0   mem=15.5MB fps=0.0
2026-04-15 13:19:26 [INFO] [supervisor.supervisor]   gui                    alive=True  restarts=0   mem=46.7MB fps=0.0
2026-04-15 13:19:26 [INFO] [supervisor.supervisor]   gpu_monitor            alive=True  restarts=0   mem=13.6MB fps=0.0
2026-04-15 13:20:26 [INFO] [supervisor.supervisor] [Health] Uptime 00h13m09s
2026-04-15 13:20:26 [INFO] [supervisor.supervisor]   camera_0               alive=True  restarts=0   mem=128.6MB fps=10.9
2026-04-15 13:20:26 [INFO] [supervisor.supervisor]   camera_1               alive=True  restarts=0   mem=137.6MB fps=0.0
2026-04-15 13:20:26 [INFO] [supervisor.supervisor]   camera_2               alive=True  restarts=0   mem=0.0MB fps=0.0
2026-04-15 13:20:26 [INFO] [supervisor.supervisor]   gpu_pool               alive=True  restarts=0   mem=188.4MB fps=0.0
2026-04-15 13:20:26 [INFO] [supervisor.supervisor]   relay                  alive=True  restarts=0   mem=15.5MB fps=0.0
2026-04-15 13:20:26 [INFO] [supervisor.supervisor]   gui                    alive=True  restarts=0   mem=46.7MB fps=0.0
2026-04-15 13:20:26 [INFO] [supervisor.supervisor]   gpu_monitor            alive=True  restarts=0   mem=13.6MB fps=0.0
2026-04-15 13:20:27 [ERROR] [supervisor.supervisor] [camera] cam=2 ConnectionFailed: RTSP failed: rtsp://admin:password@192.168.1.103:554/
2026-04-15 13:21:27 [INFO] [supervisor.supervisor] [Health] Uptime 00h14m10s
2026-04-15 13:21:27 [INFO] [supervisor.supervisor]   camera_0               alive=True  restarts=0   mem=128.6MB fps=10.9
2026-04-15 13:21:27 [INFO] [supervisor.supervisor]   camera_1               alive=True  restarts=0   mem=137.6MB fps=0.0
2026-04-15 13:21:27 [INFO] [supervisor.supervisor]   camera_2               alive=True  restarts=0   mem=0.0MB fps=0.0
2026-04-15 13:21:27 [INFO] [supervisor.supervisor]   gpu_pool               alive=True  restarts=0   mem=180.6MB fps=2.2
2026-04-15 13:21:27 [INFO] [supervisor.supervisor]   relay                  alive=True  restarts=0   mem=15.5MB fps=0.0
2026-04-15 13:21:27 [INFO] [supervisor.supervisor]   gui                    alive=True  restarts=0   mem=46.7MB fps=0.0
2026-04-15 13:21:27 [INFO] [supervisor.supervisor]   gpu_monitor            alive=True  restarts=0   mem=13.6MB fps=0.0
2026-04-15 13:21:58 [ERROR] [supervisor.supervisor] [camera] cam=2 ConnectionFailed: RTSP failed: rtsp://admin:password@192.168.1.103:554/
2026-04-15 13:22:28 [INFO] [supervisor.supervisor] [Health] Uptime 00h15m10s
2026-04-15 13:22:28 [INFO] [supervisor.supervisor]   camera_0               alive=True  restarts=0   mem=128.6MB fps=10.9
2026-04-15 13:22:28 [INFO] [supervisor.supervisor]   camera_1               alive=True  restarts=0   mem=137.6MB fps=0.0
2026-04-15 13:22:28 [INFO] [supervisor.supervisor]   camera_2               alive=True  restarts=0   mem=0.0MB fps=0.0
2026-04-15 13:22:28 [INFO] [supervisor.supervisor]   gpu_pool               alive=True  restarts=0   mem=180.7MB fps=2.4
2026-04-15 13:22:28 [INFO] [supervisor.supervisor]   relay                  alive=True  restarts=0   mem=15.5MB fps=0.0
2026-04-15 13:22:28 [INFO] [supervisor.supervisor]   gui                    alive=True  restarts=0   mem=46.7MB fps=0.0
2026-04-15 13:22:28 [INFO] [supervisor.supervisor]   gpu_monitor            alive=True  restarts=0   mem=13.6MB fps=0.0
2026-04-15 13:23:28 [INFO] [supervisor.supervisor] [Health] Uptime 00h16m11s
2026-04-15 13:23:28 [INFO] [supervisor.supervisor]   camera_0               alive=True  restarts=0   mem=128.6MB fps=10.7
2026-04-15 13:23:28 [INFO] [supervisor.supervisor]   camera_1               alive=True  restarts=0   mem=137.6MB fps=0.0
2026-04-15 13:23:28 [INFO] [supervisor.supervisor]   camera_2               alive=True  restarts=0   mem=0.0MB fps=0.0
2026-04-15 13:23:28 [INFO] [supervisor.supervisor]   gpu_pool               alive=True  restarts=0   mem=178.2MB fps=2.5
2026-04-15 13:23:28 [INFO] [supervisor.supervisor]   relay                  alive=True  restarts=0   mem=15.5MB fps=0.0
2026-04-15 13:23:28 [INFO] [supervisor.supervisor]   gui                    alive=True  restarts=0   mem=49.3MB fps=0.0
2026-04-15 13:23:28 [INFO] [supervisor.supervisor]   gpu_monitor            alive=True  restarts=0   mem=13.6MB fps=0.0
2026-04-15 13:23:29 [ERROR] [supervisor.supervisor] [camera] cam=2 ConnectionFailed: RTSP failed: rtsp://admin:password@192.168.1.103:554/
2026-04-15 13:24:29 [INFO] [supervisor.supervisor] [Health] Uptime 00h17m12s
2026-04-15 13:24:29 [INFO] [supervisor.supervisor]   camera_0               alive=True  restarts=0   mem=128.6MB fps=10.8
2026-04-15 13:24:29 [INFO] [supervisor.supervisor]   camera_1               alive=True  restarts=0   mem=137.6MB fps=0.0
2026-04-15 13:24:29 [INFO] [supervisor.supervisor]   camera_2               alive=True  restarts=0   mem=0.0MB fps=0.0
2026-04-15 13:24:29 [INFO] [supervisor.supervisor]   gpu_pool               alive=True  restarts=0   mem=177.3MB fps=2.6
2026-04-15 13:24:29 [INFO] [supervisor.supervisor]   relay                  alive=True  restarts=0   mem=15.5MB fps=0.0
2026-04-15 13:24:29 [INFO] [supervisor.supervisor]   gui                    alive=True  restarts=0   mem=46.7MB fps=0.0
2026-04-15 13:24:29 [INFO] [supervisor.supervisor]   gpu_monitor            alive=True  restarts=0   mem=13.6MB fps=0.0
2026-04-15 13:25:00 [ERROR] [supervisor.supervisor] [camera] cam=2 ConnectionFailed: RTSP failed: rtsp://admin:password@192.168.1.103:554/
2026-04-15 13:25:30 [INFO] [supervisor.supervisor] [Health] Uptime 00h18m13s
2026-04-15 13:25:30 [INFO] [supervisor.supervisor]   camera_0               alive=True  restarts=0   mem=128.6MB fps=10.9
2026-04-15 13:25:30 [INFO] [supervisor.supervisor]   camera_1               alive=True  restarts=0   mem=137.6MB fps=0.0
2026-04-15 13:25:30 [INFO] [supervisor.supervisor]   camera_2               alive=True  restarts=0   mem=0.0MB fps=0.0
2026-04-15 13:25:30 [INFO] [supervisor.supervisor]   gpu_pool               alive=True  restarts=0   mem=185.9MB fps=2.8
2026-04-15 13:25:30 [INFO] [supervisor.supervisor]   relay                  alive=True  restarts=0   mem=15.5MB fps=0.0
2026-04-15 13:25:30 [INFO] [supervisor.supervisor]   gui                    alive=True  restarts=0   mem=46.7MB fps=0.0
2026-04-15 13:25:30 [INFO] [supervisor.supervisor]   gpu_monitor            alive=True  restarts=0   mem=13.6MB fps=0.0
2026-04-15 13:26:31 [ERROR] [supervisor.supervisor] [camera] cam=2 ConnectionFailed: RTSP failed: rtsp://admin:password@192.168.1.103:554/
2026-04-15 13:26:31 [INFO] [supervisor.supervisor] [Health] Uptime 00h19m13s
2026-04-15 13:26:31 [INFO] [supervisor.supervisor]   camera_0               alive=True  restarts=0   mem=128.7MB fps=9.8
2026-04-15 13:26:31 [INFO] [supervisor.supervisor]   camera_1               alive=True  restarts=0   mem=137.6MB fps=0.0
2026-04-15 13:26:31 [INFO] [supervisor.supervisor]   camera_2               alive=True  restarts=0   mem=0.0MB fps=0.0
2026-04-15 13:26:31 [INFO] [supervisor.supervisor]   gpu_pool               alive=True  restarts=0   mem=168.4MB fps=1.4
2026-04-15 13:26:31 [INFO] [supervisor.supervisor]   relay                  alive=True  restarts=0   mem=15.5MB fps=0.0
2026-04-15 13:26:31 [INFO] [supervisor.supervisor]   gui                    alive=True  restarts=0   mem=49.3MB fps=0.0
2026-04-15 13:26:31 [INFO] [supervisor.supervisor]   gpu_monitor            alive=True  restarts=0   mem=13.6MB fps=0.0
2026-04-15 13:27:32 [INFO] [supervisor.supervisor] [Health] Uptime 00h20m14s
2026-04-15 13:27:32 [INFO] [supervisor.supervisor]   camera_0               alive=True  restarts=0   mem=128.7MB fps=10.8
2026-04-15 13:27:32 [INFO] [supervisor.supervisor]   camera_1               alive=True  restarts=0   mem=137.6MB fps=0.0
2026-04-15 13:27:32 [INFO] [supervisor.supervisor]   camera_2               alive=True  restarts=0   mem=0.0MB fps=0.0
2026-04-15 13:27:32 [INFO] [supervisor.supervisor]   gpu_pool               alive=True  restarts=0   mem=183.0MB fps=2.6
2026-04-15 13:27:32 [INFO] [supervisor.supervisor]   relay                  alive=True  restarts=0   mem=15.5MB fps=0.0
2026-04-15 13:27:32 [INFO] [supervisor.supervisor]   gui                    alive=True  restarts=0   mem=49.3MB fps=0.0
2026-04-15 13:27:32 [INFO] [supervisor.supervisor]   gpu_monitor            alive=True  restarts=0   mem=13.6MB fps=0.0
2026-04-15 13:28:01 [ERROR] [supervisor.supervisor] [camera] cam=2 ConnectionFailed: RTSP failed: rtsp://admin:password@192.168.1.103:554/
2026-04-15 13:28:32 [INFO] [supervisor.supervisor] [Health] Uptime 00h21m15s
2026-04-15 13:28:32 [INFO] [supervisor.supervisor]   camera_0               alive=True  restarts=0   mem=128.7MB fps=10.5
2026-04-15 13:28:32 [INFO] [supervisor.supervisor]   camera_1               alive=True  restarts=0   mem=137.6MB fps=0.0
2026-04-15 13:28:32 [INFO] [supervisor.supervisor]   camera_2               alive=True  restarts=0   mem=0.0MB fps=0.0
2026-04-15 13:28:32 [INFO] [supervisor.supervisor]   gpu_pool               alive=True  restarts=0   mem=187.4MB fps=2.7
2026-04-15 13:28:32 [INFO] [supervisor.supervisor]   relay                  alive=True  restarts=0   mem=15.5MB fps=0.0
2026-04-15 13:28:32 [INFO] [supervisor.supervisor]   gui                    alive=True  restarts=0   mem=49.3MB fps=0.0
2026-04-15 13:28:32 [INFO] [supervisor.supervisor]   gpu_monitor            alive=True  restarts=0   mem=13.6MB fps=0.0
2026-04-15 14:20:45 [INFO] [supervisor] Logging initialised → logs\supervisor.log (level=INFO)
2026-04-15 14:20:45 [INFO] [core.config_loader] Config loaded v2.1: 3 cameras
2026-04-15 14:20:45 [INFO] [supervisor.supervisor] ============================================================
2026-04-15 14:20:45 [INFO] [supervisor.supervisor] Supervisor v2.1 — IndustrialVisionSystem
2026-04-15 14:20:45 [INFO] [supervisor.supervisor] ============================================================
2026-04-15 14:20:45 [INFO] [supervisor.supervisor] Model OK: models/best.pt
2026-04-15 14:20:45 [INFO] [supervisor.supervisor] [Supervisor] Result fanout thread started
2026-04-15 14:20:46 [INFO] [supervisor.supervisor] Started camera_0 PID=1300
2026-04-15 14:20:46 [INFO] [supervisor.supervisor] Started camera_1 PID=3804
2026-04-15 14:20:46 [INFO] [supervisor.supervisor] Started camera_2 PID=9796
2026-04-15 14:20:46 [INFO] [supervisor.supervisor] Started gpu_pool PID=6088 (daemon=False, spawns GPU worker children)
2026-04-15 14:20:46 [INFO] [supervisor.supervisor] Started relay PID=11240
2026-04-15 14:20:46 [INFO] [supervisor.supervisor] Started gui PID=13256
2026-04-15 14:20:46 [INFO] [supervisor.supervisor] Started gpu_monitor PID=6460
2026-04-15 14:20:46 [INFO] [supervisor.supervisor] All processes started.
2026-04-15 14:20:46 [INFO] [supervisor.supervisor] Supervision loop running
2026-04-15 14:21:18 [ERROR] [supervisor.supervisor] [camera] cam=2 ConnectionFailed: RTSP failed: rtsp://admin:password@192.168.1.103:554/
2026-04-15 14:21:46 [INFO] [supervisor.supervisor] [Health] Uptime 00h01m00s
2026-04-15 14:21:46 [INFO] [supervisor.supervisor]   camera_0               alive=True  restarts=0   mem=94.0MB fps=10.9
2026-04-15 14:21:46 [INFO] [supervisor.supervisor]   camera_1               alive=True  restarts=0   mem=93.4MB fps=10.9
2026-04-15 14:21:46 [INFO] [supervisor.supervisor]   camera_2               alive=True  restarts=0   mem=0.0MB fps=0.0
2026-04-15 14:21:46 [INFO] [supervisor.supervisor]   gpu_pool               alive=True  restarts=0   mem=376.5MB fps=5.8
2026-04-15 14:21:46 [INFO] [supervisor.supervisor]   relay                  alive=True  restarts=0   mem=30.0MB fps=0.0
2026-04-15 14:21:46 [INFO] [supervisor.supervisor]   gui                    alive=True  restarts=0   mem=61.3MB fps=0.0
2026-04-15 14:21:46 [INFO] [supervisor.supervisor]   gpu_monitor            alive=True  restarts=0   mem=21.8MB fps=0.0
2026-04-15 14:21:50 [ERROR] [supervisor.supervisor] [camera] cam=2 ConnectionFailed: RTSP failed: rtsp://admin:password@192.168.1.103:554/
2026-04-15 14:22:25 [ERROR] [supervisor.supervisor] [camera] cam=2 ConnectionFailed: RTSP failed: rtsp://admin:password@192.168.1.103:554/
2026-04-15 14:22:46 [INFO] [supervisor.supervisor] [Health] Uptime 00h02m01s
2026-04-15 14:22:46 [INFO] [supervisor.supervisor]   camera_0               alive=True  restarts=0   mem=95.7MB fps=11.0
2026-04-15 14:22:46 [INFO] [supervisor.supervisor]   camera_1               alive=True  restarts=0   mem=95.7MB fps=11.0
2026-04-15 14:22:46 [INFO] [supervisor.supervisor]   camera_2               alive=True  restarts=0   mem=0.0MB fps=0.0
2026-04-15 14:22:46 [INFO] [supervisor.supervisor]   gpu_pool               alive=True  restarts=0   mem=377.9MB fps=4.9
2026-04-15 14:22:46 [INFO] [supervisor.supervisor]   relay                  alive=True  restarts=0   mem=30.0MB fps=0.0
2026-04-15 14:22:46 [INFO] [supervisor.supervisor]   gui                    alive=True  restarts=0   mem=61.6MB fps=0.0
2026-04-15 14:22:46 [INFO] [supervisor.supervisor]   gpu_monitor            alive=True  restarts=0   mem=21.7MB fps=0.0
2026-04-15 14:23:04 [ERROR] [supervisor.supervisor] [camera] cam=2 ConnectionFailed: RTSP failed: rtsp://admin:password@192.168.1.103:554/
2026-04-15 14:23:47 [INFO] [supervisor.supervisor] [Health] Uptime 00h03m01s
2026-04-15 14:23:47 [INFO] [supervisor.supervisor]   camera_0               alive=True  restarts=0   mem=97.0MB fps=11.1
2026-04-15 14:23:47 [INFO] [supervisor.supervisor]   camera_1               alive=True  restarts=0   mem=96.6MB fps=10.8
2026-04-15 14:23:47 [INFO] [supervisor.supervisor]   camera_2               alive=True  restarts=0   mem=0.0MB fps=0.0
2026-04-15 14:23:47 [INFO] [supervisor.supervisor]   gpu_pool               alive=True  restarts=0   mem=382.4MB fps=2.6
2026-04-15 14:23:47 [INFO] [supervisor.supervisor]   relay                  alive=True  restarts=0   mem=30.0MB fps=0.0
2026-04-15 14:23:47 [INFO] [supervisor.supervisor]   gui                    alive=True  restarts=0   mem=59.1MB fps=0.0
2026-04-15 14:23:47 [INFO] [supervisor.supervisor]   gpu_monitor            alive=True  restarts=0   mem=21.7MB fps=0.0
2026-04-15 14:23:50 [ERROR] [supervisor.supervisor] [camera] cam=2 ConnectionFailed: RTSP failed: rtsp://admin:password@192.168.1.103:554/
2026-04-15 14:24:48 [INFO] [supervisor.supervisor] [Health] Uptime 00h04m02s
2026-04-15 14:24:48 [INFO] [supervisor.supervisor]   camera_0               alive=True  restarts=0   mem=97.0MB fps=10.9
2026-04-15 14:24:48 [INFO] [supervisor.supervisor]   camera_1               alive=True  restarts=0   mem=96.6MB fps=11.0
2026-04-15 14:24:48 [INFO] [supervisor.supervisor]   camera_2               alive=True  restarts=0   mem=0.0MB fps=0.0
2026-04-15 14:24:48 [INFO] [supervisor.supervisor]   gpu_pool               alive=True  restarts=0   mem=372.8MB fps=2.7
2026-04-15 14:24:48 [INFO] [supervisor.supervisor]   relay                  alive=True  restarts=0   mem=30.0MB fps=0.0
2026-04-15 14:24:48 [INFO] [supervisor.supervisor]   gui                    alive=True  restarts=0   mem=61.7MB fps=0.0
2026-04-15 14:24:48 [INFO] [supervisor.supervisor]   gpu_monitor            alive=True  restarts=0   mem=21.7MB fps=0.0
2026-04-15 14:24:53 [ERROR] [supervisor.supervisor] [camera] cam=2 ConnectionFailed: RTSP failed: rtsp://admin:password@192.168.1.103:554/
2026-04-15 14:25:48 [INFO] [supervisor.supervisor] [Health] Uptime 00h05m03s
2026-04-15 14:25:48 [INFO] [supervisor.supervisor]   camera_0               alive=True  restarts=0   mem=97.1MB fps=11.2
2026-04-15 14:25:48 [INFO] [supervisor.supervisor]   camera_1               alive=True  restarts=0   mem=97.5MB fps=11.3
2026-04-15 14:25:48 [INFO] [supervisor.supervisor]   camera_2               alive=True  restarts=0   mem=0.0MB fps=0.0
2026-04-15 14:25:48 [INFO] [supervisor.supervisor]   gpu_pool               alive=True  restarts=0   mem=375.4MB fps=5.1
2026-04-15 14:25:48 [INFO] [supervisor.supervisor]   relay                  alive=True  restarts=0   mem=30.0MB fps=0.0
2026-04-15 14:25:48 [INFO] [supervisor.supervisor]   gui                    alive=True  restarts=0   mem=62.1MB fps=0.0
2026-04-15 14:25:48 [INFO] [supervisor.supervisor]   gpu_monitor            alive=True  restarts=0   mem=22.0MB fps=0.0
2026-04-15 14:26:24 [ERROR] [supervisor.supervisor] [camera] cam=2 ConnectionFailed: RTSP failed: rtsp://admin:password@192.168.1.103:554/
2026-04-15 14:26:49 [INFO] [supervisor.supervisor] [Health] Uptime 00h06m03s
2026-04-15 14:26:49 [INFO] [supervisor.supervisor]   camera_0               alive=True  restarts=0   mem=97.5MB fps=10.8
2026-04-15 14:26:49 [INFO] [supervisor.supervisor]   camera_1               alive=True  restarts=0   mem=98.6MB fps=11.1
2026-04-15 14:26:49 [INFO] [supervisor.supervisor]   camera_2               alive=True  restarts=0   mem=0.0MB fps=0.0
2026-04-15 14:26:49 [INFO] [supervisor.supervisor]   gpu_pool               alive=True  restarts=0   mem=373.3MB fps=2.5
2026-04-15 14:26:49 [INFO] [supervisor.supervisor]   relay                  alive=True  restarts=0   mem=30.0MB fps=0.0
2026-04-15 14:26:49 [INFO] [supervisor.supervisor]   gui                    alive=True  restarts=0   mem=59.5MB fps=0.0
2026-04-15 14:26:49 [INFO] [supervisor.supervisor]   gpu_monitor            alive=True  restarts=0   mem=22.0MB fps=0.0
2026-04-15 14:27:50 [INFO] [supervisor.supervisor] [Health] Uptime 00h07m04s
2026-04-15 14:27:50 [INFO] [supervisor.supervisor]   camera_0               alive=True  restarts=0   mem=97.5MB fps=11.0
2026-04-15 14:27:50 [INFO] [supervisor.supervisor]   camera_1               alive=True  restarts=0   mem=98.6MB fps=10.9
2026-04-15 14:27:50 [INFO] [supervisor.supervisor]   camera_2               alive=True  restarts=0   mem=0.0MB fps=0.0
2026-04-15 14:27:50 [INFO] [supervisor.supervisor]   gpu_pool               alive=True  restarts=0   mem=375.6MB fps=0.0
2026-04-15 14:27:50 [INFO] [supervisor.supervisor]   relay                  alive=True  restarts=0   mem=30.0MB fps=0.0
2026-04-15 14:27:50 [INFO] [supervisor.supervisor]   gui                    alive=True  restarts=0   mem=59.4MB fps=0.0
2026-04-15 14:27:50 [INFO] [supervisor.supervisor]   gpu_monitor            alive=True  restarts=0   mem=21.9MB fps=0.0
2026-04-15 14:27:54 [ERROR] [supervisor.supervisor] [camera] cam=2 ConnectionFailed: RTSP failed: rtsp://admin:password@192.168.1.103:554/
2026-04-15 14:28:50 [INFO] [supervisor.supervisor] [Health] Uptime 00h08m05s
2026-04-15 14:28:50 [INFO] [supervisor.supervisor]   camera_0               alive=True  restarts=0   mem=97.5MB fps=11.1
2026-04-15 14:28:50 [INFO] [supervisor.supervisor]   camera_1               alive=True  restarts=0   mem=98.6MB fps=11.1
2026-04-15 14:28:50 [INFO] [supervisor.supervisor]   camera_2               alive=True  restarts=0   mem=0.0MB fps=0.0
2026-04-15 14:28:50 [INFO] [supervisor.supervisor]   gpu_pool               alive=True  restarts=0   mem=374.0MB fps=3.8
2026-04-15 14:28:50 [INFO] [supervisor.supervisor]   relay                  alive=True  restarts=0   mem=30.0MB fps=0.0
2026-04-15 14:28:50 [INFO] [supervisor.supervisor]   gui                    alive=True  restarts=0   mem=62.1MB fps=0.0
2026-04-15 14:28:50 [INFO] [supervisor.supervisor]   gpu_monitor            alive=True  restarts=0   mem=21.9MB fps=0.0
2026-04-15 14:29:25 [ERROR] [supervisor.supervisor] [camera] cam=2 ConnectionFailed: RTSP failed: rtsp://admin:password@192.168.1.103:554/
2026-04-15 14:29:51 [INFO] [supervisor.supervisor] [Health] Uptime 00h09m05s
2026-04-15 14:29:51 [INFO] [supervisor.supervisor]   camera_0               alive=True  restarts=0   mem=97.5MB fps=11.1
2026-04-15 14:29:51 [INFO] [supervisor.supervisor]   camera_1               alive=True  restarts=0   mem=98.6MB fps=11.2
2026-04-15 14:29:51 [INFO] [supervisor.supervisor]   camera_2               alive=True  restarts=0   mem=0.0MB fps=0.0
2026-04-15 14:29:51 [INFO] [supervisor.supervisor]   gpu_pool               alive=True  restarts=0   mem=375.3MB fps=3.7
2026-04-15 14:29:51 [INFO] [supervisor.supervisor]   relay                  alive=True  restarts=0   mem=30.0MB fps=0.0
2026-04-15 14:29:51 [INFO] [supervisor.supervisor]   gui                    alive=True  restarts=0   mem=64.8MB fps=0.0
2026-04-15 14:29:51 [INFO] [supervisor.supervisor]   gpu_monitor            alive=True  restarts=0   mem=22.0MB fps=0.0
2026-04-15 14:30:52 [INFO] [supervisor.supervisor] [Health] Uptime 00h10m06s
2026-04-15 14:30:52 [INFO] [supervisor.supervisor]   camera_0               alive=True  restarts=0   mem=98.0MB fps=11.0
2026-04-15 14:30:52 [INFO] [supervisor.supervisor]   camera_1               alive=True  restarts=0   mem=98.6MB fps=10.9
2026-04-15 14:30:52 [INFO] [supervisor.supervisor]   camera_2               alive=True  restarts=0   mem=0.0MB fps=0.0
2026-04-15 14:30:52 [INFO] [supervisor.supervisor]   gpu_pool               alive=True  restarts=0   mem=374.2MB fps=4.2
2026-04-15 14:30:52 [INFO] [supervisor.supervisor]   relay                  alive=True  restarts=0   mem=30.0MB fps=0.0
2026-04-15 14:30:52 [INFO] [supervisor.supervisor]   gui                    alive=True  restarts=0   mem=59.5MB fps=0.0
2026-04-15 14:30:52 [INFO] [supervisor.supervisor]   gpu_monitor            alive=True  restarts=0   mem=22.0MB fps=0.0
2026-04-15 14:30:55 [INFO] [supervisor.supervisor] [Supervisor] Detection PAUSED by operator
2026-04-15 14:30:56 [ERROR] [supervisor.supervisor] [camera] cam=2 ConnectionFailed: RTSP failed: rtsp://admin:password@192.168.1.103:554/
2026-04-15 14:31:52 [INFO] [supervisor.supervisor] [Health] Uptime 00h11m06s
2026-04-15 14:31:52 [INFO] [supervisor.supervisor]   camera_0               alive=True  restarts=0   mem=98.0MB fps=11.0
2026-04-15 14:31:52 [INFO] [supervisor.supervisor]   camera_1               alive=True  restarts=0   mem=98.6MB fps=11.1
2026-04-15 14:31:52 [INFO] [supervisor.supervisor]   camera_2               alive=True  restarts=0   mem=0.0MB fps=0.0
2026-04-15 14:31:52 [INFO] [supervisor.supervisor]   gpu_pool               alive=True  restarts=0   mem=371.6MB fps=0.0
2026-04-15 14:31:52 [INFO] [supervisor.supervisor]   relay                  alive=True  restarts=0   mem=30.0MB fps=0.0
2026-04-15 14:31:52 [INFO] [supervisor.supervisor]   gui                    alive=True  restarts=0   mem=59.6MB fps=0.0
2026-04-15 14:31:52 [INFO] [supervisor.supervisor]   gpu_monitor            alive=True  restarts=0   mem=22.0MB fps=0.0
2026-04-15 14:32:26 [ERROR] [supervisor.supervisor] [camera] cam=2 ConnectionFailed: RTSP failed: rtsp://admin:password@192.168.1.103:554/
2026-04-15 14:32:36 [INFO] [supervisor.supervisor] [Supervisor] Signal 2 → shutdown
2026-04-15 14:32:37 [INFO] [supervisor.supervisor] Supervision loop ending
2026-04-15 14:32:37 [INFO] [supervisor.supervisor] [Supervisor] Shutting down all...
2026-04-15 14:32:37 [INFO] [supervisor.supervisor] [Supervisor] Shutdown complete
2026-04-15 15:06:12 [INFO] [supervisor] Logging initialised → logs\supervisor.log (level=INFO)
2026-04-15 15:06:12 [INFO] [core.config_loader] Config loaded v2.1: 3 cameras
2026-04-15 15:06:12 [INFO] [supervisor.supervisor] ============================================================
2026-04-15 15:06:12 [INFO] [supervisor.supervisor] Supervisor v2.1 — IndustrialVisionSystem
2026-04-15 15:06:12 [INFO] [supervisor.supervisor] ============================================================
2026-04-15 15:06:12 [INFO] [supervisor.supervisor] Model OK: models/best.pt
2026-04-15 15:06:12 [INFO] [supervisor.supervisor] [Supervisor] Result fanout thread started
2026-04-15 15:06:13 [INFO] [supervisor.supervisor] Started camera_0 PID=280
2026-04-15 15:06:13 [INFO] [supervisor.supervisor] Started camera_1 PID=5232
2026-04-15 15:06:13 [INFO] [supervisor.supervisor] Started camera_2 PID=1368
2026-04-15 15:06:13 [INFO] [supervisor.supervisor] Started gpu_pool PID=1392 (daemon=False, spawns GPU worker children)
2026-04-15 15:06:13 [INFO] [supervisor.supervisor] Started relay PID=9196
2026-04-15 15:06:13 [INFO] [supervisor.supervisor] Started gui PID=8996
2026-04-15 15:06:13 [INFO] [supervisor.supervisor] Started gpu_monitor PID=1532
2026-04-15 15:06:13 [INFO] [supervisor.supervisor] All processes started.
2026-04-15 15:06:13 [INFO] [supervisor.supervisor] Supervision loop running
2026-04-15 15:06:45 [ERROR] [supervisor.supervisor] [camera] cam=1 ConnectionFailed: RTSP failed: rtsp://admin:Pass_123@192.168.1.249:554/
2026-04-15 15:06:45 [ERROR] [supervisor.supervisor] [camera] cam=2 ConnectionFailed: RTSP failed: rtsp://admin:password@192.168.1.103:554/
2026-04-15 15:06:45 [ERROR] [supervisor.supervisor] [camera] cam=0 ConnectionFailed: RTSP failed: rtsp://admin:Pass_123@192.168.1.248:554/
2026-04-15 15:07:13 [INFO] [supervisor.supervisor] [Health] Uptime 00h01m00s
2026-04-15 15:07:13 [INFO] [supervisor.supervisor]   camera_0               alive=True  restarts=0   mem=0.0MB fps=0.0
2026-04-15 15:07:13 [INFO] [supervisor.supervisor]   camera_1               alive=True  restarts=0   mem=0.0MB fps=0.0
2026-04-15 15:07:13 [INFO] [supervisor.supervisor]   camera_2               alive=True  restarts=0   mem=0.0MB fps=0.0
2026-04-15 15:07:13 [INFO] [supervisor.supervisor]   gpu_pool               alive=True  restarts=0   mem=313.7MB fps=0.0
2026-04-15 15:07:13 [INFO] [supervisor.supervisor]   relay                  alive=True  restarts=0   mem=29.8MB fps=0.0
2026-04-15 15:07:13 [INFO] [supervisor.supervisor]   gui                    alive=True  restarts=0   mem=47.4MB fps=0.0
2026-04-15 15:07:13 [INFO] [supervisor.supervisor]   gpu_monitor            alive=True  restarts=0   mem=21.8MB fps=0.0
2026-04-15 15:07:18 [ERROR] [supervisor.supervisor] [camera] cam=1 ConnectionFailed: RTSP failed: rtsp://admin:Pass_123@192.168.1.249:554/
2026-04-15 15:07:18 [ERROR] [supervisor.supervisor] [camera] cam=2 ConnectionFailed: RTSP failed: rtsp://admin:password@192.168.1.103:554/
2026-04-15 15:07:18 [ERROR] [supervisor.supervisor] [camera] cam=0 ConnectionFailed: RTSP failed: rtsp://admin:Pass_123@192.168.1.248:554/
2026-04-15 15:07:52 [ERROR] [supervisor.supervisor] [camera] cam=1 ConnectionFailed: RTSP failed: rtsp://admin:Pass_123@192.168.1.249:554/
2026-04-15 15:07:52 [ERROR] [supervisor.supervisor] [camera] cam=2 ConnectionFailed: RTSP failed: rtsp://admin:password@192.168.1.103:554/
2026-04-15 15:07:52 [ERROR] [supervisor.supervisor] [camera] cam=0 ConnectionFailed: RTSP failed: rtsp://admin:Pass_123@192.168.1.248:554/
2026-04-15 15:08:13 [INFO] [supervisor.supervisor] [Health] Uptime 00h02m00s
2026-04-15 15:08:13 [INFO] [supervisor.supervisor]   camera_0               alive=True  restarts=0   mem=84.7MB fps=0.0
2026-04-15 15:08:13 [INFO] [supervisor.supervisor]   camera_1               alive=True  restarts=0   mem=0.0MB fps=0.0
2026-04-15 15:08:13 [INFO] [supervisor.supervisor]   camera_2               alive=True  restarts=0   mem=0.0MB fps=0.0
2026-04-15 15:08:13 [INFO] [supervisor.supervisor]   gpu_pool               alive=True  restarts=0   mem=359.4MB fps=0.0
2026-04-15 15:08:13 [INFO] [supervisor.supervisor]   relay                  alive=True  restarts=0   mem=29.8MB fps=0.0
2026-04-15 15:08:13 [INFO] [supervisor.supervisor]   gui                    alive=True  restarts=0   mem=55.7MB fps=0.0
2026-04-15 15:08:13 [INFO] [supervisor.supervisor]   gpu_monitor            alive=True  restarts=0   mem=21.7MB fps=0.0
2026-04-15 15:08:30 [ERROR] [supervisor.supervisor] [camera] cam=1 ConnectionFailed: RTSP failed: rtsp://admin:Pass_123@192.168.1.249:554/
2026-04-15 15:08:30 [ERROR] [supervisor.supervisor] [camera] cam=2 ConnectionFailed: RTSP failed: rtsp://admin:password@192.168.1.103:554/
2026-04-15 15:09:14 [INFO] [supervisor.supervisor] [Health] Uptime 00h03m01s
2026-04-15 15:09:14 [INFO] [supervisor.supervisor]   camera_0               alive=True  restarts=0   mem=94.1MB fps=10.9
2026-04-15 15:09:14 [INFO] [supervisor.supervisor]   camera_1               alive=True  restarts=0   mem=93.3MB fps=11.0
2026-04-15 15:09:14 [INFO] [supervisor.supervisor]   camera_2               alive=True  restarts=0   mem=0.0MB fps=0.0
2026-04-15 15:09:14 [INFO] [supervisor.supervisor]   gpu_pool               alive=True  restarts=0   mem=374.2MB fps=0.0
2026-04-15 15:09:14 [INFO] [supervisor.supervisor]   relay                  alive=True  restarts=0   mem=29.8MB fps=0.0
2026-04-15 15:09:14 [INFO] [supervisor.supervisor]   gui                    alive=True  restarts=0   mem=58.5MB fps=0.0
2026-04-15 15:09:14 [INFO] [supervisor.supervisor]   gpu_monitor            alive=True  restarts=0   mem=21.7MB fps=0.0
2026-04-15 15:09:18 [ERROR] [supervisor.supervisor] [camera] cam=2 ConnectionFailed: RTSP failed: rtsp://admin:password@192.168.1.103:554/
2026-04-15 15:09:48 [INFO] [supervisor.supervisor] [Supervisor] Signal 2 → shutdown
2026-04-15 15:09:48 [INFO] [supervisor.supervisor] Supervision loop ending
2026-04-15 15:09:48 [INFO] [supervisor.supervisor] [Supervisor] Shutting down all...
2026-04-15 15:09:48 [INFO] [supervisor.supervisor] [Supervisor] Shutdown complete
2026-04-15 20:05:35 [INFO] [supervisor] Logging initialised → logs\supervisor.log (level=INFO)
2026-04-15 20:05:35 [INFO] [core.config_loader] Config loaded v2.1: 3 cameras
2026-04-15 20:05:35 [INFO] [supervisor.supervisor] ============================================================
2026-04-15 20:05:35 [INFO] [supervisor.supervisor] Supervisor v2.1 — IndustrialVisionSystem
2026-04-15 20:05:35 [INFO] [supervisor.supervisor] ============================================================
2026-04-15 20:05:35 [INFO] [supervisor.supervisor] Model OK: models/best.pt
2026-04-15 20:05:35 [INFO] [supervisor.supervisor] [Supervisor] Result fanout thread started
2026-04-15 20:05:36 [CRITICAL] [root] UNHANDLED EXCEPTION in supervisor
Traceback (most recent call last):
  File "c:\projects\final\industrial_oil_can_vision_system\main.py", line 55, in <module>
    main()
  File "c:\projects\final\industrial_oil_can_vision_system\main.py", line 51, in main
    run_supervisor(config_path)
  File "c:\projects\final\industrial_oil_can_vision_system\supervisor\supervisor.py", line 526, in run_supervisor
    Supervisor(config_path).start()
  File "c:\projects\final\industrial_oil_can_vision_system\supervisor\supervisor.py", line 101, in start
    logger.info("Model OK: %s", self.cfg.model.path); self._start_all(detection_ok=True)
  File "c:\projects\final\industrial_oil_can_vision_system\supervisor\supervisor.py", line 127, in _start_all
    for cam_id in self.cfg.camera_ids: self._start_camera(cam_id)
  File "c:\projects\final\industrial_oil_can_vision_system\supervisor\supervisor.py", line 138, in _start_camera
    from camera.camera_process import camera_process_entry
  File "c:\projects\final\industrial_oil_can_vision_system\camera\camera_process.py", line 44, in <module>
    from core.ipc_schema import (
ImportError: cannot import name 'make_heartbeat_msg' from 'core.ipc_schema' (c:\projects\final\industrial_oil_can_vision_system\core\ipc_schema.py)
2026-04-15 20:06:11 [INFO] [supervisor] Logging initialised → logs\supervisor.log (level=INFO)
2026-04-15 20:06:11 [INFO] [core.config_loader] Config loaded v2.1: 3 cameras
2026-04-15 20:06:11 [INFO] [supervisor.supervisor] ============================================================
2026-04-15 20:06:11 [INFO] [supervisor.supervisor] Supervisor v2.1 — IndustrialVisionSystem
2026-04-15 20:06:11 [INFO] [supervisor.supervisor] ============================================================
2026-04-15 20:06:11 [INFO] [supervisor.supervisor] Model OK: models/best.pt
2026-04-15 20:06:11 [INFO] [supervisor.supervisor] [Supervisor] Result fanout thread started
2026-04-15 20:06:12 [CRITICAL] [root] UNHANDLED EXCEPTION in supervisor
Traceback (most recent call last):
  File "c:\projects\final\industrial_oil_can_vision_system\main.py", line 55, in <module>
    main()
  File "c:\projects\final\industrial_oil_can_vision_system\main.py", line 51, in main
    run_supervisor(config_path)
  File "c:\projects\final\industrial_oil_can_vision_system\supervisor\supervisor.py", line 526, in run_supervisor
    Supervisor(config_path).start()
  File "c:\projects\final\industrial_oil_can_vision_system\supervisor\supervisor.py", line 101, in start
    logger.info("Model OK: %s", self.cfg.model.path); self._start_all(detection_ok=True)
  File "c:\projects\final\industrial_oil_can_vision_system\supervisor\supervisor.py", line 127, in _start_all
    for cam_id in self.cfg.camera_ids: self._start_camera(cam_id)
  File "c:\projects\final\industrial_oil_can_vision_system\supervisor\supervisor.py", line 138, in _start_camera
    from camera.camera_process import camera_process_entry
  File "c:\projects\final\industrial_oil_can_vision_system\camera\camera_process.py", line 44, in <module>
    from core.ipc_schema import (
ImportError: cannot import name 'make_heartbeat_msg' from 'core.ipc_schema' (c:\projects\final\industrial_oil_can_vision_system\core\ipc_schema.py)
2026-04-15 20:14:56 [INFO] [supervisor] Logging initialised → logs\supervisor.log (level=INFO)
2026-04-15 20:14:56 [INFO] [core.config_loader] Config loaded v2.1: 3 cameras
2026-04-15 20:14:56 [INFO] [supervisor.supervisor] ============================================================
2026-04-15 20:14:56 [INFO] [supervisor.supervisor] Supervisor v2.1 — IndustrialVisionSystem
2026-04-15 20:14:56 [INFO] [supervisor.supervisor] ============================================================
2026-04-15 20:14:56 [INFO] [supervisor.supervisor] Model OK: models/best.pt
2026-04-15 20:14:56 [INFO] [supervisor.supervisor] [Supervisor] Result fanout thread started
2026-04-15 20:14:57 [INFO] [supervisor] Logging initialised → logs\supervisor.log (level=INFO)
2026-04-15 20:14:57 [INFO] [core.config_loader] Config loaded v2.1: 3 cameras
2026-04-15 20:14:57 [INFO] [supervisor.supervisor] ============================================================
2026-04-15 20:14:57 [INFO] [supervisor.supervisor] Supervisor v2.1 — IndustrialVisionSystem
2026-04-15 20:14:57 [INFO] [supervisor.supervisor] ============================================================
2026-04-15 20:14:57 [INFO] [supervisor.supervisor] Model OK: models/best.pt
2026-04-15 20:14:57 [INFO] [supervisor.supervisor] [Supervisor] Result fanout thread started
2026-04-15 20:14:58 [CRITICAL] [root] UNHANDLED EXCEPTION in supervisor
Traceback (most recent call last):
  File "c:\projects\final\industrial_oil_can_vision_system\main.py", line 55, in <module>
    main()
  File "c:\projects\final\industrial_oil_can_vision_system\main.py", line 51, in main
    run_supervisor(config_path)
  File "c:\projects\final\industrial_oil_can_vision_system\supervisor\supervisor.py", line 526, in run_supervisor
    Supervisor(config_path).start()
  File "c:\projects\final\industrial_oil_can_vision_system\supervisor\supervisor.py", line 101, in start
    logger.info("Model OK: %s", self.cfg.model.path); self._start_all(detection_ok=True)
  File "c:\projects\final\industrial_oil_can_vision_system\supervisor\supervisor.py", line 127, in _start_all
    for cam_id in self.cfg.camera_ids: self._start_camera(cam_id)
  File "c:\projects\final\industrial_oil_can_vision_system\supervisor\supervisor.py", line 138, in _start_camera
    from camera.camera_process import camera_process_entry
  File "c:\projects\final\industrial_oil_can_vision_system\camera\camera_process.py", line 44, in <module>
    from core.ipc_schema import (
ImportError: cannot import name 'make_heartbeat_msg' from 'core.ipc_schema' (c:\projects\final\industrial_oil_can_vision_system\core\ipc_schema.py)
2026-04-15 20:16:35 [INFO] [supervisor] Logging initialised → logs\supervisor.log (level=INFO)
2026-04-15 20:16:35 [INFO] [core.config_loader] Config loaded v2.1: 3 cameras
2026-04-15 20:16:35 [INFO] [supervisor.supervisor] ============================================================
2026-04-15 20:16:35 [INFO] [supervisor.supervisor] Supervisor v2.1 — IndustrialVisionSystem
2026-04-15 20:16:35 [INFO] [supervisor.supervisor] ============================================================
2026-04-15 20:16:35 [INFO] [supervisor.supervisor] Model OK: models/best.pt
2026-04-15 20:16:35 [INFO] [supervisor.supervisor] [Supervisor] Result fanout thread started
2026-04-15 20:16:35 [CRITICAL] [root] UNHANDLED EXCEPTION in supervisor
Traceback (most recent call last):
  File "c:\projects\final\industrial_oil_can_vision_system\main.py", line 55, in <module>
    main()
  File "c:\projects\final\industrial_oil_can_vision_system\main.py", line 51, in main
    run_supervisor(config_path)
  File "c:\projects\final\industrial_oil_can_vision_system\supervisor\supervisor.py", line 526, in run_supervisor
    Supervisor(config_path).start()
  File "c:\projects\final\industrial_oil_can_vision_system\supervisor\supervisor.py", line 101, in start
    logger.info("Model OK: %s", self.cfg.model.path); self._start_all(detection_ok=True)
  File "c:\projects\final\industrial_oil_can_vision_system\supervisor\supervisor.py", line 127, in _start_all
    for cam_id in self.cfg.camera_ids: self._start_camera(cam_id)
  File "c:\projects\final\industrial_oil_can_vision_system\supervisor\supervisor.py", line 138, in _start_camera
    from camera.camera_process import camera_process_entry
  File "c:\projects\final\industrial_oil_can_vision_system\camera\camera_process.py", line 44, in <module>
    from core.ipc_schema import (
ImportError: cannot import name 'make_heartbeat_msg' from 'core.ipc_schema' (c:\projects\final\industrial_oil_can_vision_system\core\ipc_schema.py)
2026-04-16 00:03:23 [INFO] [supervisor] Logging initialised → logs\supervisor.log (level=INFO)
2026-04-16 00:03:23 [INFO] [core.config_loader] Config loaded v2.1: 3 cameras
2026-04-16 00:03:23 [INFO] [supervisor.supervisor] ============================================================
2026-04-16 00:03:23 [INFO] [supervisor.supervisor] Supervisor v2.1 — IndustrialVisionSystem
2026-04-16 00:03:23 [INFO] [supervisor.supervisor] ============================================================
2026-04-16 00:03:23 [INFO] [supervisor.supervisor] Model OK: models/best.pt
2026-04-16 00:03:23 [INFO] [supervisor.supervisor] [Supervisor] Result fanout thread started
2026-04-16 00:03:24 [CRITICAL] [root] UNHANDLED EXCEPTION in supervisor
Traceback (most recent call last):
  File "c:\projects\final\industrial_oil_can_vision_system\main.py", line 55, in <module>
    main()
  File "c:\projects\final\industrial_oil_can_vision_system\main.py", line 51, in main
    run_supervisor(config_path)
  File "c:\projects\final\industrial_oil_can_vision_system\supervisor\supervisor.py", line 526, in run_supervisor
    Supervisor(config_path).start()
  File "c:\projects\final\industrial_oil_can_vision_system\supervisor\supervisor.py", line 101, in start
    logger.info("Model OK: %s", self.cfg.model.path); self._start_all(detection_ok=True)
  File "c:\projects\final\industrial_oil_can_vision_system\supervisor\supervisor.py", line 127, in _start_all
    for cam_id in self.cfg.camera_ids: self._start_camera(cam_id)
  File "c:\projects\final\industrial_oil_can_vision_system\supervisor\supervisor.py", line 138, in _start_camera
    from camera.camera_process import camera_process_entry
  File "c:\projects\final\industrial_oil_can_vision_system\camera\camera_process.py", line 49, in <module>
    from core.shared_frame import SharedFrame
ImportError: cannot import name 'SharedFrame' from 'core.shared_frame' (c:\projects\final\industrial_oil_can_vision_system\core\shared_frame.py)
2026-04-16 00:32:53 [INFO] [supervisor] Logging initialised → logs\supervisor.log (level=INFO)
2026-04-16 00:32:53 [INFO] [core.config_loader] Config loaded v2.1: 3 cameras
2026-04-16 00:32:53 [INFO] [supervisor.supervisor] ============================================================
2026-04-16 00:32:53 [INFO] [supervisor.supervisor] Supervisor v2.1 — IndustrialVisionSystem
2026-04-16 00:32:53 [INFO] [supervisor.supervisor] ============================================================
2026-04-16 00:32:53 [INFO] [supervisor.supervisor] Model OK: models/best.pt
2026-04-16 00:32:53 [INFO] [supervisor.supervisor] [Supervisor] Result fanout thread started
2026-04-16 00:32:54 [INFO] [supervisor.supervisor] Started camera_0 PID=3676
2026-04-16 00:32:54 [INFO] [supervisor.supervisor] Started camera_1 PID=2844
2026-04-16 00:32:54 [INFO] [supervisor.supervisor] Started camera_2 PID=4836
2026-04-16 00:32:54 [INFO] [supervisor.supervisor] Started gpu_pool PID=9840 (daemon=False, spawns GPU worker children)
2026-04-16 00:32:54 [INFO] [supervisor.supervisor] Started relay PID=9232
2026-04-16 00:32:54 [INFO] [supervisor.supervisor] Started gui PID=11968
2026-04-16 00:32:54 [INFO] [supervisor.supervisor] Started gpu_monitor PID=8496
2026-04-16 00:32:54 [INFO] [supervisor.supervisor] All processes started.
2026-04-16 00:32:54 [INFO] [supervisor.supervisor] Supervision loop running
2026-04-16 00:33:09 [ERROR] [supervisor.supervisor] [Supervisor] camera_0 not alive → restart
2026-04-16 00:33:09 [INFO] [supervisor.supervisor] [Supervisor] Restarting camera_0 (#1)
2026-04-16 00:33:09 [INFO] [supervisor.supervisor] [Supervisor] camera_0 backoff 5.0s
2026-04-16 00:33:11 [INFO] [supervisor.supervisor] [Supervisor] Signal 2 → shutdown
2026-04-16 00:33:14 [INFO] [supervisor.supervisor] Started camera_0 PID=7096
2026-04-16 00:33:14 [ERROR] [supervisor.supervisor] [Supervisor] camera_1 not alive → restart
2026-04-16 00:33:14 [INFO] [supervisor.supervisor] [Supervisor] Restarting camera_1 (#1)
2026-04-16 00:33:14 [INFO] [supervisor.supervisor] [Supervisor] camera_1 backoff 5.0s
2026-04-16 00:33:19 [INFO] [supervisor.supervisor] Started camera_1 PID=12000
2026-04-16 00:33:19 [ERROR] [supervisor.supervisor] [Supervisor] camera_2 not alive → restart
2026-04-16 00:33:19 [INFO] [supervisor.supervisor] [Supervisor] Restarting camera_2 (#1)
2026-04-16 00:33:19 [INFO] [supervisor.supervisor] [Supervisor] camera_2 backoff 5.0s
2026-04-16 00:33:21 [INFO] [supervisor.supervisor] [Supervisor] Signal 2 → shutdown
2026-04-16 00:33:22 [INFO] [supervisor.supervisor] [Supervisor] Signal 2 → shutdown
2026-04-16 00:33:23 [INFO] [supervisor.supervisor] [Supervisor] Signal 2 → shutdown
2026-04-16 00:33:24 [INFO] [supervisor.supervisor] [Supervisor] Signal 2 → shutdown
2026-04-16 00:33:24 [INFO] [supervisor.supervisor] Started camera_2 PID=6824
2026-04-16 00:33:24 [ERROR] [supervisor.supervisor] [Supervisor] relay not alive → restart
2026-04-16 00:33:24 [INFO] [supervisor.supervisor] [Supervisor] Restarting relay (#1)
2026-04-16 00:33:24 [INFO] [supervisor.supervisor] [Supervisor] relay backoff 5.0s
2026-04-16 00:33:29 [INFO] [supervisor.supervisor] Started relay PID=5180
2026-04-16 00:33:29 [ERROR] [supervisor.supervisor] [Supervisor] gpu_monitor not alive → restart
2026-04-16 00:33:29 [INFO] [supervisor.supervisor] [Supervisor] Restarting gpu_monitor (#1)
2026-04-16 00:33:29 [INFO] [supervisor.supervisor] [Supervisor] gpu_monitor backoff 5.0s
2026-04-16 00:33:34 [INFO] [supervisor.supervisor] Started gpu_monitor PID=9976
2026-04-16 00:33:34 [INFO] [supervisor.supervisor] [Supervisor] Signal 2 → shutdown
2026-04-16 00:33:35 [INFO] [supervisor.supervisor] [Supervisor] Signal 2 → shutdown
2026-04-16 00:33:35 [INFO] [supervisor.supervisor] Supervision loop ending
2026-04-16 00:33:35 [INFO] [supervisor.supervisor] [Supervisor] Shutting down all...
2026-04-16 00:33:35 [INFO] [supervisor.supervisor] [Supervisor] Shutdown complete
2026-04-16 00:48:28 [INFO] [supervisor] Logging initialised → logs\supervisor.log (level=INFO)
2026-04-16 00:48:28 [INFO] [core.config_loader] Config loaded v2.1: 3 cameras
2026-04-16 00:48:28 [INFO] [supervisor.supervisor] ============================================================
2026-04-16 00:48:28 [INFO] [supervisor.supervisor] Supervisor v2.1 — IndustrialVisionSystem
2026-04-16 00:48:28 [INFO] [supervisor.supervisor] ============================================================
2026-04-16 00:48:28 [INFO] [supervisor.supervisor] Model OK: models/best.pt
2026-04-16 00:48:28 [INFO] [supervisor.supervisor] [Supervisor] Result fanout thread started
2026-04-16 00:48:28 [INFO] [supervisor.supervisor] Started camera_0 PID=320
2026-04-16 00:48:28 [INFO] [supervisor.supervisor] Started camera_1 PID=8940
2026-04-16 00:48:28 [INFO] [supervisor.supervisor] Started camera_2 PID=2820
2026-04-16 00:48:28 [INFO] [supervisor.supervisor] Started gpu_pool PID=3892 (daemon=False, spawns GPU worker children)
2026-04-16 00:48:28 [INFO] [supervisor.supervisor] Started relay PID=4512
2026-04-16 00:48:28 [INFO] [supervisor.supervisor] Started gui PID=7452
2026-04-16 00:48:28 [INFO] [supervisor.supervisor] Started gpu_monitor PID=8808
2026-04-16 00:48:28 [INFO] [supervisor.supervisor] All processes started.
2026-04-16 00:48:28 [INFO] [supervisor.supervisor] Supervision loop running
2026-04-16 00:48:29 [ERROR] [supervisor.supervisor] [camera] cam=1 ConnectionFailed: RTSP failed: rtsp://admin:Pass_123@192.168.1.249:554/
2026-04-16 00:48:29 [ERROR] [supervisor.supervisor] [camera] cam=0 ConnectionFailed: RTSP failed: rtsp://admin:Pass_123@192.168.1.248:554/
2026-04-16 00:48:31 [ERROR] [supervisor.supervisor] [camera] cam=0 ConnectionFailed: RTSP failed: rtsp://admin:Pass_123@192.168.1.248:554/
2026-04-16 00:48:31 [ERROR] [supervisor.supervisor] [camera] cam=1 ConnectionFailed: RTSP failed: rtsp://admin:Pass_123@192.168.1.249:554/
2026-04-16 00:48:35 [ERROR] [supervisor.supervisor] [camera] cam=0 ConnectionFailed: RTSP failed: rtsp://admin:Pass_123@192.168.1.248:554/
2026-04-16 00:48:35 [ERROR] [supervisor.supervisor] [camera] cam=1 ConnectionFailed: RTSP failed: rtsp://admin:Pass_123@192.168.1.249:554/
2026-04-16 00:48:43 [INFO] [supervisor.supervisor] [Supervisor] Detection STARTED by operator
2026-04-16 00:48:44 [ERROR] [supervisor.supervisor] [camera] cam=0 ConnectionFailed: RTSP failed: rtsp://admin:Pass_123@192.168.1.248:554/
2026-04-16 00:48:44 [ERROR] [supervisor.supervisor] [camera] cam=1 ConnectionFailed: RTSP failed: rtsp://admin:Pass_123@192.168.1.249:554/
2026-04-16 00:48:46 [INFO] [supervisor.supervisor] [Supervisor] Detection STARTED by operator
2026-04-16 00:48:48 [INFO] [supervisor.supervisor] [Supervisor] Detection PAUSED by operator
2026-04-16 00:48:51 [INFO] [supervisor.supervisor] [Supervisor] Detection PAUSED by operator
2026-04-16 00:48:53 [INFO] [supervisor.supervisor] [Supervisor] Detection STARTED by operator
2026-04-16 00:48:59 [ERROR] [supervisor.supervisor] [camera] cam=2 ConnectionFailed: RTSP failed: rtsp://admin:password@192.168.1.103:554/
2026-04-16 00:49:00 [ERROR] [supervisor.supervisor] [camera] cam=0 ConnectionFailed: RTSP failed: rtsp://admin:Pass_123@192.168.1.248:554/
2026-04-16 00:49:00 [ERROR] [supervisor.supervisor] [camera] cam=1 ConnectionFailed: RTSP failed: rtsp://admin:Pass_123@192.168.1.249:554/
2026-04-16 00:49:08 [INFO] [supervisor.supervisor] [Supervisor] Signal 2 → shutdown
2026-04-16 00:49:09 [INFO] [supervisor.supervisor] Supervision loop ending
2026-04-16 00:49:09 [INFO] [supervisor.supervisor] [Supervisor] Shutting down all...
2026-04-16 00:49:09 [INFO] [supervisor.supervisor] [Supervisor] Shutdown complete
2026-04-16 00:55:12 [INFO] [supervisor] Logging initialised → logs\supervisor.log (level=INFO)
2026-04-16 00:55:12 [INFO] [core.config_loader] Config loaded v2.1: 3 cameras
2026-04-16 00:55:12 [INFO] [supervisor.supervisor] ============================================================
2026-04-16 00:55:12 [INFO] [supervisor.supervisor] Supervisor v2.1 — IndustrialVisionSystem
2026-04-16 00:55:12 [INFO] [supervisor.supervisor] ============================================================
2026-04-16 00:55:12 [INFO] [supervisor.supervisor] Model OK: models/best.pt
2026-04-16 00:55:12 [INFO] [supervisor.supervisor] [Supervisor] Result fanout thread started
2026-04-16 00:55:12 [INFO] [supervisor.supervisor] Started camera_0 PID=11968
2026-04-16 00:55:12 [INFO] [supervisor.supervisor] Started camera_1 PID=3964
2026-04-16 00:55:12 [INFO] [supervisor.supervisor] Started camera_2 PID=8480
2026-04-16 00:55:12 [INFO] [supervisor.supervisor] Started gpu_pool PID=3616 (daemon=False, spawns GPU worker children)
2026-04-16 00:55:12 [INFO] [supervisor.supervisor] Started relay PID=3868
2026-04-16 00:55:12 [INFO] [supervisor.supervisor] Started gui PID=7408
2026-04-16 00:55:12 [INFO] [supervisor.supervisor] Started gpu_monitor PID=10392
2026-04-16 00:55:12 [INFO] [supervisor.supervisor] All processes started.
2026-04-16 00:55:12 [INFO] [supervisor.supervisor] Supervision loop running
2026-04-16 00:55:43 [ERROR] [supervisor.supervisor] [camera] cam=2 ConnectionFailed: RTSP failed: rtsp://admin:password@192.168.1.103:554/
2026-04-16 00:56:13 [INFO] [supervisor.supervisor] [Health] Uptime 00h01m00s
2026-04-16 00:56:13 [INFO] [supervisor.supervisor]   camera_0               alive=True  restarts=0   mem=96.4MB fps=10.7
2026-04-16 00:56:13 [INFO] [supervisor.supervisor]   camera_1               alive=True  restarts=0   mem=97.2MB fps=10.7
2026-04-16 00:56:13 [INFO] [supervisor.supervisor]   camera_2               alive=True  restarts=0   mem=0.0MB fps=0.0
2026-04-16 00:56:13 [INFO] [supervisor.supervisor]   gpu_pool               alive=True  restarts=0   mem=375.9MB fps=6.7
2026-04-16 00:56:13 [INFO] [supervisor.supervisor]   relay                  alive=True  restarts=0   mem=30.1MB fps=0.0
2026-04-16 00:56:13 [INFO] [supervisor.supervisor]   gui                    alive=True  restarts=0   mem=61.5MB fps=0.0
2026-04-16 00:56:13 [INFO] [supervisor.supervisor]   gpu_monitor            alive=True  restarts=0   mem=21.9MB fps=0.0
2026-04-16 00:56:15 [ERROR] [supervisor.supervisor] [camera] cam=2 ConnectionFailed: RTSP failed: rtsp://admin:password@192.168.1.103:554/
2026-04-16 00:56:49 [ERROR] [supervisor.supervisor] [camera] cam=2 ConnectionFailed: RTSP failed: rtsp://admin:password@192.168.1.103:554/
2026-04-16 00:57:14 [INFO] [supervisor.supervisor] [Health] Uptime 00h02m01s
2026-04-16 00:57:14 [INFO] [supervisor.supervisor]   camera_0               alive=True  restarts=0   mem=96.7MB fps=10.7
2026-04-16 00:57:14 [INFO] [supervisor.supervisor]   camera_1               alive=True  restarts=0   mem=99.2MB fps=10.7
2026-04-16 00:57:14 [INFO] [supervisor.supervisor]   camera_2               alive=True  restarts=0   mem=0.0MB fps=0.0
2026-04-16 00:57:14 [INFO] [supervisor.supervisor]   gpu_pool               alive=True  restarts=0   mem=377.1MB fps=6.2
2026-04-16 00:57:14 [INFO] [supervisor.supervisor]   relay                  alive=True  restarts=0   mem=30.1MB fps=0.0
2026-04-16 00:57:14 [INFO] [supervisor.supervisor]   gui                    alive=True  restarts=0   mem=58.8MB fps=0.0
2026-04-16 00:57:14 [INFO] [supervisor.supervisor]   gpu_monitor            alive=True  restarts=0   mem=21.9MB fps=0.0
2026-04-16 00:57:27 [ERROR] [supervisor.supervisor] [camera] cam=2 ConnectionFailed: RTSP failed: rtsp://admin:password@192.168.1.103:554/
2026-04-16 00:58:14 [ERROR] [supervisor.supervisor] [camera] cam=2 ConnectionFailed: RTSP failed: rtsp://admin:password@192.168.1.103:554/
2026-04-16 00:58:14 [INFO] [supervisor.supervisor] [Supervisor] Detection PAUSED by operator
2026-04-16 00:58:15 [INFO] [supervisor.supervisor] [Health] Uptime 00h03m02s
2026-04-16 00:58:15 [INFO] [supervisor.supervisor]   camera_0               alive=True  restarts=0   mem=97.1MB fps=10.7
2026-04-16 00:58:15 [INFO] [supervisor.supervisor]   camera_1               alive=True  restarts=0   mem=99.6MB fps=10.7
2026-04-16 00:58:15 [INFO] [supervisor.supervisor]   camera_2               alive=True  restarts=0   mem=0.0MB fps=0.0
2026-04-16 00:58:15 [INFO] [supervisor.supervisor]   gpu_pool               alive=True  restarts=0   mem=379.8MB fps=0.0
2026-04-16 00:58:15 [INFO] [supervisor.supervisor]   relay                  alive=True  restarts=0   mem=30.0MB fps=0.0
2026-04-16 00:58:15 [INFO] [supervisor.supervisor]   gui                    alive=True  restarts=0   mem=58.8MB fps=0.0
2026-04-16 00:58:15 [INFO] [supervisor.supervisor]   gpu_monitor            alive=True  restarts=0   mem=21.8MB fps=0.0
2026-04-16 00:59:15 [ERROR] [supervisor.supervisor] [camera] cam=2 ConnectionFailed: RTSP failed: rtsp://admin:password@192.168.1.103:554/
2026-04-16 00:59:15 [INFO] [supervisor.supervisor] [Health] Uptime 00h04m03s
2026-04-16 00:59:15 [INFO] [supervisor.supervisor]   camera_0               alive=True  restarts=0   mem=97.5MB fps=10.6
2026-04-16 00:59:15 [INFO] [supervisor.supervisor]   camera_1               alive=True  restarts=0   mem=99.6MB fps=10.7
2026-04-16 00:59:15 [INFO] [supervisor.supervisor]   camera_2               alive=True  restarts=0   mem=0.0MB fps=0.0
2026-04-16 00:59:15 [INFO] [supervisor.supervisor]   gpu_pool               alive=True  restarts=0   mem=374.5MB fps=0.0
2026-04-16 00:59:15 [INFO] [supervisor.supervisor]   relay                  alive=True  restarts=0   mem=30.0MB fps=0.0
2026-04-16 00:59:15 [INFO] [supervisor.supervisor]   gui                    alive=True  restarts=0   mem=58.9MB fps=0.0
2026-04-16 00:59:15 [INFO] [supervisor.supervisor]   gpu_monitor            alive=True  restarts=0   mem=21.9MB fps=0.0
2026-04-16 01:00:05 [INFO] [supervisor.supervisor] [Supervisor] Signal 2 → shutdown
2026-04-16 01:00:06 [INFO] [supervisor.supervisor] Supervision loop ending
2026-04-16 01:00:06 [INFO] [supervisor.supervisor] [Supervisor] Shutting down all...
2026-04-16 01:00:06 [INFO] [supervisor.supervisor] [Supervisor] Shutdown complete
2026-04-16 20:54:43 [INFO] [supervisor] Logging initialised → logs\supervisor.log (level=INFO)
2026-04-16 20:54:43 [INFO] [core.config_loader] Config loaded v2.1: 3 cameras
2026-04-16 20:54:43 [INFO] [supervisor.supervisor] ============================================================
2026-04-16 20:54:43 [INFO] [supervisor.supervisor] Supervisor v2.1 — IndustrialVisionSystem
2026-04-16 20:54:43 [INFO] [supervisor.supervisor] ============================================================
2026-04-16 20:54:43 [INFO] [supervisor.supervisor] Model OK: models/best.pt
2026-04-16 20:54:43 [INFO] [supervisor.supervisor] [Supervisor] Result fanout thread started
2026-04-16 20:54:43 [INFO] [supervisor.supervisor] Started camera_0 PID=22208
2026-04-16 20:54:43 [INFO] [supervisor.supervisor] Started camera_1 PID=19848
2026-04-16 20:54:43 [INFO] [supervisor.supervisor] Started camera_2 PID=28752
2026-04-16 20:54:43 [INFO] [supervisor.supervisor] Started gpu_pool PID=29236 (daemon=False, spawns GPU worker children)
2026-04-16 20:54:43 [INFO] [supervisor.supervisor] Started relay PID=7760
2026-04-16 20:54:43 [INFO] [supervisor.supervisor] Started gui PID=28480
2026-04-16 20:54:44 [INFO] [supervisor.supervisor] Started gpu_monitor PID=29372
2026-04-16 20:54:44 [INFO] [supervisor.supervisor] All processes started.
2026-04-16 20:54:44 [INFO] [supervisor.supervisor] Supervision loop running
2026-04-16 20:55:15 [ERROR] [supervisor.supervisor] [camera] cam=0 ConnectionFailed: RTSP failed: rtsp://admin:Pass_123@192.168.1.248:554/
2026-04-16 20:55:15 [ERROR] [supervisor.supervisor] [camera] cam=1 ConnectionFailed: RTSP failed: rtsp://admin:Pass_123@192.168.1.249:554/
2026-04-16 20:55:15 [ERROR] [supervisor.supervisor] [camera] cam=2 ConnectionFailed: RTSP failed: rtsp://admin:password@192.168.1.103:554/
2026-04-16 20:55:29 [INFO] [supervisor.supervisor] [Supervisor] Signal 2 → shutdown
2026-04-16 20:55:30 [INFO] [supervisor.supervisor] Supervision loop ending
2026-04-16 20:55:30 [INFO] [supervisor.supervisor] [Supervisor] Shutting down all...
2026-04-16 20:55:30 [INFO] [supervisor.supervisor] [Supervisor] Shutdown complete
2026-04-16 21:02:29 [INFO] [supervisor] Logging initialised → logs\supervisor.log (level=INFO)
2026-04-16 21:02:29 [INFO] [core.config_loader] Config loaded v2.1: 3 cameras
2026-04-16 21:02:29 [INFO] [supervisor.supervisor] ============================================================
2026-04-16 21:02:29 [INFO] [supervisor.supervisor] Supervisor v2.1 — IndustrialVisionSystem
2026-04-16 21:02:29 [INFO] [supervisor.supervisor] ============================================================
2026-04-16 21:02:29 [INFO] [supervisor.supervisor] Model OK: models/best.pt
2026-04-16 21:02:29 [INFO] [supervisor.supervisor] [Supervisor] Result fanout thread started
2026-04-16 21:02:29 [INFO] [supervisor.supervisor] Started camera_0 PID=29308
2026-04-16 21:02:29 [INFO] [supervisor.supervisor] Started camera_1 PID=27796
2026-04-16 21:02:29 [INFO] [supervisor.supervisor] Started camera_2 PID=29632
2026-04-16 21:02:29 [INFO] [supervisor.supervisor] Started gpu_pool PID=28572 (daemon=False, spawns GPU worker children)
2026-04-16 21:02:29 [INFO] [supervisor.supervisor] Started relay PID=24680
2026-04-16 21:02:29 [INFO] [supervisor.supervisor] Started gui PID=29420
2026-04-16 21:02:29 [INFO] [supervisor.supervisor] Started gpu_monitor PID=13120
2026-04-16 21:02:29 [INFO] [supervisor.supervisor] All processes started.
2026-04-16 21:02:29 [INFO] [supervisor.supervisor] Supervision loop running
2026-04-16 21:03:00 [ERROR] [supervisor.supervisor] [camera] cam=0 ConnectionFailed: RTSP failed: rtsp://admin:Pass_123@192.168.1.248:554/
2026-04-16 21:03:00 [ERROR] [supervisor.supervisor] [camera] cam=2 ConnectionFailed: RTSP failed: rtsp://admin:password@192.168.1.103:554/
2026-04-16 21:03:30 [INFO] [supervisor.supervisor] [Health] Uptime 00h01m00s
2026-04-16 21:03:30 [INFO] [supervisor.supervisor]   camera_0               alive=True  restarts=0   mem=112.2MB fps=10.7
2026-04-16 21:03:30 [INFO] [supervisor.supervisor]   camera_1               alive=True  restarts=0   mem=110.6MB fps=10.7
2026-04-16 21:03:30 [INFO] [supervisor.supervisor]   camera_2               alive=True  restarts=0   mem=0.0MB fps=0.0
2026-04-16 21:03:30 [INFO] [supervisor.supervisor]   gpu_pool               alive=True  restarts=0   mem=3287.3MB fps=8.1
2026-04-16 21:03:30 [INFO] [supervisor.supervisor]   relay                  alive=True  restarts=0   mem=26.4MB fps=0.0
2026-04-16 21:03:30 [INFO] [supervisor.supervisor]   gui                    alive=True  restarts=0   mem=66.8MB fps=0.0
2026-04-16 21:03:30 [INFO] [supervisor.supervisor]   gpu_monitor            alive=True  restarts=0   mem=35.7MB fps=0.0
2026-04-16 21:03:32 [ERROR] [supervisor.supervisor] [camera] cam=2 ConnectionFailed: RTSP failed: rtsp://admin:password@192.168.1.103:554/
2026-04-16 21:04:06 [ERROR] [supervisor.supervisor] [camera] cam=2 ConnectionFailed: RTSP failed: rtsp://admin:password@192.168.1.103:554/
2026-04-16 21:04:31 [INFO] [supervisor.supervisor] [Health] Uptime 00h02m01s
2026-04-16 21:04:31 [INFO] [supervisor.supervisor]   camera_0               alive=True  restarts=0   mem=112.5MB fps=10.7
2026-04-16 21:04:31 [INFO] [supervisor.supervisor]   camera_1               alive=True  restarts=0   mem=112.9MB fps=10.8
2026-04-16 21:04:31 [INFO] [supervisor.supervisor]   camera_2               alive=True  restarts=0   mem=0.0MB fps=0.0
2026-04-16 21:04:31 [INFO] [supervisor.supervisor]   gpu_pool               alive=True  restarts=0   mem=3290.0MB fps=7.8
2026-04-16 21:04:31 [INFO] [supervisor.supervisor]   relay                  alive=True  restarts=0   mem=26.4MB fps=0.0
2026-04-16 21:04:31 [INFO] [supervisor.supervisor]   gui                    alive=True  restarts=0   mem=66.8MB fps=0.0
2026-04-16 21:04:31 [INFO] [supervisor.supervisor]   gpu_monitor            alive=True  restarts=0   mem=35.6MB fps=0.0
2026-04-16 21:04:45 [ERROR] [supervisor.supervisor] [camera] cam=2 ConnectionFailed: RTSP failed: rtsp://admin:password@192.168.1.103:554/
2026-04-16 21:05:30 [ERROR] [supervisor.supervisor] [camera] cam=2 ConnectionFailed: RTSP failed: rtsp://admin:password@192.168.1.103:554/
2026-04-16 21:05:31 [INFO] [supervisor.supervisor] [Health] Uptime 00h03m02s
2026-04-16 21:05:31 [INFO] [supervisor.supervisor]   camera_0               alive=True  restarts=0   mem=112.5MB fps=10.7
2026-04-16 21:05:31 [INFO] [supervisor.supervisor]   camera_1               alive=True  restarts=0   mem=113.7MB fps=10.8
2026-04-16 21:05:31 [INFO] [supervisor.supervisor]   camera_2               alive=True  restarts=0   mem=0.0MB fps=0.0
2026-04-16 21:05:31 [INFO] [supervisor.supervisor]   gpu_pool               alive=True  restarts=0   mem=3290.0MB fps=7.3
2026-04-16 21:05:31 [INFO] [supervisor.supervisor]   relay                  alive=True  restarts=0   mem=26.3MB fps=0.0
2026-04-16 21:05:31 [INFO] [supervisor.supervisor]   gui                    alive=True  restarts=0   mem=69.4MB fps=0.0
2026-04-16 21:05:31 [INFO] [supervisor.supervisor]   gpu_monitor            alive=True  restarts=0   mem=35.6MB fps=0.0
2026-04-16 21:06:32 [INFO] [supervisor.supervisor] [Health] Uptime 00h04m02s
2026-04-16 21:06:32 [INFO] [supervisor.supervisor]   camera_0               alive=True  restarts=0   mem=112.5MB fps=10.8
2026-04-16 21:06:32 [INFO] [supervisor.supervisor]   camera_1               alive=True  restarts=0   mem=113.7MB fps=10.9
2026-04-16 21:06:32 [INFO] [supervisor.supervisor]   camera_2               alive=True  restarts=0   mem=0.0MB fps=0.0
2026-04-16 21:06:32 [INFO] [supervisor.supervisor]   gpu_pool               alive=True  restarts=0   mem=3290.0MB fps=7.0
2026-04-16 21:06:32 [INFO] [supervisor.supervisor]   relay                  alive=True  restarts=0   mem=26.3MB fps=0.0
2026-04-16 21:06:32 [INFO] [supervisor.supervisor]   gui                    alive=True  restarts=0   mem=72.0MB fps=0.0
2026-04-16 21:06:32 [INFO] [supervisor.supervisor]   gpu_monitor            alive=True  restarts=0   mem=35.6MB fps=0.0
2026-04-16 21:06:33 [ERROR] [supervisor.supervisor] [camera] cam=2 ConnectionFailed: RTSP failed: rtsp://admin:password@192.168.1.103:554/
2026-04-16 21:07:33 [INFO] [supervisor.supervisor] [Health] Uptime 00h05m03s
2026-04-16 21:07:33 [INFO] [supervisor.supervisor]   camera_0               alive=True  restarts=0   mem=112.5MB fps=10.7
2026-04-16 21:07:33 [INFO] [supervisor.supervisor]   camera_1               alive=True  restarts=0   mem=113.7MB fps=10.7
2026-04-16 21:07:33 [INFO] [supervisor.supervisor]   camera_2               alive=True  restarts=0   mem=0.0MB fps=0.0
2026-04-16 21:07:33 [INFO] [supervisor.supervisor]   gpu_pool               alive=True  restarts=0   mem=3290.0MB fps=6.7
2026-04-16 21:07:33 [INFO] [supervisor.supervisor]   relay                  alive=True  restarts=0   mem=26.4MB fps=0.0
2026-04-16 21:07:33 [INFO] [supervisor.supervisor]   gui                    alive=True  restarts=0   mem=66.8MB fps=0.0
2026-04-16 21:07:33 [INFO] [supervisor.supervisor]   gpu_monitor            alive=True  restarts=0   mem=35.6MB fps=0.0
2026-04-16 21:08:03 [ERROR] [supervisor.supervisor] [camera] cam=2 ConnectionFailed: RTSP failed: rtsp://admin:password@192.168.1.103:554/
2026-04-16 21:08:33 [INFO] [supervisor.supervisor] [Health] Uptime 00h06m03s
2026-04-16 21:08:33 [INFO] [supervisor.supervisor]   camera_0               alive=True  restarts=0   mem=112.5MB fps=10.7
2026-04-16 21:08:33 [INFO] [supervisor.supervisor]   camera_1               alive=True  restarts=0   mem=113.7MB fps=10.7
2026-04-16 21:08:33 [INFO] [supervisor.supervisor]   camera_2               alive=True  restarts=0   mem=0.0MB fps=0.0
2026-04-16 21:08:33 [INFO] [supervisor.supervisor]   gpu_pool               alive=True  restarts=0   mem=3290.6MB fps=6.4
2026-04-16 21:08:33 [INFO] [supervisor.supervisor]   relay                  alive=True  restarts=0   mem=26.4MB fps=0.0
2026-04-16 21:08:33 [INFO] [supervisor.supervisor]   gui                    alive=True  restarts=0   mem=69.4MB fps=0.0
2026-04-16 21:08:33 [INFO] [supervisor.supervisor]   gpu_monitor            alive=True  restarts=0   mem=35.6MB fps=0.0
2026-04-16 21:09:33 [ERROR] [supervisor.supervisor] [camera] cam=2 ConnectionFailed: RTSP failed: rtsp://admin:password@192.168.1.103:554/
2026-04-16 21:09:34 [INFO] [supervisor.supervisor] [Health] Uptime 00h07m04s
2026-04-16 21:09:34 [INFO] [supervisor.supervisor]   camera_0               alive=True  restarts=0   mem=112.5MB fps=10.7
2026-04-16 21:09:34 [INFO] [supervisor.supervisor]   camera_1               alive=True  restarts=0   mem=113.7MB fps=10.7
2026-04-16 21:09:34 [INFO] [supervisor.supervisor]   camera_2               alive=True  restarts=0   mem=0.0MB fps=0.0
2026-04-16 21:09:34 [INFO] [supervisor.supervisor]   gpu_pool               alive=True  restarts=0   mem=3290.7MB fps=6.4
2026-04-16 21:09:34 [INFO] [supervisor.supervisor]   relay                  alive=True  restarts=0   mem=26.3MB fps=0.0
2026-04-16 21:09:34 [INFO] [supervisor.supervisor]   gui                    alive=True  restarts=0   mem=69.4MB fps=0.0
2026-04-16 21:09:34 [INFO] [supervisor.supervisor]   gpu_monitor            alive=True  restarts=0   mem=35.6MB fps=0.0
2026-04-16 21:10:35 [INFO] [supervisor.supervisor] [Health] Uptime 00h08m05s
2026-04-16 21:10:35 [INFO] [supervisor.supervisor]   camera_0               alive=True  restarts=0   mem=112.5MB fps=10.9
2026-04-16 21:10:35 [INFO] [supervisor.supervisor]   camera_1               alive=True  restarts=0   mem=113.7MB fps=10.7
2026-04-16 21:10:35 [INFO] [supervisor.supervisor]   camera_2               alive=True  restarts=0   mem=0.0MB fps=0.0
2026-04-16 21:10:35 [INFO] [supervisor.supervisor]   gpu_pool               alive=True  restarts=0   mem=3290.7MB fps=6.4
2026-04-16 21:10:35 [INFO] [supervisor.supervisor]   relay                  alive=True  restarts=0   mem=26.3MB fps=0.0
2026-04-16 21:10:35 [INFO] [supervisor.supervisor]   gui                    alive=True  restarts=0   mem=69.4MB fps=0.0
2026-04-16 21:10:35 [INFO] [supervisor.supervisor]   gpu_monitor            alive=True  restarts=0   mem=35.6MB fps=0.0
2026-04-16 21:11:03 [ERROR] [supervisor.supervisor] [camera] cam=2 ConnectionFailed: RTSP failed: rtsp://admin:password@192.168.1.103:554/
2026-04-16 21:11:35 [INFO] [supervisor.supervisor] [Health] Uptime 00h09m05s
2026-04-16 21:11:35 [INFO] [supervisor.supervisor]   camera_0               alive=True  restarts=0   mem=112.5MB fps=10.8
2026-04-16 21:11:35 [INFO] [supervisor.supervisor]   camera_1               alive=True  restarts=0   mem=113.7MB fps=10.7
2026-04-16 21:11:35 [INFO] [supervisor.supervisor]   camera_2               alive=True  restarts=0   mem=0.0MB fps=0.0
2026-04-16 21:11:35 [INFO] [supervisor.supervisor]   gpu_pool               alive=True  restarts=0   mem=3290.7MB fps=10.8
2026-04-16 21:11:35 [INFO] [supervisor.supervisor]   relay                  alive=True  restarts=0   mem=26.3MB fps=0.0
2026-04-16 21:11:35 [INFO] [supervisor.supervisor]   gui                    alive=True  restarts=0   mem=66.8MB fps=0.0
2026-04-16 21:11:35 [INFO] [supervisor.supervisor]   gpu_monitor            alive=True  restarts=0   mem=35.6MB fps=0.0
2026-04-16 21:12:33 [ERROR] [supervisor.supervisor] [camera] cam=2 ConnectionFailed: RTSP failed: rtsp://admin:password@192.168.1.103:554/
2026-04-16 21:12:36 [INFO] [supervisor.supervisor] [Health] Uptime 00h10m06s
2026-04-16 21:12:36 [INFO] [supervisor.supervisor]   camera_0               alive=True  restarts=0   mem=112.5MB fps=10.7
2026-04-16 21:12:36 [INFO] [supervisor.supervisor]   camera_1               alive=True  restarts=0   mem=114.2MB fps=10.7
2026-04-16 21:12:36 [INFO] [supervisor.supervisor]   camera_2               alive=True  restarts=0   mem=0.0MB fps=0.0
2026-04-16 21:12:36 [INFO] [supervisor.supervisor]   gpu_pool               alive=True  restarts=0   mem=3293.4MB fps=10.2
2026-04-16 21:12:36 [INFO] [supervisor.supervisor]   relay                  alive=True  restarts=0   mem=26.3MB fps=0.0
2026-04-16 21:12:36 [INFO] [supervisor.supervisor]   gui                    alive=True  restarts=0   mem=69.5MB fps=0.0
2026-04-16 21:12:36 [INFO] [supervisor.supervisor]   gpu_monitor            alive=True  restarts=0   mem=35.6MB fps=0.0
2026-04-16 21:13:36 [INFO] [supervisor.supervisor] [Health] Uptime 00h11m07s
2026-04-16 21:13:36 [INFO] [supervisor.supervisor]   camera_0               alive=True  restarts=0   mem=112.5MB fps=10.7
2026-04-16 21:13:36 [INFO] [supervisor.supervisor]   camera_1               alive=True  restarts=0   mem=116.3MB fps=10.7
2026-04-16 21:13:36 [INFO] [supervisor.supervisor]   camera_2               alive=True  restarts=0   mem=0.0MB fps=0.0
2026-04-16 21:13:36 [INFO] [supervisor.supervisor]   gpu_pool               alive=True  restarts=0   mem=3290.8MB fps=9.8
2026-04-16 21:13:36 [INFO] [supervisor.supervisor]   relay                  alive=True  restarts=0   mem=26.3MB fps=0.0
2026-04-16 21:13:36 [INFO] [supervisor.supervisor]   gui                    alive=True  restarts=0   mem=72.1MB fps=0.0
2026-04-16 21:13:36 [INFO] [supervisor.supervisor]   gpu_monitor            alive=True  restarts=0   mem=35.6MB fps=0.0
2026-04-16 21:14:04 [ERROR] [supervisor.supervisor] [camera] cam=2 ConnectionFailed: RTSP failed: rtsp://admin:password@192.168.1.103:554/
2026-04-16 21:14:37 [INFO] [supervisor.supervisor] [Health] Uptime 00h12m07s
2026-04-16 21:14:37 [INFO] [supervisor.supervisor]   camera_0               alive=True  restarts=0   mem=112.5MB fps=10.7
2026-04-16 21:14:37 [INFO] [supervisor.supervisor]   camera_1               alive=True  restarts=0   mem=116.7MB fps=10.8
2026-04-16 21:14:37 [INFO] [supervisor.supervisor]   camera_2               alive=True  restarts=0   mem=0.0MB fps=0.0
2026-04-16 21:14:37 [INFO] [supervisor.supervisor]   gpu_pool               alive=True  restarts=0   mem=3293.4MB fps=8.9
2026-04-16 21:14:37 [INFO] [supervisor.supervisor]   relay                  alive=True  restarts=0   mem=26.3MB fps=0.0
2026-04-16 21:14:37 [INFO] [supervisor.supervisor]   gui                    alive=True  restarts=0   mem=72.1MB fps=0.0
2026-04-16 21:14:37 [INFO] [supervisor.supervisor]   gpu_monitor            alive=True  restarts=0   mem=35.6MB fps=0.0
2026-04-16 21:15:34 [ERROR] [supervisor.supervisor] [camera] cam=2 ConnectionFailed: RTSP failed: rtsp://admin:password@192.168.1.103:554/
2026-04-16 21:15:38 [INFO] [supervisor.supervisor] [Health] Uptime 00h13m08s
2026-04-16 21:15:38 [INFO] [supervisor.supervisor]   camera_0               alive=True  restarts=0   mem=112.5MB fps=10.8
2026-04-16 21:15:38 [INFO] [supervisor.supervisor]   camera_1               alive=True  restarts=0   mem=116.7MB fps=10.9
2026-04-16 21:15:38 [INFO] [supervisor.supervisor]   camera_2               alive=True  restarts=0   mem=0.0MB fps=0.0
2026-04-16 21:15:38 [INFO] [supervisor.supervisor]   gpu_pool               alive=True  restarts=0   mem=3290.8MB fps=10.9
2026-04-16 21:15:38 [INFO] [supervisor.supervisor]   relay                  alive=True  restarts=0   mem=26.3MB fps=0.0
2026-04-16 21:15:38 [INFO] [supervisor.supervisor]   gui                    alive=True  restarts=0   mem=69.4MB fps=0.0
2026-04-16 21:15:38 [INFO] [supervisor.supervisor]   gpu_monitor            alive=True  restarts=0   mem=35.6MB fps=0.0
2026-04-16 21:16:38 [INFO] [supervisor.supervisor] [Health] Uptime 00h14m09s
2026-04-16 21:16:38 [INFO] [supervisor.supervisor]   camera_0               alive=True  restarts=0   mem=112.5MB fps=10.7
2026-04-16 21:16:38 [INFO] [supervisor.supervisor]   camera_1               alive=True  restarts=0   mem=116.7MB fps=10.8
2026-04-16 21:16:38 [INFO] [supervisor.supervisor]   camera_2               alive=True  restarts=0   mem=0.0MB fps=0.0
2026-04-16 21:16:38 [INFO] [supervisor.supervisor]   gpu_pool               alive=True  restarts=0   mem=3290.8MB fps=10.2
2026-04-16 21:16:38 [INFO] [supervisor.supervisor]   relay                  alive=True  restarts=0   mem=26.3MB fps=0.0
2026-04-16 21:16:38 [INFO] [supervisor.supervisor]   gui                    alive=True  restarts=0   mem=69.4MB fps=0.0
2026-04-16 21:16:38 [INFO] [supervisor.supervisor]   gpu_monitor            alive=True  restarts=0   mem=35.6MB fps=0.0
2026-04-16 21:17:04 [ERROR] [supervisor.supervisor] [camera] cam=2 ConnectionFailed: RTSP failed: rtsp://admin:password@192.168.1.103:554/
2026-04-16 21:17:39 [INFO] [supervisor.supervisor] [Health] Uptime 00h15m09s
2026-04-16 21:17:39 [INFO] [supervisor.supervisor]   camera_0               alive=True  restarts=0   mem=112.5MB fps=10.7
2026-04-16 21:17:39 [INFO] [supervisor.supervisor]   camera_1               alive=True  restarts=0   mem=116.7MB fps=10.7
2026-04-16 21:17:39 [INFO] [supervisor.supervisor]   camera_2               alive=True  restarts=0   mem=0.0MB fps=0.0
2026-04-16 21:17:39 [INFO] [supervisor.supervisor]   gpu_pool               alive=True  restarts=0   mem=3292.7MB fps=9.6
2026-04-16 21:17:39 [INFO] [supervisor.supervisor]   relay                  alive=True  restarts=0   mem=26.3MB fps=0.0
2026-04-16 21:17:39 [INFO] [supervisor.supervisor]   gui                    alive=True  restarts=0   mem=72.1MB fps=0.0
2026-04-16 21:17:39 [INFO] [supervisor.supervisor]   gpu_monitor            alive=True  restarts=0   mem=35.6MB fps=0.0
2026-04-16 21:18:34 [ERROR] [supervisor.supervisor] [camera] cam=2 ConnectionFailed: RTSP failed: rtsp://admin:password@192.168.1.103:554/
2026-04-16 21:18:40 [INFO] [supervisor.supervisor] [Health] Uptime 00h16m10s
2026-04-16 21:18:40 [INFO] [supervisor.supervisor]   camera_0               alive=True  restarts=0   mem=112.5MB fps=10.7
2026-04-16 21:18:40 [INFO] [supervisor.supervisor]   camera_1               alive=True  restarts=0   mem=116.7MB fps=10.7
2026-04-16 21:18:40 [INFO] [supervisor.supervisor]   camera_2               alive=True  restarts=0   mem=0.0MB fps=0.0
2026-04-16 21:18:40 [INFO] [supervisor.supervisor]   gpu_pool               alive=True  restarts=0   mem=3293.4MB fps=8.8
2026-04-16 21:18:40 [INFO] [supervisor.supervisor]   relay                  alive=True  restarts=0   mem=26.3MB fps=0.0
2026-04-16 21:18:40 [INFO] [supervisor.supervisor]   gui                    alive=True  restarts=0   mem=72.1MB fps=0.0
2026-04-16 21:18:40 [INFO] [supervisor.supervisor]   gpu_monitor            alive=True  restarts=0   mem=35.6MB fps=0.0
2026-04-16 21:19:40 [INFO] [supervisor.supervisor] [Health] Uptime 00h17m11s
2026-04-16 21:19:40 [INFO] [supervisor.supervisor]   camera_0               alive=True  restarts=0   mem=113.4MB fps=10.9
2026-04-16 21:19:40 [INFO] [supervisor.supervisor]   camera_1               alive=True  restarts=0   mem=116.7MB fps=10.7
2026-04-16 21:19:40 [INFO] [supervisor.supervisor]   camera_2               alive=True  restarts=0   mem=0.0MB fps=0.0
2026-04-16 21:19:40 [INFO] [supervisor.supervisor]   gpu_pool               alive=True  restarts=0   mem=3290.8MB fps=8.5
2026-04-16 21:19:40 [INFO] [supervisor.supervisor]   relay                  alive=True  restarts=0   mem=26.3MB fps=0.0
2026-04-16 21:19:40 [INFO] [supervisor.supervisor]   gui                    alive=True  restarts=0   mem=66.8MB fps=0.0
2026-04-16 21:19:40 [INFO] [supervisor.supervisor]   gpu_monitor            alive=True  restarts=0   mem=35.6MB fps=0.0
2026-04-16 21:20:04 [ERROR] [supervisor.supervisor] [camera] cam=2 ConnectionFailed: RTSP failed: rtsp://admin:password@192.168.1.103:554/
2026-04-16 21:20:41 [INFO] [supervisor.supervisor] [Health] Uptime 00h18m11s
2026-04-16 21:20:41 [INFO] [supervisor.supervisor]   camera_0               alive=True  restarts=0   mem=112.5MB fps=10.8
2026-04-16 21:20:41 [INFO] [supervisor.supervisor]   camera_1               alive=True  restarts=0   mem=116.7MB fps=10.7
2026-04-16 21:20:41 [INFO] [supervisor.supervisor]   camera_2               alive=True  restarts=0   mem=0.0MB fps=0.0
2026-04-16 21:20:41 [INFO] [supervisor.supervisor]   gpu_pool               alive=True  restarts=0   mem=3293.4MB fps=8.0
2026-04-16 21:20:41 [INFO] [supervisor.supervisor]   relay                  alive=True  restarts=0   mem=26.3MB fps=0.0
2026-04-16 21:20:41 [INFO] [supervisor.supervisor]   gui                    alive=True  restarts=0   mem=72.1MB fps=0.0
2026-04-16 21:20:41 [INFO] [supervisor.supervisor]   gpu_monitor            alive=True  restarts=0   mem=35.6MB fps=0.0
2026-04-16 21:21:33 [ERROR] [supervisor.supervisor] [camera] cam=2 ConnectionFailed: RTSP failed: rtsp://admin:password@192.168.1.103:554/
2026-04-16 21:21:42 [INFO] [supervisor.supervisor] [Health] Uptime 00h19m12s
2026-04-16 21:21:42 [INFO] [supervisor.supervisor]   camera_0               alive=True  restarts=0   mem=112.5MB fps=10.7
2026-04-16 21:21:42 [INFO] [supervisor.supervisor]   camera_1               alive=True  restarts=0   mem=116.7MB fps=10.7
2026-04-16 21:21:42 [INFO] [supervisor.supervisor]   camera_2               alive=True  restarts=0   mem=0.0MB fps=0.0
2026-04-16 21:21:42 [INFO] [supervisor.supervisor]   gpu_pool               alive=True  restarts=0   mem=3290.8MB fps=7.2
2026-04-16 21:21:42 [INFO] [supervisor.supervisor]   relay                  alive=True  restarts=0   mem=26.3MB fps=0.0
2026-04-16 21:21:42 [INFO] [supervisor.supervisor]   gui                    alive=True  restarts=0   mem=72.1MB fps=0.0
2026-04-16 21:21:42 [INFO] [supervisor.supervisor]   gpu_monitor            alive=True  restarts=0   mem=35.6MB fps=0.0
2026-04-16 21:22:42 [INFO] [supervisor.supervisor] [Health] Uptime 00h20m12s
2026-04-16 21:22:42 [INFO] [supervisor.supervisor]   camera_0               alive=True  restarts=0   mem=112.5MB fps=10.7
2026-04-16 21:22:42 [INFO] [supervisor.supervisor]   camera_1               alive=True  restarts=0   mem=116.7MB fps=10.7
2026-04-16 21:22:42 [INFO] [supervisor.supervisor]   camera_2               alive=True  restarts=0   mem=0.0MB fps=0.0
2026-04-16 21:22:42 [INFO] [supervisor.supervisor]   gpu_pool               alive=True  restarts=0   mem=3290.8MB fps=6.7
2026-04-16 21:22:42 [INFO] [supervisor.supervisor]   relay                  alive=True  restarts=0   mem=26.3MB fps=0.0
2026-04-16 21:22:42 [INFO] [supervisor.supervisor]   gui                    alive=True  restarts=0   mem=69.4MB fps=0.0
2026-04-16 21:22:42 [INFO] [supervisor.supervisor]   gpu_monitor            alive=True  restarts=0   mem=35.6MB fps=0.0
2026-04-16 21:23:03 [ERROR] [supervisor.supervisor] [camera] cam=2 ConnectionFailed: RTSP failed: rtsp://admin:password@192.168.1.103:554/
2026-04-16 21:23:43 [INFO] [supervisor.supervisor] [Health] Uptime 00h21m13s
2026-04-16 21:23:43 [INFO] [supervisor.supervisor]   camera_0               alive=True  restarts=0   mem=112.5MB fps=10.7
2026-04-16 21:23:43 [INFO] [supervisor.supervisor]   camera_1               alive=True  restarts=0   mem=116.7MB fps=10.8
2026-04-16 21:23:43 [INFO] [supervisor.supervisor]   camera_2               alive=True  restarts=0   mem=0.0MB fps=0.0
2026-04-16 21:23:43 [INFO] [supervisor.supervisor]   gpu_pool               alive=True  restarts=0   mem=3293.4MB fps=10.1
2026-04-16 21:23:43 [INFO] [supervisor.supervisor]   relay                  alive=True  restarts=0   mem=26.3MB fps=0.0
2026-04-16 21:23:43 [INFO] [supervisor.supervisor]   gui                    alive=True  restarts=0   mem=69.4MB fps=0.0
2026-04-16 21:23:43 [INFO] [supervisor.supervisor]   gpu_monitor            alive=True  restarts=0   mem=35.6MB fps=0.0
2026-04-16 21:24:34 [ERROR] [supervisor.supervisor] [camera] cam=2 ConnectionFailed: RTSP failed: rtsp://admin:password@192.168.1.103:554/
2026-04-16 21:24:43 [INFO] [supervisor.supervisor] [Health] Uptime 00h22m14s
2026-04-16 21:24:43 [INFO] [supervisor.supervisor]   camera_0               alive=True  restarts=0   mem=112.5MB fps=10.8
2026-04-16 21:24:43 [INFO] [supervisor.supervisor]   camera_1               alive=True  restarts=0   mem=116.7MB fps=10.9
2026-04-16 21:24:43 [INFO] [supervisor.supervisor]   camera_2               alive=True  restarts=0   mem=0.0MB fps=0.0
2026-04-16 21:24:43 [INFO] [supervisor.supervisor]   gpu_pool               alive=True  restarts=0   mem=3290.8MB fps=9.6
2026-04-16 21:24:43 [INFO] [supervisor.supervisor]   relay                  alive=True  restarts=0   mem=26.3MB fps=0.0
2026-04-16 21:24:43 [INFO] [supervisor.supervisor]   gui                    alive=True  restarts=0   mem=66.7MB fps=0.0
2026-04-16 21:24:43 [INFO] [supervisor.supervisor]   gpu_monitor            alive=True  restarts=0   mem=35.6MB fps=0.0
2026-04-16 21:25:44 [INFO] [supervisor.supervisor] [Health] Uptime 00h23m14s
2026-04-16 21:25:44 [INFO] [supervisor.supervisor]   camera_0               alive=True  restarts=0   mem=112.5MB fps=10.7
2026-04-16 21:25:44 [INFO] [supervisor.supervisor]   camera_1               alive=True  restarts=0   mem=116.7MB fps=10.7
2026-04-16 21:25:44 [INFO] [supervisor.supervisor]   camera_2               alive=True  restarts=0   mem=0.0MB fps=0.0
2026-04-16 21:25:44 [INFO] [supervisor.supervisor]   gpu_pool               alive=True  restarts=0   mem=3290.8MB fps=10.7
2026-04-16 21:25:44 [INFO] [supervisor.supervisor]   relay                  alive=True  restarts=0   mem=26.3MB fps=0.0
2026-04-16 21:25:44 [INFO] [supervisor.supervisor]   gui                    alive=True  restarts=0   mem=66.7MB fps=0.0
2026-04-16 21:25:44 [INFO] [supervisor.supervisor]   gpu_monitor            alive=True  restarts=0   mem=35.6MB fps=0.0
2026-04-16 21:26:04 [ERROR] [supervisor.supervisor] [camera] cam=2 ConnectionFailed: RTSP failed: rtsp://admin:password@192.168.1.103:554/
2026-04-16 21:26:45 [INFO] [supervisor.supervisor] [Health] Uptime 00h24m15s
2026-04-16 21:26:45 [INFO] [supervisor.supervisor]   camera_0               alive=True  restarts=0   mem=112.5MB fps=10.7
2026-04-16 21:26:45 [INFO] [supervisor.supervisor]   camera_1               alive=True  restarts=0   mem=116.7MB fps=10.8
2026-04-16 21:26:45 [INFO] [supervisor.supervisor]   camera_2               alive=True  restarts=0   mem=0.0MB fps=0.0
2026-04-16 21:26:45 [INFO] [supervisor.supervisor]   gpu_pool               alive=True  restarts=0   mem=3290.8MB fps=10.7
2026-04-16 21:26:45 [INFO] [supervisor.supervisor]   relay                  alive=True  restarts=0   mem=26.3MB fps=0.0
2026-04-16 21:26:45 [INFO] [supervisor.supervisor]   gui                    alive=True  restarts=0   mem=66.7MB fps=0.0
2026-04-16 21:26:45 [INFO] [supervisor.supervisor]   gpu_monitor            alive=True  restarts=0   mem=35.6MB fps=0.0
2026-04-16 21:27:34 [ERROR] [supervisor.supervisor] [camera] cam=2 ConnectionFailed: RTSP failed: rtsp://admin:password@192.168.1.103:554/
2026-04-16 21:27:45 [INFO] [supervisor.supervisor] [Health] Uptime 00h25m16s
2026-04-16 21:27:45 [INFO] [supervisor.supervisor]   camera_0               alive=True  restarts=0   mem=112.5MB fps=10.7
2026-04-16 21:27:45 [INFO] [supervisor.supervisor]   camera_1               alive=True  restarts=0   mem=116.8MB fps=10.7
2026-04-16 21:27:45 [INFO] [supervisor.supervisor]   camera_2               alive=True  restarts=0   mem=0.0MB fps=0.0
2026-04-16 21:27:45 [INFO] [supervisor.supervisor]   gpu_pool               alive=True  restarts=0   mem=3293.4MB fps=0.0
2026-04-16 21:27:45 [INFO] [supervisor.supervisor]   relay                  alive=True  restarts=0   mem=26.3MB fps=0.0
2026-04-16 21:27:45 [INFO] [supervisor.supervisor]   gui                    alive=True  restarts=0   mem=66.7MB fps=0.0
2026-04-16 21:27:45 [INFO] [supervisor.supervisor]   gpu_monitor            alive=True  restarts=0   mem=35.6MB fps=0.0
2026-04-16 21:28:46 [INFO] [supervisor.supervisor] [Health] Uptime 00h26m16s
2026-04-16 21:28:46 [INFO] [supervisor.supervisor]   camera_0               alive=True  restarts=0   mem=112.5MB fps=10.9
2026-04-16 21:28:46 [INFO] [supervisor.supervisor]   camera_1               alive=True  restarts=0   mem=116.8MB fps=10.9
2026-04-16 21:28:46 [INFO] [supervisor.supervisor]   camera_2               alive=True  restarts=0   mem=0.0MB fps=0.0
2026-04-16 21:28:46 [INFO] [supervisor.supervisor]   gpu_pool               alive=True  restarts=0   mem=3293.4MB fps=10.2
2026-04-16 21:28:46 [INFO] [supervisor.supervisor]   relay                  alive=True  restarts=0   mem=26.3MB fps=0.0
2026-04-16 21:28:46 [INFO] [supervisor.supervisor]   gui                    alive=True  restarts=0   mem=69.4MB fps=0.0
2026-04-16 21:28:46 [INFO] [supervisor.supervisor]   gpu_monitor            alive=True  restarts=0   mem=35.6MB fps=0.0
2026-04-16 21:29:04 [ERROR] [supervisor.supervisor] [camera] cam=2 ConnectionFailed: RTSP failed: rtsp://admin:password@192.168.1.103:554/
2026-04-16 21:29:47 [INFO] [supervisor.supervisor] [Health] Uptime 00h27m17s
2026-04-16 21:29:47 [INFO] [supervisor.supervisor]   camera_0               alive=True  restarts=0   mem=112.5MB fps=10.9
2026-04-16 21:29:47 [INFO] [supervisor.supervisor]   camera_1               alive=True  restarts=0   mem=116.8MB fps=10.7
2026-04-16 21:29:47 [INFO] [supervisor.supervisor]   camera_2               alive=True  restarts=0   mem=0.0MB fps=0.0
2026-04-16 21:29:47 [INFO] [supervisor.supervisor]   gpu_pool               alive=True  restarts=0   mem=3293.4MB fps=10.3
2026-04-16 21:29:47 [INFO] [supervisor.supervisor]   relay                  alive=True  restarts=0   mem=26.3MB fps=0.0
2026-04-16 21:29:47 [INFO] [supervisor.supervisor]   gui                    alive=True  restarts=0   mem=69.4MB fps=0.0
2026-04-16 21:29:47 [INFO] [supervisor.supervisor]   gpu_monitor            alive=True  restarts=0   mem=35.6MB fps=0.0
2026-04-16 21:30:34 [ERROR] [supervisor.supervisor] [camera] cam=2 ConnectionFailed: RTSP failed: rtsp://admin:password@192.168.1.103:554/
2026-04-16 21:30:47 [INFO] [supervisor.supervisor] [Health] Uptime 00h28m17s
2026-04-16 21:30:47 [INFO] [supervisor.supervisor]   camera_0               alive=True  restarts=0   mem=112.5MB fps=10.7
2026-04-16 21:30:47 [INFO] [supervisor.supervisor]   camera_1               alive=True  restarts=0   mem=116.8MB fps=10.7
2026-04-16 21:30:47 [INFO] [supervisor.supervisor]   camera_2               alive=True  restarts=0   mem=0.0MB fps=0.0
2026-04-16 21:30:47 [INFO] [supervisor.supervisor]   gpu_pool               alive=True  restarts=0   mem=3293.4MB fps=0.0
2026-04-16 21:30:47 [INFO] [supervisor.supervisor]   relay                  alive=True  restarts=0   mem=26.3MB fps=0.0
2026-04-16 21:30:47 [INFO] [supervisor.supervisor]   gui                    alive=True  restarts=0   mem=66.7MB fps=0.0
2026-04-16 21:30:47 [INFO] [supervisor.supervisor]   gpu_monitor            alive=True  restarts=0   mem=35.6MB fps=0.0
2026-04-16 21:31:48 [INFO] [supervisor.supervisor] [Health] Uptime 00h29m18s
2026-04-16 21:31:48 [INFO] [supervisor.supervisor]   camera_0               alive=True  restarts=0   mem=112.5MB fps=10.7
2026-04-16 21:31:48 [INFO] [supervisor.supervisor]   camera_1               alive=True  restarts=0   mem=116.8MB fps=10.7
2026-04-16 21:31:48 [INFO] [supervisor.supervisor]   camera_2               alive=True  restarts=0   mem=0.0MB fps=0.0
2026-04-16 21:31:48 [INFO] [supervisor.supervisor]   gpu_pool               alive=True  restarts=0   mem=3290.8MB fps=10.2
2026-04-16 21:31:48 [INFO] [supervisor.supervisor]   relay                  alive=True  restarts=0   mem=26.3MB fps=0.0
2026-04-16 21:31:48 [INFO] [supervisor.supervisor]   gui                    alive=True  restarts=0   mem=69.5MB fps=0.0
2026-04-16 21:31:48 [INFO] [supervisor.supervisor]   gpu_monitor            alive=True  restarts=0   mem=35.6MB fps=0.0
2026-04-16 21:32:04 [ERROR] [supervisor.supervisor] [camera] cam=2 ConnectionFailed: RTSP failed: rtsp://admin:password@192.168.1.103:554/
2026-04-16 21:32:49 [INFO] [supervisor.supervisor] [Health] Uptime 00h30m19s
2026-04-16 21:32:49 [INFO] [supervisor.supervisor]   camera_0               alive=True  restarts=0   mem=112.5MB fps=10.9
2026-04-16 21:32:49 [INFO] [supervisor.supervisor]   camera_1               alive=True  restarts=0   mem=116.8MB fps=10.7
2026-04-16 21:32:49 [INFO] [supervisor.supervisor]   camera_2               alive=True  restarts=0   mem=0.0MB fps=0.0
2026-04-16 21:32:49 [INFO] [supervisor.supervisor]   gpu_pool               alive=True  restarts=0   mem=3293.4MB fps=0.0
2026-04-16 21:32:49 [INFO] [supervisor.supervisor]   relay                  alive=True  restarts=0   mem=26.3MB fps=0.0
2026-04-16 21:32:49 [INFO] [supervisor.supervisor]   gui                    alive=True  restarts=0   mem=69.4MB fps=0.0
2026-04-16 21:32:49 [INFO] [supervisor.supervisor]   gpu_monitor            alive=True  restarts=0   mem=35.6MB fps=0.0
2026-04-16 21:33:35 [ERROR] [supervisor.supervisor] [camera] cam=2 ConnectionFailed: RTSP failed: rtsp://admin:password@192.168.1.103:554/
2026-04-16 21:33:49 [INFO] [supervisor.supervisor] [Health] Uptime 00h31m19s
2026-04-16 21:33:49 [INFO] [supervisor.supervisor]   camera_0               alive=True  restarts=0   mem=112.5MB fps=10.8
2026-04-16 21:33:49 [INFO] [supervisor.supervisor]   camera_1               alive=True  restarts=0   mem=116.8MB fps=10.7
2026-04-16 21:33:49 [INFO] [supervisor.supervisor]   camera_2               alive=True  restarts=0   mem=0.0MB fps=0.0
2026-04-16 21:33:49 [INFO] [supervisor.supervisor]   gpu_pool               alive=True  restarts=0   mem=3293.4MB fps=0.0
2026-04-16 21:33:49 [INFO] [supervisor.supervisor]   relay                  alive=True  restarts=0   mem=26.3MB fps=0.0
2026-04-16 21:33:49 [INFO] [supervisor.supervisor]   gui                    alive=True  restarts=0   mem=69.4MB fps=0.0
2026-04-16 21:33:49 [INFO] [supervisor.supervisor]   gpu_monitor            alive=True  restarts=0   mem=35.6MB fps=0.0
2026-04-16 21:34:50 [INFO] [supervisor.supervisor] [Health] Uptime 00h32m20s
2026-04-16 21:34:50 [INFO] [supervisor.supervisor]   camera_0               alive=True  restarts=0   mem=112.5MB fps=10.7
2026-04-16 21:34:50 [INFO] [supervisor.supervisor]   camera_1               alive=True  restarts=0   mem=116.8MB fps=10.7
2026-04-16 21:34:50 [INFO] [supervisor.supervisor]   camera_2               alive=True  restarts=0   mem=0.0MB fps=0.0
2026-04-16 21:34:50 [INFO] [supervisor.supervisor]   gpu_pool               alive=True  restarts=0   mem=3290.8MB fps=10.7
2026-04-16 21:34:50 [INFO] [supervisor.supervisor]   relay                  alive=True  restarts=0   mem=26.3MB fps=0.0
2026-04-16 21:34:50 [INFO] [supervisor.supervisor]   gui                    alive=True  restarts=0   mem=69.4MB fps=0.0
2026-04-16 21:34:50 [INFO] [supervisor.supervisor]   gpu_monitor            alive=True  restarts=0   mem=35.6MB fps=0.0
2026-04-16 21:35:05 [ERROR] [supervisor.supervisor] [camera] cam=2 ConnectionFailed: RTSP failed: rtsp://admin:password@192.168.1.103:554/
2026-04-16 21:35:51 [INFO] [supervisor.supervisor] [Health] Uptime 00h33m21s
2026-04-16 21:35:51 [INFO] [supervisor.supervisor]   camera_0               alive=True  restarts=0   mem=112.5MB fps=10.7
2026-04-16 21:35:51 [INFO] [supervisor.supervisor]   camera_1               alive=True  restarts=0   mem=116.8MB fps=10.7
2026-04-16 21:35:51 [INFO] [supervisor.supervisor]   camera_2               alive=True  restarts=0   mem=0.0MB fps=0.0
2026-04-16 21:35:51 [INFO] [supervisor.supervisor]   gpu_pool               alive=True  restarts=0   mem=3290.8MB fps=0.0
2026-04-16 21:35:51 [INFO] [supervisor.supervisor]   relay                  alive=True  restarts=0   mem=26.3MB fps=0.0
2026-04-16 21:35:51 [INFO] [supervisor.supervisor]   gui                    alive=True  restarts=0   mem=69.4MB fps=0.0
2026-04-16 21:35:51 [INFO] [supervisor.supervisor]   gpu_monitor            alive=True  restarts=0   mem=35.6MB fps=0.0
2026-04-16 21:36:35 [ERROR] [supervisor.supervisor] [camera] cam=2 ConnectionFailed: RTSP failed: rtsp://admin:password@192.168.1.103:554/
2026-04-16 21:36:51 [INFO] [supervisor.supervisor] [Health] Uptime 00h34m21s
2026-04-16 21:36:51 [INFO] [supervisor.supervisor]   camera_0               alive=True  restarts=0   mem=112.5MB fps=10.7
2026-04-16 21:36:51 [INFO] [supervisor.supervisor]   camera_1               alive=True  restarts=0   mem=116.8MB fps=10.7
2026-04-16 21:36:51 [INFO] [supervisor.supervisor]   camera_2               alive=True  restarts=0   mem=0.0MB fps=0.0
2026-04-16 21:36:51 [INFO] [supervisor.supervisor]   gpu_pool               alive=True  restarts=0   mem=3290.8MB fps=9.7
2026-04-16 21:36:51 [INFO] [supervisor.supervisor]   relay                  alive=True  restarts=0   mem=26.3MB fps=0.0
2026-04-16 21:36:51 [INFO] [supervisor.supervisor]   gui                    alive=True  restarts=0   mem=69.5MB fps=0.0
2026-04-16 21:36:51 [INFO] [supervisor.supervisor]   gpu_monitor            alive=True  restarts=0   mem=35.6MB fps=0.0
2026-04-16 21:37:52 [INFO] [supervisor.supervisor] [Health] Uptime 00h35m22s
2026-04-16 21:37:52 [INFO] [supervisor.supervisor]   camera_0               alive=True  restarts=0   mem=112.5MB fps=10.8
2026-04-16 21:37:52 [INFO] [supervisor.supervisor]   camera_1               alive=True  restarts=0   mem=116.8MB fps=10.9
2026-04-16 21:37:52 [INFO] [supervisor.supervisor]   camera_2               alive=True  restarts=0   mem=0.0MB fps=0.0
2026-04-16 21:37:52 [INFO] [supervisor.supervisor]   gpu_pool               alive=True  restarts=0   mem=3290.8MB fps=10.8
2026-04-16 21:37:52 [INFO] [supervisor.supervisor]   relay                  alive=True  restarts=0   mem=26.3MB fps=0.0
2026-04-16 21:37:52 [INFO] [supervisor.supervisor]   gui                    alive=True  restarts=0   mem=69.5MB fps=0.0
2026-04-16 21:37:52 [INFO] [supervisor.supervisor]   gpu_monitor            alive=True  restarts=0   mem=35.6MB fps=0.0
2026-04-16 21:38:05 [ERROR] [supervisor.supervisor] [camera] cam=2 ConnectionFailed: RTSP failed: rtsp://admin:password@192.168.1.103:554/
2026-04-16 21:38:52 [INFO] [supervisor.supervisor] [Health] Uptime 00h36m23s
2026-04-16 21:38:52 [INFO] [supervisor.supervisor]   camera_0               alive=True  restarts=0   mem=112.5MB fps=10.7
2026-04-16 21:38:52 [INFO] [supervisor.supervisor]   camera_1               alive=True  restarts=0   mem=116.8MB fps=10.8
2026-04-16 21:38:52 [INFO] [supervisor.supervisor]   camera_2               alive=True  restarts=0   mem=0.0MB fps=0.0
2026-04-16 21:38:52 [INFO] [supervisor.supervisor]   gpu_pool               alive=True  restarts=0   mem=3293.4MB fps=0.0
2026-04-16 21:38:52 [INFO] [supervisor.supervisor]   relay                  alive=True  restarts=0   mem=26.3MB fps=0.0
2026-04-16 21:38:52 [INFO] [supervisor.supervisor]   gui                    alive=True  restarts=0   mem=69.5MB fps=0.0
2026-04-16 21:38:52 [INFO] [supervisor.supervisor]   gpu_monitor            alive=True  restarts=0   mem=35.6MB fps=0.0
2026-04-16 21:39:35 [ERROR] [supervisor.supervisor] [camera] cam=2 ConnectionFailed: RTSP failed: rtsp://admin:password@192.168.1.103:554/
2026-04-16 21:39:53 [INFO] [supervisor.supervisor] [Health] Uptime 00h37m23s
2026-04-16 21:39:53 [INFO] [supervisor.supervisor]   camera_0               alive=True  restarts=0   mem=112.5MB fps=10.7
2026-04-16 21:39:53 [INFO] [supervisor.supervisor]   camera_1               alive=True  restarts=0   mem=116.8MB fps=10.7
2026-04-16 21:39:53 [INFO] [supervisor.supervisor]   camera_2               alive=True  restarts=0   mem=0.0MB fps=0.0
2026-04-16 21:39:53 [INFO] [supervisor.supervisor]   gpu_pool               alive=True  restarts=0   mem=3290.8MB fps=10.8
2026-04-16 21:39:53 [INFO] [supervisor.supervisor]   relay                  alive=True  restarts=0   mem=26.3MB fps=0.0
2026-04-16 21:39:53 [INFO] [supervisor.supervisor]   gui                    alive=True  restarts=0   mem=66.9MB fps=0.0
2026-04-16 21:39:53 [INFO] [supervisor.supervisor]   gpu_monitor            alive=True  restarts=0   mem=35.6MB fps=0.0
2026-04-16 21:40:54 [INFO] [supervisor.supervisor] [Health] Uptime 00h38m24s
2026-04-16 21:40:54 [INFO] [supervisor.supervisor]   camera_0               alive=True  restarts=0   mem=112.5MB fps=10.7
2026-04-16 21:40:54 [INFO] [supervisor.supervisor]   camera_1               alive=True  restarts=0   mem=116.8MB fps=10.7
2026-04-16 21:40:54 [INFO] [supervisor.supervisor]   camera_2               alive=True  restarts=0   mem=0.0MB fps=0.0
2026-04-16 21:40:54 [INFO] [supervisor.supervisor]   gpu_pool               alive=True  restarts=0   mem=3293.4MB fps=0.0
2026-04-16 21:40:54 [INFO] [supervisor.supervisor]   relay                  alive=True  restarts=0   mem=26.3MB fps=0.0
2026-04-16 21:40:54 [INFO] [supervisor.supervisor]   gui                    alive=True  restarts=0   mem=66.9MB fps=0.0
2026-04-16 21:40:54 [INFO] [supervisor.supervisor]   gpu_monitor            alive=True  restarts=0   mem=35.6MB fps=0.0
2026-04-16 21:41:05 [ERROR] [supervisor.supervisor] [camera] cam=2 ConnectionFailed: RTSP failed: rtsp://admin:password@192.168.1.103:554/
2026-04-16 21:41:54 [INFO] [supervisor.supervisor] [Health] Uptime 00h39m25s
2026-04-16 21:41:54 [INFO] [supervisor.supervisor]   camera_0               alive=True  restarts=0   mem=112.5MB fps=10.8
2026-04-16 21:41:54 [INFO] [supervisor.supervisor]   camera_1               alive=True  restarts=0   mem=116.8MB fps=10.9
2026-04-16 21:41:54 [INFO] [supervisor.supervisor]   camera_2               alive=True  restarts=0   mem=0.0MB fps=0.0
2026-04-16 21:41:54 [INFO] [supervisor.supervisor]   gpu_pool               alive=True  restarts=0   mem=3293.4MB fps=0.0
2026-04-16 21:41:54 [INFO] [supervisor.supervisor]   relay                  alive=True  restarts=0   mem=26.3MB fps=0.0
2026-04-16 21:41:54 [INFO] [supervisor.supervisor]   gui                    alive=True  restarts=0   mem=66.9MB fps=0.0
2026-04-16 21:41:54 [INFO] [supervisor.supervisor]   gpu_monitor            alive=True  restarts=0   mem=35.6MB fps=0.0
2026-04-16 21:42:35 [ERROR] [supervisor.supervisor] [camera] cam=2 ConnectionFailed: RTSP failed: rtsp://admin:password@192.168.1.103:554/
2026-04-16 21:42:55 [INFO] [supervisor.supervisor] [Health] Uptime 00h40m25s
2026-04-16 21:42:55 [INFO] [supervisor.supervisor]   camera_0               alive=True  restarts=0   mem=112.5MB fps=10.9
2026-04-16 21:42:55 [INFO] [supervisor.supervisor]   camera_1               alive=True  restarts=0   mem=116.8MB fps=10.8
2026-04-16 21:42:55 [INFO] [supervisor.supervisor]   camera_2               alive=True  restarts=0   mem=0.0MB fps=0.0
2026-04-16 21:42:55 [INFO] [supervisor.supervisor]   gpu_pool               alive=True  restarts=0   mem=3290.8MB fps=10.4
2026-04-16 21:42:55 [INFO] [supervisor.supervisor]   relay                  alive=True  restarts=0   mem=26.3MB fps=0.0
2026-04-16 21:42:55 [INFO] [supervisor.supervisor]   gui                    alive=True  restarts=0   mem=69.6MB fps=0.0
2026-04-16 21:42:55 [INFO] [supervisor.supervisor]   gpu_monitor            alive=True  restarts=0   mem=35.6MB fps=0.0
2026-04-16 21:43:56 [INFO] [supervisor.supervisor] [Health] Uptime 00h41m26s
2026-04-16 21:43:56 [INFO] [supervisor.supervisor]   camera_0               alive=True  restarts=0   mem=112.5MB fps=10.7
2026-04-16 21:43:56 [INFO] [supervisor.supervisor]   camera_1               alive=True  restarts=0   mem=116.8MB fps=10.7
2026-04-16 21:43:56 [INFO] [supervisor.supervisor]   camera_2               alive=True  restarts=0   mem=0.0MB fps=0.0
2026-04-16 21:43:56 [INFO] [supervisor.supervisor]   gpu_pool               alive=True  restarts=0   mem=3293.4MB fps=0.0
2026-04-16 21:43:56 [INFO] [supervisor.supervisor]   relay                  alive=True  restarts=0   mem=26.3MB fps=0.0
2026-04-16 21:43:56 [INFO] [supervisor.supervisor]   gui                    alive=True  restarts=0   mem=66.9MB fps=0.0
2026-04-16 21:43:56 [INFO] [supervisor.supervisor]   gpu_monitor            alive=True  restarts=0   mem=35.6MB fps=0.0
2026-04-16 21:44:06 [ERROR] [supervisor.supervisor] [camera] cam=2 ConnectionFailed: RTSP failed: rtsp://admin:password@192.168.1.103:554/
2026-04-16 21:44:56 [INFO] [supervisor.supervisor] [Health] Uptime 00h42m27s
2026-04-16 21:44:56 [INFO] [supervisor.supervisor]   camera_0               alive=True  restarts=0   mem=112.5MB fps=10.7
2026-04-16 21:44:56 [INFO] [supervisor.supervisor]   camera_1               alive=True  restarts=0   mem=116.8MB fps=10.7
2026-04-16 21:44:56 [INFO] [supervisor.supervisor]   camera_2               alive=True  restarts=0   mem=0.0MB fps=0.0
2026-04-16 21:44:56 [INFO] [supervisor.supervisor]   gpu_pool               alive=True  restarts=0   mem=3293.4MB fps=0.0
2026-04-16 21:44:56 [INFO] [supervisor.supervisor]   relay                  alive=True  restarts=0   mem=26.3MB fps=0.0
2026-04-16 21:44:56 [INFO] [supervisor.supervisor]   gui                    alive=True  restarts=0   mem=67.0MB fps=0.0
2026-04-16 21:44:56 [INFO] [supervisor.supervisor]   gpu_monitor            alive=True  restarts=0   mem=35.6MB fps=0.0
2026-04-16 21:45:36 [ERROR] [supervisor.supervisor] [camera] cam=2 ConnectionFailed: RTSP failed: rtsp://admin:password@192.168.1.103:554/
2026-04-16 21:45:57 [INFO] [supervisor.supervisor] [Health] Uptime 00h43m27s
2026-04-16 21:45:57 [INFO] [supervisor.supervisor]   camera_0               alive=True  restarts=0   mem=112.5MB fps=10.7
2026-04-16 21:45:57 [INFO] [supervisor.supervisor]   camera_1               alive=True  restarts=0   mem=116.8MB fps=10.7
2026-04-16 21:45:57 [INFO] [supervisor.supervisor]   camera_2               alive=True  restarts=0   mem=0.0MB fps=0.0
2026-04-16 21:45:57 [INFO] [supervisor.supervisor]   gpu_pool               alive=True  restarts=0   mem=3293.4MB fps=9.4
2026-04-16 21:45:57 [INFO] [supervisor.supervisor]   relay                  alive=True  restarts=0   mem=26.3MB fps=0.0
2026-04-16 21:45:57 [INFO] [supervisor.supervisor]   gui                    alive=True  restarts=0   mem=72.3MB fps=0.0
2026-04-16 21:45:57 [INFO] [supervisor.supervisor]   gpu_monitor            alive=True  restarts=0   mem=35.6MB fps=0.0
2026-04-16 21:46:58 [INFO] [supervisor.supervisor] [Health] Uptime 00h44m28s
2026-04-16 21:46:58 [INFO] [supervisor.supervisor]   camera_0               alive=True  restarts=0   mem=112.5MB fps=10.9
2026-04-16 21:46:58 [INFO] [supervisor.supervisor]   camera_1               alive=True  restarts=0   mem=116.8MB fps=10.9
2026-04-16 21:46:58 [INFO] [supervisor.supervisor]   camera_2               alive=True  restarts=0   mem=0.0MB fps=0.0
2026-04-16 21:46:58 [INFO] [supervisor.supervisor]   gpu_pool               alive=True  restarts=0   mem=3290.8MB fps=0.0
2026-04-16 21:46:58 [INFO] [supervisor.supervisor]   relay                  alive=True  restarts=0   mem=26.3MB fps=0.0
2026-04-16 21:46:58 [INFO] [supervisor.supervisor]   gui                    alive=True  restarts=0   mem=72.3MB fps=0.0
2026-04-16 21:46:58 [INFO] [supervisor.supervisor]   gpu_monitor            alive=True  restarts=0   mem=35.6MB fps=0.0
2026-04-16 21:47:06 [ERROR] [supervisor.supervisor] [camera] cam=2 ConnectionFailed: RTSP failed: rtsp://admin:password@192.168.1.103:554/
2026-04-16 21:47:58 [INFO] [supervisor.supervisor] [Health] Uptime 00h45m28s
2026-04-16 21:47:58 [INFO] [supervisor.supervisor]   camera_0               alive=True  restarts=0   mem=112.5MB fps=10.8
2026-04-16 21:47:58 [INFO] [supervisor.supervisor]   camera_1               alive=True  restarts=0   mem=116.8MB fps=10.7
2026-04-16 21:47:58 [INFO] [supervisor.supervisor]   camera_2               alive=True  restarts=0   mem=0.0MB fps=0.0
2026-04-16 21:47:58 [INFO] [supervisor.supervisor]   gpu_pool               alive=True  restarts=0   mem=3293.5MB fps=0.0
2026-04-16 21:47:58 [INFO] [supervisor.supervisor]   relay                  alive=True  restarts=0   mem=26.3MB fps=0.0
2026-04-16 21:47:58 [INFO] [supervisor.supervisor]   gui                    alive=True  restarts=0   mem=69.7MB fps=0.0
2026-04-16 21:47:58 [INFO] [supervisor.supervisor]   gpu_monitor            alive=True  restarts=0   mem=35.6MB fps=0.0
2026-04-16 21:48:36 [ERROR] [supervisor.supervisor] [camera] cam=2 ConnectionFailed: RTSP failed: rtsp://admin:password@192.168.1.103:554/
2026-04-16 21:48:59 [INFO] [supervisor.supervisor] [Health] Uptime 00h46m29s
2026-04-16 21:48:59 [INFO] [supervisor.supervisor]   camera_0               alive=True  restarts=0   mem=112.5MB fps=10.7
2026-04-16 21:48:59 [INFO] [supervisor.supervisor]   camera_1               alive=True  restarts=0   mem=116.8MB fps=10.8
2026-04-16 21:48:59 [INFO] [supervisor.supervisor]   camera_2               alive=True  restarts=0   mem=0.0MB fps=0.0
2026-04-16 21:48:59 [INFO] [supervisor.supervisor]   gpu_pool               alive=True  restarts=0   mem=3290.8MB fps=10.6
2026-04-16 21:48:59 [INFO] [supervisor.supervisor]   relay                  alive=True  restarts=0   mem=26.3MB fps=0.0
2026-04-16 21:48:59 [INFO] [supervisor.supervisor]   gui                    alive=True  restarts=0   mem=69.7MB fps=0.0
2026-04-16 21:48:59 [INFO] [supervisor.supervisor]   gpu_monitor            alive=True  restarts=0   mem=35.7MB fps=0.0
2026-04-16 21:49:59 [INFO] [supervisor.supervisor] [Health] Uptime 00h47m30s
2026-04-16 21:49:59 [INFO] [supervisor.supervisor]   camera_0               alive=True  restarts=0   mem=112.5MB fps=10.7
2026-04-16 21:49:59 [INFO] [supervisor.supervisor]   camera_1               alive=True  restarts=0   mem=116.8MB fps=10.7
2026-04-16 21:49:59 [INFO] [supervisor.supervisor]   camera_2               alive=True  restarts=0   mem=0.0MB fps=0.0
2026-04-16 21:49:59 [INFO] [supervisor.supervisor]   gpu_pool               alive=True  restarts=0   mem=3293.5MB fps=0.0
2026-04-16 21:49:59 [INFO] [supervisor.supervisor]   relay                  alive=True  restarts=0   mem=26.3MB fps=0.0
2026-04-16 21:49:59 [INFO] [supervisor.supervisor]   gui                    alive=True  restarts=0   mem=69.7MB fps=0.0
2026-04-16 21:49:59 [INFO] [supervisor.supervisor]   gpu_monitor            alive=True  restarts=0   mem=35.7MB fps=0.0
2026-04-16 21:50:06 [ERROR] [supervisor.supervisor] [camera] cam=2 ConnectionFailed: RTSP failed: rtsp://admin:password@192.168.1.103:554/
2026-04-16 21:51:00 [INFO] [supervisor.supervisor] [Health] Uptime 00h48m30s
2026-04-16 21:51:00 [INFO] [supervisor.supervisor]   camera_0               alive=True  restarts=0   mem=112.5MB fps=11.0
2026-04-16 21:51:00 [INFO] [supervisor.supervisor]   camera_1               alive=True  restarts=0   mem=116.8MB fps=10.9
2026-04-16 21:51:00 [INFO] [supervisor.supervisor]   camera_2               alive=True  restarts=0   mem=0.0MB fps=0.0
2026-04-16 21:51:00 [INFO] [supervisor.supervisor]   gpu_pool               alive=True  restarts=0   mem=3293.5MB fps=0.0
2026-04-16 21:51:00 [INFO] [supervisor.supervisor]   relay                  alive=True  restarts=0   mem=26.3MB fps=0.0
2026-04-16 21:51:00 [INFO] [supervisor.supervisor]   gui                    alive=True  restarts=0   mem=69.7MB fps=0.0
2026-04-16 21:51:00 [INFO] [supervisor.supervisor]   gpu_monitor            alive=True  restarts=0   mem=35.7MB fps=0.0
2026-04-16 21:51:36 [ERROR] [supervisor.supervisor] [camera] cam=2 ConnectionFailed: RTSP failed: rtsp://admin:password@192.168.1.103:554/
2026-04-16 21:52:01 [INFO] [supervisor.supervisor] [Health] Uptime 00h49m31s
2026-04-16 21:52:01 [INFO] [supervisor.supervisor]   camera_0               alive=True  restarts=0   mem=112.5MB fps=10.9
2026-04-16 21:52:01 [INFO] [supervisor.supervisor]   camera_1               alive=True  restarts=0   mem=116.8MB fps=10.8
2026-04-16 21:52:01 [INFO] [supervisor.supervisor]   camera_2               alive=True  restarts=0   mem=0.0MB fps=0.0
2026-04-16 21:52:01 [INFO] [supervisor.supervisor]   gpu_pool               alive=True  restarts=0   mem=3293.5MB fps=10.7
2026-04-16 21:52:01 [INFO] [supervisor.supervisor]   relay                  alive=True  restarts=0   mem=26.3MB fps=0.0
2026-04-16 21:52:01 [INFO] [supervisor.supervisor]   gui                    alive=True  restarts=0   mem=72.3MB fps=0.0
2026-04-16 21:52:01 [INFO] [supervisor.supervisor]   gpu_monitor            alive=True  restarts=0   mem=35.7MB fps=0.0
2026-04-16 21:53:01 [INFO] [supervisor.supervisor] [Health] Uptime 00h50m31s
2026-04-16 21:53:01 [INFO] [supervisor.supervisor]   camera_0               alive=True  restarts=0   mem=112.5MB fps=10.7
2026-04-16 21:53:01 [INFO] [supervisor.supervisor]   camera_1               alive=True  restarts=0   mem=116.8MB fps=10.7
2026-04-16 21:53:01 [INFO] [supervisor.supervisor]   camera_2               alive=True  restarts=0   mem=0.0MB fps=0.0
2026-04-16 21:53:01 [INFO] [supervisor.supervisor]   gpu_pool               alive=True  restarts=0   mem=3293.5MB fps=0.0
2026-04-16 21:53:01 [INFO] [supervisor.supervisor]   relay                  alive=True  restarts=0   mem=26.3MB fps=0.0
2026-04-16 21:53:01 [INFO] [supervisor.supervisor]   gui                    alive=True  restarts=0   mem=69.7MB fps=0.0
2026-04-16 21:53:01 [INFO] [supervisor.supervisor]   gpu_monitor            alive=True  restarts=0   mem=35.7MB fps=0.0
2026-04-16 21:53:06 [ERROR] [supervisor.supervisor] [camera] cam=2 ConnectionFailed: RTSP failed: rtsp://admin:password@192.168.1.103:554/
2026-04-16 21:54:02 [INFO] [supervisor.supervisor] [Health] Uptime 00h51m32s
2026-04-16 21:54:02 [INFO] [supervisor.supervisor]   camera_0               alive=True  restarts=0   mem=112.5MB fps=10.7
2026-04-16 21:54:02 [INFO] [supervisor.supervisor]   camera_1               alive=True  restarts=0   mem=116.9MB fps=10.8
2026-04-16 21:54:02 [INFO] [supervisor.supervisor]   camera_2               alive=True  restarts=0   mem=0.0MB fps=0.0
2026-04-16 21:54:02 [INFO] [supervisor.supervisor]   gpu_pool               alive=True  restarts=0   mem=3293.5MB fps=0.0
2026-04-16 21:54:02 [INFO] [supervisor.supervisor]   relay                  alive=True  restarts=0   mem=26.3MB fps=0.0
2026-04-16 21:54:02 [INFO] [supervisor.supervisor]   gui                    alive=True  restarts=0   mem=67.0MB fps=0.0
2026-04-16 21:54:02 [INFO] [supervisor.supervisor]   gpu_monitor            alive=True  restarts=0   mem=35.7MB fps=0.0
2026-04-16 21:54:36 [ERROR] [supervisor.supervisor] [camera] cam=2 ConnectionFailed: RTSP failed: rtsp://admin:password@192.168.1.103:554/
2026-04-16 21:55:02 [INFO] [supervisor.supervisor] [Health] Uptime 00h52m33s
2026-04-16 21:55:02 [INFO] [supervisor.supervisor]   camera_0               alive=True  restarts=0   mem=112.5MB fps=10.7
2026-04-16 21:55:02 [INFO] [supervisor.supervisor]   camera_1               alive=True  restarts=0   mem=116.9MB fps=10.8
2026-04-16 21:55:02 [INFO] [supervisor.supervisor]   camera_2               alive=True  restarts=0   mem=0.0MB fps=0.0
2026-04-16 21:55:02 [INFO] [supervisor.supervisor]   gpu_pool               alive=True  restarts=0   mem=3293.5MB fps=0.0
2026-04-16 21:55:02 [INFO] [supervisor.supervisor]   relay                  alive=True  restarts=0   mem=26.3MB fps=0.0
2026-04-16 21:55:02 [INFO] [supervisor.supervisor]   gui                    alive=True  restarts=0   mem=72.3MB fps=0.0
2026-04-16 21:55:02 [INFO] [supervisor.supervisor]   gpu_monitor            alive=True  restarts=0   mem=35.7MB fps=0.0
2026-04-16 21:56:03 [INFO] [supervisor.supervisor] [Health] Uptime 00h53m33s
2026-04-16 21:56:03 [INFO] [supervisor.supervisor]   camera_0               alive=True  restarts=0   mem=112.5MB fps=10.9
2026-04-16 21:56:03 [INFO] [supervisor.supervisor]   camera_1               alive=True  restarts=0   mem=116.9MB fps=10.9
2026-04-16 21:56:03 [INFO] [supervisor.supervisor]   camera_2               alive=True  restarts=0   mem=0.0MB fps=0.0
2026-04-16 21:56:03 [INFO] [supervisor.supervisor]   gpu_pool               alive=True  restarts=0   mem=3290.8MB fps=10.8
2026-04-16 21:56:03 [INFO] [supervisor.supervisor]   relay                  alive=True  restarts=0   mem=26.3MB fps=0.0
2026-04-16 21:56:03 [INFO] [supervisor.supervisor]   gui                    alive=True  restarts=0   mem=72.3MB fps=0.0
2026-04-16 21:56:03 [INFO] [supervisor.supervisor]   gpu_monitor            alive=True  restarts=0   mem=35.7MB fps=0.0
2026-04-16 21:56:06 [ERROR] [supervisor.supervisor] [camera] cam=2 ConnectionFailed: RTSP failed: rtsp://admin:password@192.168.1.103:554/
2026-04-16 21:57:03 [INFO] [supervisor.supervisor] [Health] Uptime 00h54m34s
2026-04-16 21:57:03 [INFO] [supervisor.supervisor]   camera_0               alive=True  restarts=0   mem=112.5MB fps=10.8
2026-04-16 21:57:03 [INFO] [supervisor.supervisor]   camera_1               alive=True  restarts=0   mem=116.9MB fps=10.7
2026-04-16 21:57:04 [INFO] [supervisor.supervisor]   camera_2               alive=True  restarts=0   mem=0.0MB fps=0.0
2026-04-16 21:57:04 [INFO] [supervisor.supervisor]   gpu_pool               alive=True  restarts=0   mem=3293.5MB fps=9.7
2026-04-16 21:57:04 [INFO] [supervisor.supervisor]   relay                  alive=True  restarts=0   mem=26.3MB fps=0.0
2026-04-16 21:57:04 [INFO] [supervisor.supervisor]   gui                    alive=True  restarts=0   mem=67.0MB fps=0.0
2026-04-16 21:57:04 [INFO] [supervisor.supervisor]   gpu_monitor            alive=True  restarts=0   mem=35.7MB fps=0.0
2026-04-16 21:57:37 [ERROR] [supervisor.supervisor] [camera] cam=2 ConnectionFailed: RTSP failed: rtsp://admin:password@192.168.1.103:554/
2026-04-16 21:58:04 [INFO] [supervisor.supervisor] [Health] Uptime 00h55m34s
2026-04-16 21:58:04 [INFO] [supervisor.supervisor]   camera_0               alive=True  restarts=0   mem=112.5MB fps=10.8
2026-04-16 21:58:04 [INFO] [supervisor.supervisor]   camera_1               alive=True  restarts=0   mem=116.9MB fps=10.7
2026-04-16 21:58:04 [INFO] [supervisor.supervisor]   camera_2               alive=True  restarts=0   mem=0.0MB fps=0.0
2026-04-16 21:58:04 [INFO] [supervisor.supervisor]   gpu_pool               alive=True  restarts=0   mem=3293.5MB fps=0.0
2026-04-16 21:58:04 [INFO] [supervisor.supervisor]   relay                  alive=True  restarts=0   mem=26.3MB fps=0.0
2026-04-16 21:58:04 [INFO] [supervisor.supervisor]   gui                    alive=True  restarts=0   mem=69.7MB fps=0.0
2026-04-16 21:58:04 [INFO] [supervisor.supervisor]   gpu_monitor            alive=True  restarts=0   mem=35.7MB fps=0.0
2026-04-16 21:59:05 [INFO] [supervisor.supervisor] [Health] Uptime 00h56m35s
2026-04-16 21:59:05 [INFO] [supervisor.supervisor]   camera_0               alive=True  restarts=0   mem=112.5MB fps=10.7
2026-04-16 21:59:05 [INFO] [supervisor.supervisor]   camera_1               alive=True  restarts=0   mem=116.9MB fps=10.8
2026-04-16 21:59:05 [INFO] [supervisor.supervisor]   camera_2               alive=True  restarts=0   mem=0.0MB fps=0.0
2026-04-16 21:59:05 [INFO] [supervisor.supervisor]   gpu_pool               alive=True  restarts=0   mem=3293.5MB fps=10.8
2026-04-16 21:59:05 [INFO] [supervisor.supervisor]   relay                  alive=True  restarts=0   mem=26.3MB fps=0.0
2026-04-16 21:59:05 [INFO] [supervisor.supervisor]   gui                    alive=True  restarts=0   mem=72.3MB fps=0.0
2026-04-16 21:59:05 [INFO] [supervisor.supervisor]   gpu_monitor            alive=True  restarts=0   mem=35.7MB fps=0.0
2026-04-16 21:59:07 [ERROR] [supervisor.supervisor] [camera] cam=2 ConnectionFailed: RTSP failed: rtsp://admin:password@192.168.1.103:554/
2026-04-16 22:00:05 [INFO] [supervisor.supervisor] [Health] Uptime 00h57m35s
2026-04-16 22:00:05 [INFO] [supervisor.supervisor]   camera_0               alive=True  restarts=0   mem=112.5MB fps=10.9
2026-04-16 22:00:05 [INFO] [supervisor.supervisor]   camera_1               alive=True  restarts=0   mem=116.9MB fps=10.9
2026-04-16 22:00:05 [INFO] [supervisor.supervisor]   camera_2               alive=True  restarts=0   mem=0.0MB fps=0.0
2026-04-16 22:00:05 [INFO] [supervisor.supervisor]   gpu_pool               alive=True  restarts=0   mem=3293.5MB fps=10.9
2026-04-16 22:00:05 [INFO] [supervisor.supervisor]   relay                  alive=True  restarts=0   mem=26.3MB fps=0.0
2026-04-16 22:00:05 [INFO] [supervisor.supervisor]   gui                    alive=True  restarts=0   mem=67.0MB fps=0.0
2026-04-16 22:00:05 [INFO] [supervisor.supervisor]   gpu_monitor            alive=True  restarts=0   mem=35.7MB fps=0.0
2026-04-16 22:00:36 [ERROR] [supervisor.supervisor] [camera] cam=2 ConnectionFailed: RTSP failed: rtsp://admin:password@192.168.1.103:554/
2026-04-16 22:01:06 [INFO] [supervisor.supervisor] [Health] Uptime 00h58m36s
2026-04-16 22:01:06 [INFO] [supervisor.supervisor]   camera_0               alive=True  restarts=0   mem=112.5MB fps=10.7
2026-04-16 22:01:06 [INFO] [supervisor.supervisor]   camera_1               alive=True  restarts=0   mem=117.3MB fps=10.7
2026-04-16 22:01:06 [INFO] [supervisor.supervisor]   camera_2               alive=True  restarts=0   mem=0.0MB fps=0.0
2026-04-16 22:01:06 [INFO] [supervisor.supervisor]   gpu_pool               alive=True  restarts=0   mem=3290.8MB fps=10.2
2026-04-16 22:01:06 [INFO] [supervisor.supervisor]   relay                  alive=True  restarts=0   mem=26.3MB fps=0.0
2026-04-16 22:01:06 [INFO] [supervisor.supervisor]   gui                    alive=True  restarts=0   mem=67.0MB fps=0.0
2026-04-16 22:01:06 [INFO] [supervisor.supervisor]   gpu_monitor            alive=True  restarts=0   mem=35.7MB fps=0.0
2026-04-16 22:02:06 [ERROR] [supervisor.supervisor] [camera] cam=2 ConnectionFailed: RTSP failed: rtsp://admin:password@192.168.1.103:554/
2026-04-16 22:02:06 [INFO] [supervisor.supervisor] [Health] Uptime 00h59m36s
2026-04-16 22:02:06 [INFO] [supervisor.supervisor]   camera_0               alive=True  restarts=0   mem=113.5MB fps=10.7
2026-04-16 22:02:06 [INFO] [supervisor.supervisor]   camera_1               alive=True  restarts=0   mem=117.3MB fps=10.8
2026-04-16 22:02:06 [INFO] [supervisor.supervisor]   camera_2               alive=True  restarts=0   mem=0.0MB fps=0.0
2026-04-16 22:02:06 [INFO] [supervisor.supervisor]   gpu_pool               alive=True  restarts=0   mem=3293.5MB fps=10.8
2026-04-16 22:02:06 [INFO] [supervisor.supervisor]   relay                  alive=True  restarts=0   mem=26.3MB fps=0.0
2026-04-16 22:02:06 [INFO] [supervisor.supervisor]   gui                    alive=True  restarts=0   mem=72.3MB fps=0.0
2026-04-16 22:02:06 [INFO] [supervisor.supervisor]   gpu_monitor            alive=True  restarts=0   mem=35.7MB fps=0.0
2026-04-16 22:03:07 [INFO] [supervisor.supervisor] [Health] Uptime 01h00m37s
2026-04-16 22:03:07 [INFO] [supervisor.supervisor]   camera_0               alive=True  restarts=0   mem=112.5MB fps=10.8
2026-04-16 22:03:07 [INFO] [supervisor.supervisor]   camera_1               alive=True  restarts=0   mem=117.3MB fps=10.8
2026-04-16 22:03:07 [INFO] [supervisor.supervisor]   camera_2               alive=True  restarts=0   mem=0.0MB fps=0.0
2026-04-16 22:03:07 [INFO] [supervisor.supervisor]   gpu_pool               alive=True  restarts=0   mem=3293.5MB fps=10.8
2026-04-16 22:03:07 [INFO] [supervisor.supervisor]   relay                  alive=True  restarts=0   mem=26.3MB fps=0.0
2026-04-16 22:03:07 [INFO] [supervisor.supervisor]   gui                    alive=True  restarts=0   mem=72.3MB fps=0.0
2026-04-16 22:03:07 [INFO] [supervisor.supervisor]   gpu_monitor            alive=True  restarts=0   mem=35.7MB fps=0.0
2026-04-16 22:03:37 [ERROR] [supervisor.supervisor] [camera] cam=2 ConnectionFailed: RTSP failed: rtsp://admin:password@192.168.1.103:554/
2026-04-16 22:04:07 [INFO] [supervisor.supervisor] [Health] Uptime 01h01m38s
2026-04-16 22:04:07 [INFO] [supervisor.supervisor]   camera_0               alive=True  restarts=0   mem=112.5MB fps=10.9
2026-04-16 22:04:07 [INFO] [supervisor.supervisor]   camera_1               alive=True  restarts=0   mem=117.3MB fps=10.9
2026-04-16 22:04:07 [INFO] [supervisor.supervisor]   camera_2               alive=True  restarts=0   mem=0.0MB fps=0.0
2026-04-16 22:04:07 [INFO] [supervisor.supervisor]   gpu_pool               alive=True  restarts=0   mem=3290.8MB fps=10.8
2026-04-16 22:04:07 [INFO] [supervisor.supervisor]   relay                  alive=True  restarts=0   mem=26.3MB fps=0.0
2026-04-16 22:04:07 [INFO] [supervisor.supervisor]   gui                    alive=True  restarts=0   mem=72.3MB fps=0.0
2026-04-16 22:04:07 [INFO] [supervisor.supervisor]   gpu_monitor            alive=True  restarts=0   mem=35.7MB fps=0.0
2026-04-16 22:05:07 [ERROR] [supervisor.supervisor] [camera] cam=2 ConnectionFailed: RTSP failed: rtsp://admin:password@192.168.1.103:554/
2026-04-16 22:05:08 [INFO] [supervisor.supervisor] [Health] Uptime 01h02m38s
2026-04-16 22:05:08 [INFO] [supervisor.supervisor]   camera_0               alive=True  restarts=0   mem=112.5MB fps=10.8
2026-04-16 22:05:08 [INFO] [supervisor.supervisor]   camera_1               alive=True  restarts=0   mem=117.3MB fps=10.7
2026-04-16 22:05:08 [INFO] [supervisor.supervisor]   camera_2               alive=True  restarts=0   mem=0.0MB fps=0.0
2026-04-16 22:05:08 [INFO] [supervisor.supervisor]   gpu_pool               alive=True  restarts=0   mem=3290.8MB fps=8.5
2026-04-16 22:05:08 [INFO] [supervisor.supervisor]   relay                  alive=True  restarts=0   mem=26.3MB fps=0.0
2026-04-16 22:05:08 [INFO] [supervisor.supervisor]   gui                    alive=True  restarts=0   mem=67.0MB fps=0.0
2026-04-16 22:05:08 [INFO] [supervisor.supervisor]   gpu_monitor            alive=True  restarts=0   mem=35.7MB fps=0.0
2026-04-16 22:06:09 [INFO] [supervisor.supervisor] [Health] Uptime 01h03m39s
2026-04-16 22:06:09 [INFO] [supervisor.supervisor]   camera_0               alive=True  restarts=0   mem=112.5MB fps=10.8
2026-04-16 22:06:09 [INFO] [supervisor.supervisor]   camera_1               alive=True  restarts=0   mem=117.3MB fps=10.7
2026-04-16 22:06:09 [INFO] [supervisor.supervisor]   camera_2               alive=True  restarts=0   mem=0.0MB fps=0.0
2026-04-16 22:06:09 [INFO] [supervisor.supervisor]   gpu_pool               alive=True  restarts=0   mem=3290.8MB fps=10.7
2026-04-16 22:06:09 [INFO] [supervisor.supervisor]   relay                  alive=True  restarts=0   mem=26.3MB fps=0.0
2026-04-16 22:06:09 [INFO] [supervisor.supervisor]   gui                    alive=True  restarts=0   mem=69.7MB fps=0.0
2026-04-16 22:06:09 [INFO] [supervisor.supervisor]   gpu_monitor            alive=True  restarts=0   mem=35.7MB fps=0.0
2026-04-16 22:06:37 [ERROR] [supervisor.supervisor] [camera] cam=2 ConnectionFailed: RTSP failed: rtsp://admin:password@192.168.1.103:554/
2026-04-16 22:07:09 [INFO] [supervisor.supervisor] [Health] Uptime 01h04m39s
2026-04-16 22:07:09 [INFO] [supervisor.supervisor]   camera_0               alive=True  restarts=0   mem=112.5MB fps=10.7
2026-04-16 22:07:09 [INFO] [supervisor.supervisor]   camera_1               alive=True  restarts=0   mem=117.3MB fps=10.8
2026-04-16 22:07:09 [INFO] [supervisor.supervisor]   camera_2               alive=True  restarts=0   mem=0.0MB fps=0.0
2026-04-16 22:07:09 [INFO] [supervisor.supervisor]   gpu_pool               alive=True  restarts=0   mem=3293.5MB fps=0.0
2026-04-16 22:07:09 [INFO] [supervisor.supervisor]   relay                  alive=True  restarts=0   mem=26.3MB fps=0.0
2026-04-16 22:07:09 [INFO] [supervisor.supervisor]   gui                    alive=True  restarts=0   mem=72.3MB fps=0.0
2026-04-16 22:07:09 [INFO] [supervisor.supervisor]   gpu_monitor            alive=True  restarts=0   mem=35.7MB fps=0.0
2026-04-16 22:08:07 [ERROR] [supervisor.supervisor] [camera] cam=2 ConnectionFailed: RTSP failed: rtsp://admin:password@192.168.1.103:554/
2026-04-16 22:08:10 [INFO] [supervisor.supervisor] [Health] Uptime 01h05m40s
2026-04-16 22:08:10 [INFO] [supervisor.supervisor]   camera_0               alive=True  restarts=0   mem=112.5MB fps=10.8
2026-04-16 22:08:10 [INFO] [supervisor.supervisor]   camera_1               alive=True  restarts=0   mem=117.3MB fps=10.8
2026-04-16 22:08:10 [INFO] [supervisor.supervisor]   camera_2               alive=True  restarts=0   mem=0.0MB fps=0.0
2026-04-16 22:08:10 [INFO] [supervisor.supervisor]   gpu_pool               alive=True  restarts=0   mem=3290.8MB fps=7.3
2026-04-16 22:08:10 [INFO] [supervisor.supervisor]   relay                  alive=True  restarts=0   mem=26.3MB fps=0.0
2026-04-16 22:08:10 [INFO] [supervisor.supervisor]   gui                    alive=True  restarts=0   mem=67.0MB fps=0.0
2026-04-16 22:08:10 [INFO] [supervisor.supervisor]   gpu_monitor            alive=True  restarts=0   mem=35.7MB fps=0.0
2026-04-16 22:09:10 [INFO] [supervisor.supervisor] [Health] Uptime 01h06m41s
2026-04-16 22:09:10 [INFO] [supervisor.supervisor]   camera_0               alive=True  restarts=0   mem=112.5MB fps=10.7
2026-04-16 22:09:10 [INFO] [supervisor.supervisor]   camera_1               alive=True  restarts=0   mem=117.3MB fps=10.9
2026-04-16 22:09:10 [INFO] [supervisor.supervisor]   camera_2               alive=True  restarts=0   mem=0.0MB fps=0.0
2026-04-16 22:09:10 [INFO] [supervisor.supervisor]   gpu_pool               alive=True  restarts=0   mem=3290.8MB fps=7.2
2026-04-16 22:09:10 [INFO] [supervisor.supervisor]   relay                  alive=True  restarts=0   mem=26.3MB fps=0.0
2026-04-16 22:09:10 [INFO] [supervisor.supervisor]   gui                    alive=True  restarts=0   mem=67.0MB fps=0.0
2026-04-16 22:09:10 [INFO] [supervisor.supervisor]   gpu_monitor            alive=True  restarts=0   mem=35.7MB fps=0.0
2026-04-16 22:09:38 [ERROR] [supervisor.supervisor] [camera] cam=2 ConnectionFailed: RTSP failed: rtsp://admin:password@192.168.1.103:554/
2026-04-16 22:10:11 [INFO] [supervisor.supervisor] [Health] Uptime 01h07m41s
2026-04-16 22:10:11 [INFO] [supervisor.supervisor]   camera_0               alive=True  restarts=0   mem=112.5MB fps=10.8
2026-04-16 22:10:11 [INFO] [supervisor.supervisor]   camera_1               alive=True  restarts=0   mem=117.3MB fps=10.8
2026-04-16 22:10:11 [INFO] [supervisor.supervisor]   camera_2               alive=True  restarts=0   mem=0.0MB fps=0.0
2026-04-16 22:10:11 [INFO] [supervisor.supervisor]   gpu_pool               alive=True  restarts=0   mem=3293.5MB fps=0.0
2026-04-16 22:10:11 [INFO] [supervisor.supervisor]   relay                  alive=True  restarts=0   mem=26.3MB fps=0.0
2026-04-16 22:10:11 [INFO] [supervisor.supervisor]   gui                    alive=True  restarts=0   mem=69.7MB fps=0.0
2026-04-16 22:10:11 [INFO] [supervisor.supervisor]   gpu_monitor            alive=True  restarts=0   mem=35.7MB fps=0.0
2026-04-16 22:11:08 [ERROR] [supervisor.supervisor] [camera] cam=2 ConnectionFailed: RTSP failed: rtsp://admin:password@192.168.1.103:554/
2026-04-16 22:11:12 [INFO] [supervisor.supervisor] [Health] Uptime 01h08m42s
2026-04-16 22:11:12 [INFO] [supervisor.supervisor]   camera_0               alive=True  restarts=0   mem=112.5MB fps=10.7
2026-04-16 22:11:12 [INFO] [supervisor.supervisor]   camera_1               alive=True  restarts=0   mem=117.3MB fps=10.8
2026-04-16 22:11:12 [INFO] [supervisor.supervisor]   camera_2               alive=True  restarts=0   mem=0.0MB fps=0.0
2026-04-16 22:11:12 [INFO] [supervisor.supervisor]   gpu_pool               alive=True  restarts=0   mem=3293.5MB fps=0.0
2026-04-16 22:11:12 [INFO] [supervisor.supervisor]   relay                  alive=True  restarts=0   mem=26.3MB fps=0.0
2026-04-16 22:11:12 [INFO] [supervisor.supervisor]   gui                    alive=True  restarts=0   mem=72.3MB fps=0.0
2026-04-16 22:11:12 [INFO] [supervisor.supervisor]   gpu_monitor            alive=True  restarts=0   mem=35.7MB fps=0.0
2026-04-16 22:12:12 [INFO] [supervisor.supervisor] [Health] Uptime 01h09m42s
2026-04-16 22:12:12 [INFO] [supervisor.supervisor]   camera_0               alive=True  restarts=0   mem=112.5MB fps=10.7
2026-04-16 22:12:12 [INFO] [supervisor.supervisor]   camera_1               alive=True  restarts=0   mem=117.3MB fps=10.7
2026-04-16 22:12:12 [INFO] [supervisor.supervisor]   camera_2               alive=True  restarts=0   mem=0.0MB fps=0.0
2026-04-16 22:12:12 [INFO] [supervisor.supervisor]   gpu_pool               alive=True  restarts=0   mem=3293.5MB fps=10.3
2026-04-16 22:12:12 [INFO] [supervisor.supervisor]   relay                  alive=True  restarts=0   mem=26.3MB fps=0.0
2026-04-16 22:12:12 [INFO] [supervisor.supervisor]   gui                    alive=True  restarts=0   mem=69.7MB fps=0.0
2026-04-16 22:12:12 [INFO] [supervisor.supervisor]   gpu_monitor            alive=True  restarts=0   mem=35.7MB fps=0.0
2026-04-16 22:12:37 [ERROR] [supervisor.supervisor] [camera] cam=2 ConnectionFailed: RTSP failed: rtsp://admin:password@192.168.1.103:554/
2026-04-16 22:13:13 [INFO] [supervisor.supervisor] [Health] Uptime 01h10m43s
2026-04-16 22:13:13 [INFO] [supervisor.supervisor]   camera_0               alive=True  restarts=0   mem=112.5MB fps=10.9
2026-04-16 22:13:13 [INFO] [supervisor.supervisor]   camera_1               alive=True  restarts=0   mem=117.3MB fps=10.9
2026-04-16 22:13:13 [INFO] [supervisor.supervisor]   camera_2               alive=True  restarts=0   mem=0.0MB fps=0.0
2026-04-16 22:13:13 [INFO] [supervisor.supervisor]   gpu_pool               alive=True  restarts=0   mem=3290.8MB fps=10.8
2026-04-16 22:13:13 [INFO] [supervisor.supervisor]   relay                  alive=True  restarts=0   mem=26.3MB fps=0.0
2026-04-16 22:13:13 [INFO] [supervisor.supervisor]   gui                    alive=True  restarts=0   mem=72.3MB fps=0.0
2026-04-16 22:13:13 [INFO] [supervisor.supervisor]   gpu_monitor            alive=True  restarts=0   mem=35.7MB fps=0.0
2026-04-16 22:14:07 [ERROR] [supervisor.supervisor] [camera] cam=2 ConnectionFailed: RTSP failed: rtsp://admin:password@192.168.1.103:554/
2026-04-16 22:14:13 [INFO] [supervisor.supervisor] [Health] Uptime 01h11m44s
2026-04-16 22:14:13 [INFO] [supervisor.supervisor]   camera_0               alive=True  restarts=0   mem=112.9MB fps=10.9
2026-04-16 22:14:13 [INFO] [supervisor.supervisor]   camera_1               alive=True  restarts=0   mem=117.3MB fps=11.0
2026-04-16 22:14:13 [INFO] [supervisor.supervisor]   camera_2               alive=True  restarts=0   mem=0.0MB fps=0.0
2026-04-16 22:14:13 [INFO] [supervisor.supervisor]   gpu_pool               alive=True  restarts=0   mem=3293.5MB fps=0.0
2026-04-16 22:14:13 [INFO] [supervisor.supervisor]   relay                  alive=True  restarts=0   mem=26.3MB fps=0.0
2026-04-16 22:14:13 [INFO] [supervisor.supervisor]   gui                    alive=True  restarts=0   mem=67.1MB fps=0.0
2026-04-16 22:14:13 [INFO] [supervisor.supervisor]   gpu_monitor            alive=True  restarts=0   mem=35.7MB fps=0.0
2026-04-16 22:15:14 [INFO] [supervisor.supervisor] [Health] Uptime 01h12m44s
2026-04-16 22:15:14 [INFO] [supervisor.supervisor]   camera_0               alive=True  restarts=0   mem=112.9MB fps=10.9
2026-04-16 22:15:14 [INFO] [supervisor.supervisor]   camera_1               alive=True  restarts=0   mem=117.3MB fps=10.8
2026-04-16 22:15:14 [INFO] [supervisor.supervisor]   camera_2               alive=True  restarts=0   mem=0.0MB fps=0.0
2026-04-16 22:15:14 [INFO] [supervisor.supervisor]   gpu_pool               alive=True  restarts=0   mem=3290.8MB fps=10.8
2026-04-16 22:15:14 [INFO] [supervisor.supervisor]   relay                  alive=True  restarts=0   mem=26.3MB fps=0.0
2026-04-16 22:15:14 [INFO] [supervisor.supervisor]   gui                    alive=True  restarts=0   mem=69.7MB fps=0.0
2026-04-16 22:15:14 [INFO] [supervisor.supervisor]   gpu_monitor            alive=True  restarts=0   mem=35.7MB fps=0.0
2026-04-16 22:15:38 [ERROR] [supervisor.supervisor] [camera] cam=2 ConnectionFailed: RTSP failed: rtsp://admin:password@192.168.1.103:554/
2026-04-16 22:16:15 [INFO] [supervisor.supervisor] [Health] Uptime 01h13m45s
2026-04-16 22:16:15 [INFO] [supervisor.supervisor]   camera_0               alive=True  restarts=0   mem=112.9MB fps=10.7
2026-04-16 22:16:15 [INFO] [supervisor.supervisor]   camera_1               alive=True  restarts=0   mem=117.3MB fps=10.7
2026-04-16 22:16:15 [INFO] [supervisor.supervisor]   camera_2               alive=True  restarts=0   mem=0.0MB fps=0.0
2026-04-16 22:16:15 [INFO] [supervisor.supervisor]   gpu_pool               alive=True  restarts=0   mem=3290.8MB fps=10.7
2026-04-16 22:16:15 [INFO] [supervisor.supervisor]   relay                  alive=True  restarts=0   mem=26.3MB fps=0.0
2026-04-16 22:16:15 [INFO] [supervisor.supervisor]   gui                    alive=True  restarts=0   mem=69.7MB fps=0.0
2026-04-16 22:16:15 [INFO] [supervisor.supervisor]   gpu_monitor            alive=True  restarts=0   mem=35.7MB fps=0.0
2026-04-16 22:17:08 [ERROR] [supervisor.supervisor] [camera] cam=2 ConnectionFailed: RTSP failed: rtsp://admin:password@192.168.1.103:554/
2026-04-16 22:17:15 [INFO] [supervisor.supervisor] [Health] Uptime 01h14m45s
2026-04-16 22:17:15 [INFO] [supervisor.supervisor]   camera_0               alive=True  restarts=0   mem=112.9MB fps=10.7
2026-04-16 22:17:15 [INFO] [supervisor.supervisor]   camera_1               alive=True  restarts=0   mem=117.3MB fps=10.7
2026-04-16 22:17:15 [INFO] [supervisor.supervisor]   camera_2               alive=True  restarts=0   mem=0.0MB fps=0.0
2026-04-16 22:17:15 [INFO] [supervisor.supervisor]   gpu_pool               alive=True  restarts=0   mem=3290.8MB fps=0.0
2026-04-16 22:17:15 [INFO] [supervisor.supervisor]   relay                  alive=True  restarts=0   mem=26.3MB fps=0.0
2026-04-16 22:17:15 [INFO] [supervisor.supervisor]   gui                    alive=True  restarts=0   mem=69.7MB fps=0.0
2026-04-16 22:17:15 [INFO] [supervisor.supervisor]   gpu_monitor            alive=True  restarts=0   mem=35.7MB fps=0.0
2026-04-16 22:18:16 [INFO] [supervisor.supervisor] [Health] Uptime 01h15m46s
2026-04-16 22:18:16 [INFO] [supervisor.supervisor]   camera_0               alive=True  restarts=0   mem=112.9MB fps=10.7
2026-04-16 22:18:16 [INFO] [supervisor.supervisor]   camera_1               alive=True  restarts=0   mem=117.3MB fps=10.8
2026-04-16 22:18:16 [INFO] [supervisor.supervisor]   camera_2               alive=True  restarts=0   mem=0.0MB fps=0.0
2026-04-16 22:18:16 [INFO] [supervisor.supervisor]   gpu_pool               alive=True  restarts=0   mem=3290.8MB fps=10.9
2026-04-16 22:18:16 [INFO] [supervisor.supervisor]   relay                  alive=True  restarts=0   mem=26.3MB fps=0.0
2026-04-16 22:18:16 [INFO] [supervisor.supervisor]   gui                    alive=True  restarts=0   mem=69.7MB fps=0.0
2026-04-16 22:18:16 [INFO] [supervisor.supervisor]   gpu_monitor            alive=True  restarts=0   mem=35.7MB fps=0.0
2026-04-16 22:18:38 [ERROR] [supervisor.supervisor] [camera] cam=2 ConnectionFailed: RTSP failed: rtsp://admin:password@192.168.1.103:554/
2026-04-16 22:19:16 [INFO] [supervisor.supervisor] [Health] Uptime 01h16m47s
2026-04-16 22:19:16 [INFO] [supervisor.supervisor]   camera_0               alive=True  restarts=0   mem=112.9MB fps=10.7
2026-04-16 22:19:16 [INFO] [supervisor.supervisor]   camera_1               alive=True  restarts=0   mem=117.3MB fps=10.9
2026-04-16 22:19:16 [INFO] [supervisor.supervisor]   camera_2               alive=True  restarts=0   mem=0.0MB fps=0.0
2026-04-16 22:19:16 [INFO] [supervisor.supervisor]   gpu_pool               alive=True  restarts=0   mem=3290.8MB fps=10.9
2026-04-16 22:19:16 [INFO] [supervisor.supervisor]   relay                  alive=True  restarts=0   mem=26.3MB fps=0.0
2026-04-16 22:19:16 [INFO] [supervisor.supervisor]   gui                    alive=True  restarts=0   mem=69.7MB fps=0.0
2026-04-16 22:19:16 [INFO] [supervisor.supervisor]   gpu_monitor            alive=True  restarts=0   mem=35.7MB fps=0.0
2026-04-16 22:20:08 [ERROR] [supervisor.supervisor] [camera] cam=2 ConnectionFailed: RTSP failed: rtsp://admin:password@192.168.1.103:554/
2026-04-16 22:20:17 [INFO] [supervisor.supervisor] [Health] Uptime 01h17m47s
2026-04-16 22:20:17 [INFO] [supervisor.supervisor]   camera_0               alive=True  restarts=0   mem=113.0MB fps=10.7
2026-04-16 22:20:17 [INFO] [supervisor.supervisor]   camera_1               alive=True  restarts=0   mem=117.3MB fps=10.7
2026-04-16 22:20:17 [INFO] [supervisor.supervisor]   camera_2               alive=True  restarts=0   mem=0.0MB fps=0.0
2026-04-16 22:20:17 [INFO] [supervisor.supervisor]   gpu_pool               alive=True  restarts=0   mem=3293.5MB fps=0.0
2026-04-16 22:20:17 [INFO] [supervisor.supervisor]   relay                  alive=True  restarts=0   mem=26.3MB fps=0.0
2026-04-16 22:20:17 [INFO] [supervisor.supervisor]   gui                    alive=True  restarts=0   mem=67.1MB fps=0.0
2026-04-16 22:20:17 [INFO] [supervisor.supervisor]   gpu_monitor            alive=True  restarts=0   mem=35.7MB fps=0.0
2026-04-16 22:21:04 [INFO] [supervisor.supervisor] [Supervisor] Signal 2 → shutdown
2026-04-16 22:21:04 [INFO] [supervisor.supervisor] Supervision loop ending
2026-04-16 22:21:04 [INFO] [supervisor.supervisor] [Supervisor] Shutting down all...
2026-04-16 22:21:05 [INFO] [supervisor.supervisor] [Supervisor] Shutdown complete
2026-04-16 22:21:25 [INFO] [supervisor] Logging initialised → logs\supervisor.log (level=INFO)
2026-04-16 22:21:25 [INFO] [core.config_loader] Config loaded v2.1: 3 cameras
2026-04-16 22:21:25 [INFO] [supervisor.supervisor] ============================================================
2026-04-16 22:21:25 [INFO] [supervisor.supervisor] Supervisor v2.1 — IndustrialVisionSystem
2026-04-16 22:21:25 [INFO] [supervisor.supervisor] ============================================================
2026-04-16 22:21:25 [INFO] [supervisor.supervisor] Model OK: models/best.pt
2026-04-16 22:21:25 [INFO] [supervisor.supervisor] [Supervisor] Result fanout thread started
2026-04-16 22:21:25 [INFO] [supervisor.supervisor] Started camera_0 PID=28956
2026-04-16 22:21:25 [INFO] [supervisor.supervisor] Started camera_1 PID=29400
2026-04-16 22:21:25 [INFO] [supervisor.supervisor] Started camera_2 PID=16336
2026-04-16 22:21:25 [INFO] [supervisor.supervisor] Started gpu_pool PID=25180 (daemon=False, spawns GPU worker children)
2026-04-16 22:21:25 [INFO] [supervisor.supervisor] Started relay PID=25908
2026-04-16 22:21:25 [INFO] [supervisor.supervisor] Started gui PID=27544
2026-04-16 22:21:25 [INFO] [supervisor.supervisor] Started gpu_monitor PID=28208
2026-04-16 22:21:25 [INFO] [supervisor.supervisor] All processes started.
2026-04-16 22:21:25 [INFO] [supervisor.supervisor] Supervision loop running
2026-04-16 22:21:57 [ERROR] [supervisor.supervisor] [camera] cam=2 ConnectionFailed: RTSP failed: rtsp://admin:password@192.168.1.103:554/
2026-04-16 22:22:26 [INFO] [supervisor.supervisor] [Health] Uptime 00h01m00s
2026-04-16 22:22:26 [INFO] [supervisor.supervisor]   camera_0               alive=True  restarts=0   mem=112.4MB fps=10.9
2026-04-16 22:22:26 [INFO] [supervisor.supervisor]   camera_1               alive=True  restarts=0   mem=110.9MB fps=10.9
2026-04-16 22:22:26 [INFO] [supervisor.supervisor]   camera_2               alive=True  restarts=0   mem=0.0MB fps=0.0
2026-04-16 22:22:26 [INFO] [supervisor.supervisor]   gpu_pool               alive=True  restarts=0   mem=3291.0MB fps=5.9
2026-04-16 22:22:26 [INFO] [supervisor.supervisor]   relay                  alive=True  restarts=0   mem=26.4MB fps=0.0
2026-04-16 22:22:26 [INFO] [supervisor.supervisor]   gui                    alive=True  restarts=0   mem=69.2MB fps=0.0
2026-04-16 22:22:26 [INFO] [supervisor.supervisor]   gpu_monitor            alive=True  restarts=0   mem=35.8MB fps=0.0
2026-04-16 22:22:28 [ERROR] [supervisor.supervisor] [camera] cam=2 ConnectionFailed: RTSP failed: rtsp://admin:password@192.168.1.103:554/
2026-04-16 22:22:56 [INFO] [supervisor.supervisor] [Supervisor] Signal 2 → shutdown
2026-04-16 22:22:56 [INFO] [supervisor.supervisor] Supervision loop ending
2026-04-16 22:22:56 [INFO] [supervisor.supervisor] [Supervisor] Shutting down all...
2026-04-16 22:22:56 [INFO] [supervisor.supervisor] [Supervisor] Shutdown complete
2026-04-16 22:23:19 [INFO] [supervisor] Logging initialised → logs\supervisor.log (level=INFO)
2026-04-16 22:23:19 [INFO] [core.config_loader] Config loaded v2.1: 3 cameras
2026-04-16 22:23:19 [INFO] [supervisor.supervisor] ============================================================
2026-04-16 22:23:19 [INFO] [supervisor.supervisor] Supervisor v2.1 — IndustrialVisionSystem
2026-04-16 22:23:19 [INFO] [supervisor.supervisor] ============================================================
2026-04-16 22:23:19 [INFO] [supervisor.supervisor] Model OK: models/best.pt
2026-04-16 22:23:19 [INFO] [supervisor.supervisor] [Supervisor] Result fanout thread started
2026-04-16 22:23:19 [INFO] [supervisor.supervisor] Started camera_0 PID=28104
2026-04-16 22:23:19 [INFO] [supervisor.supervisor] Started camera_1 PID=16492
2026-04-16 22:23:19 [INFO] [supervisor.supervisor] Started camera_2 PID=23912
2026-04-16 22:23:19 [INFO] [supervisor.supervisor] Started gpu_pool PID=4736 (daemon=False, spawns GPU worker children)
2026-04-16 22:23:19 [INFO] [supervisor.supervisor] Started relay PID=28900
2026-04-16 22:23:19 [INFO] [supervisor.supervisor] Started gui PID=8728
2026-04-16 22:23:19 [INFO] [supervisor.supervisor] Started gpu_monitor PID=17048
2026-04-16 22:23:19 [INFO] [supervisor.supervisor] All processes started.
2026-04-16 22:23:19 [INFO] [supervisor.supervisor] Supervision loop running
2026-04-16 22:23:50 [ERROR] [supervisor.supervisor] [camera] cam=2 ConnectionFailed: RTSP failed: rtsp://admin:password@192.168.1.103:554/
2026-04-16 22:24:19 [INFO] [supervisor.supervisor] [Health] Uptime 00h01m00s
2026-04-16 22:24:19 [INFO] [supervisor.supervisor]   camera_0               alive=True  restarts=0   mem=112.8MB fps=10.8
2026-04-16 22:24:19 [INFO] [supervisor.supervisor]   camera_1               alive=True  restarts=0   mem=108.5MB fps=10.8
2026-04-16 22:24:19 [INFO] [supervisor.supervisor]   camera_2               alive=True  restarts=0   mem=0.0MB fps=0.0
2026-04-16 22:24:19 [INFO] [supervisor.supervisor]   gpu_pool               alive=True  restarts=0   mem=3291.4MB fps=5.9
2026-04-16 22:24:19 [INFO] [supervisor.supervisor]   relay                  alive=True  restarts=0   mem=26.5MB fps=0.0
2026-04-16 22:24:19 [INFO] [supervisor.supervisor]   gui                    alive=True  restarts=0   mem=66.8MB fps=0.0
2026-04-16 22:24:19 [INFO] [supervisor.supervisor]   gpu_monitor            alive=True  restarts=0   mem=35.8MB fps=0.0
2026-04-16 22:24:21 [ERROR] [supervisor.supervisor] [camera] cam=2 ConnectionFailed: RTSP failed: rtsp://admin:password@192.168.1.103:554/
2026-04-16 22:24:56 [ERROR] [supervisor.supervisor] [camera] cam=2 ConnectionFailed: RTSP failed: rtsp://admin:password@192.168.1.103:554/
2026-04-16 22:25:20 [INFO] [supervisor.supervisor] [Health] Uptime 00h02m01s
2026-04-16 22:25:20 [INFO] [supervisor.supervisor]   camera_0               alive=True  restarts=0   mem=112.9MB fps=10.8
2026-04-16 22:25:20 [INFO] [supervisor.supervisor]   camera_1               alive=True  restarts=0   mem=108.5MB fps=10.8
2026-04-16 22:25:20 [INFO] [supervisor.supervisor]   camera_2               alive=True  restarts=0   mem=0.0MB fps=0.0
2026-04-16 22:25:20 [INFO] [supervisor.supervisor]   gpu_pool               alive=True  restarts=0   mem=3294.0MB fps=10.9
2026-04-16 22:25:20 [INFO] [supervisor.supervisor]   relay                  alive=True  restarts=0   mem=26.5MB fps=0.0
2026-04-16 22:25:20 [INFO] [supervisor.supervisor]   gui                    alive=True  restarts=0   mem=66.8MB fps=0.0
2026-04-16 22:25:20 [INFO] [supervisor.supervisor]   gpu_monitor            alive=True  restarts=0   mem=35.8MB fps=0.0
2026-04-16 22:25:34 [ERROR] [supervisor.supervisor] [camera] cam=2 ConnectionFailed: RTSP failed: rtsp://admin:password@192.168.1.103:554/
2026-04-16 22:26:20 [ERROR] [supervisor.supervisor] [camera] cam=2 ConnectionFailed: RTSP failed: rtsp://admin:password@192.168.1.103:554/
2026-04-16 22:26:20 [INFO] [supervisor.supervisor] [Health] Uptime 00h03m01s
2026-04-16 22:26:20 [INFO] [supervisor.supervisor]   camera_0               alive=True  restarts=0   mem=113.1MB fps=10.8
2026-04-16 22:26:20 [INFO] [supervisor.supervisor]   camera_1               alive=True  restarts=0   mem=108.5MB fps=10.8
2026-04-16 22:26:20 [INFO] [supervisor.supervisor]   camera_2               alive=True  restarts=0   mem=0.0MB fps=0.0
2026-04-16 22:26:20 [INFO] [supervisor.supervisor]   gpu_pool               alive=True  restarts=0   mem=3291.4MB fps=10.7
2026-04-16 22:26:20 [INFO] [supervisor.supervisor]   relay                  alive=True  restarts=0   mem=26.4MB fps=0.0
2026-04-16 22:26:20 [INFO] [supervisor.supervisor]   gui                    alive=True  restarts=0   mem=66.8MB fps=0.0
2026-04-16 22:26:20 [INFO] [supervisor.supervisor]   gpu_monitor            alive=True  restarts=0   mem=35.7MB fps=0.0
2026-04-16 22:27:21 [INFO] [supervisor.supervisor] [Health] Uptime 00h04m02s
2026-04-16 22:27:21 [INFO] [supervisor.supervisor]   camera_0               alive=True  restarts=0   mem=113.1MB fps=10.9
2026-04-16 22:27:21 [INFO] [supervisor.supervisor]   camera_1               alive=True  restarts=0   mem=108.5MB fps=10.9
2026-04-16 22:27:21 [INFO] [supervisor.supervisor]   camera_2               alive=True  restarts=0   mem=0.0MB fps=0.0
2026-04-16 22:27:21 [INFO] [supervisor.supervisor]   gpu_pool               alive=True  restarts=0   mem=3294.0MB fps=10.9
2026-04-16 22:27:21 [INFO] [supervisor.supervisor]   relay                  alive=True  restarts=0   mem=26.4MB fps=0.0
2026-04-16 22:27:21 [INFO] [supervisor.supervisor]   gui                    alive=True  restarts=0   mem=68.4MB fps=0.0
2026-04-16 22:27:21 [INFO] [supervisor.supervisor]   gpu_monitor            alive=True  restarts=0   mem=35.7MB fps=0.0
2026-04-16 22:27:22 [ERROR] [supervisor.supervisor] [camera] cam=2 ConnectionFailed: RTSP failed: rtsp://admin:password@192.168.1.103:554/
2026-04-16 22:28:21 [INFO] [supervisor.supervisor] [Health] Uptime 00h05m02s
2026-04-16 22:28:21 [INFO] [supervisor.supervisor]   camera_0               alive=True  restarts=0   mem=113.3MB fps=10.8
2026-04-16 22:28:21 [INFO] [supervisor.supervisor]   camera_1               alive=True  restarts=0   mem=108.5MB fps=10.8
2026-04-16 22:28:21 [INFO] [supervisor.supervisor]   camera_2               alive=True  restarts=0   mem=0.0MB fps=0.0
2026-04-16 22:28:21 [INFO] [supervisor.supervisor]   gpu_pool               alive=True  restarts=0   mem=3291.4MB fps=10.8
2026-04-16 22:28:21 [INFO] [supervisor.supervisor]   relay                  alive=True  restarts=0   mem=26.5MB fps=0.0
2026-04-16 22:28:21 [INFO] [supervisor.supervisor]   gui                    alive=True  restarts=0   mem=69.6MB fps=0.0
2026-04-16 22:28:21 [INFO] [supervisor.supervisor]   gpu_monitor            alive=True  restarts=0   mem=35.7MB fps=0.0
2026-04-16 22:28:53 [ERROR] [supervisor.supervisor] [camera] cam=2 ConnectionFailed: RTSP failed: rtsp://admin:password@192.168.1.103:554/
2026-04-16 22:29:14 [INFO] [supervisor.supervisor] [Supervisor] Detection PAUSED by operator
2026-04-16 22:29:22 [INFO] [supervisor.supervisor] [Health] Uptime 00h06m03s
2026-04-16 22:29:22 [INFO] [supervisor.supervisor]   camera_0               alive=True  restarts=0   mem=113.3MB fps=10.7
2026-04-16 22:29:22 [INFO] [supervisor.supervisor]   camera_1               alive=True  restarts=0   mem=108.5MB fps=10.7
2026-04-16 22:29:22 [INFO] [supervisor.supervisor]   camera_2               alive=True  restarts=0   mem=0.0MB fps=0.0
2026-04-16 22:29:22 [INFO] [supervisor.supervisor]   gpu_pool               alive=True  restarts=0   mem=3291.4MB fps=0.0
2026-04-16 22:29:22 [INFO] [supervisor.supervisor]   relay                  alive=True  restarts=0   mem=26.5MB fps=0.0
2026-04-16 22:29:22 [INFO] [supervisor.supervisor]   gui                    alive=True  restarts=0   mem=69.7MB fps=0.0
2026-04-16 22:29:22 [INFO] [supervisor.supervisor]   gpu_monitor            alive=True  restarts=0   mem=35.8MB fps=0.0
2026-04-16 22:29:33 [INFO] [supervisor.supervisor] [Supervisor] Detection STARTED by operator
2026-04-16 22:30:22 [ERROR] [supervisor.supervisor] [camera] cam=2 ConnectionFailed: RTSP failed: rtsp://admin:password@192.168.1.103:554/
2026-04-16 22:30:22 [INFO] [supervisor.supervisor] [Health] Uptime 00h07m03s
2026-04-16 22:30:22 [INFO] [supervisor.supervisor]   camera_0               alive=True  restarts=0   mem=113.3MB fps=10.8
2026-04-16 22:30:22 [INFO] [supervisor.supervisor]   camera_1               alive=True  restarts=0   mem=108.5MB fps=10.7
2026-04-16 22:30:22 [INFO] [supervisor.supervisor]   camera_2               alive=True  restarts=0   mem=0.0MB fps=0.0
2026-04-16 22:30:22 [INFO] [supervisor.supervisor]   gpu_pool               alive=True  restarts=0   mem=3294.1MB fps=10.9
2026-04-16 22:30:22 [INFO] [supervisor.supervisor]   relay                  alive=True  restarts=0   mem=26.4MB fps=0.0
2026-04-16 22:30:22 [INFO] [supervisor.supervisor]   gui                    alive=True  restarts=0   mem=67.0MB fps=0.0
2026-04-16 22:30:22 [INFO] [supervisor.supervisor]   gpu_monitor            alive=True  restarts=0   mem=35.7MB fps=0.0
2026-04-16 22:31:23 [INFO] [supervisor.supervisor] [Health] Uptime 00h08m04s
2026-04-16 22:31:23 [INFO] [supervisor.supervisor]   camera_0               alive=True  restarts=0   mem=113.3MB fps=10.9
2026-04-16 22:31:23 [INFO] [supervisor.supervisor]   camera_1               alive=True  restarts=0   mem=108.5MB fps=10.9
2026-04-16 22:31:23 [INFO] [supervisor.supervisor]   camera_2               alive=True  restarts=0   mem=0.0MB fps=0.0
2026-04-16 22:31:23 [INFO] [supervisor.supervisor]   gpu_pool               alive=True  restarts=0   mem=3294.1MB fps=10.8
2026-04-16 22:31:23 [INFO] [supervisor.supervisor]   relay                  alive=True  restarts=0   mem=26.4MB fps=0.0
2026-04-16 22:31:23 [INFO] [supervisor.supervisor]   gui                    alive=True  restarts=0   mem=69.7MB fps=0.0
2026-04-16 22:31:23 [INFO] [supervisor.supervisor]   gpu_monitor            alive=True  restarts=0   mem=35.7MB fps=0.0
2026-04-16 22:31:52 [ERROR] [supervisor.supervisor] [camera] cam=2 ConnectionFailed: RTSP failed: rtsp://admin:password@192.168.1.103:554/
2026-04-16 22:32:23 [INFO] [supervisor.supervisor] [Health] Uptime 00h09m04s
2026-04-16 22:32:23 [INFO] [supervisor.supervisor]   camera_0               alive=True  restarts=0   mem=113.3MB fps=10.8
2026-04-16 22:32:23 [INFO] [supervisor.supervisor]   camera_1               alive=True  restarts=0   mem=108.5MB fps=10.8
2026-04-16 22:32:23 [INFO] [supervisor.supervisor]   camera_2               alive=True  restarts=0   mem=0.0MB fps=0.0
2026-04-16 22:32:23 [INFO] [supervisor.supervisor]   gpu_pool               alive=True  restarts=0   mem=3294.1MB fps=0.0
2026-04-16 22:32:23 [INFO] [supervisor.supervisor]   relay                  alive=True  restarts=0   mem=26.4MB fps=0.0
2026-04-16 22:32:23 [INFO] [supervisor.supervisor]   gui                    alive=True  restarts=0   mem=69.7MB fps=0.0
2026-04-16 22:32:23 [INFO] [supervisor.supervisor]   gpu_monitor            alive=True  restarts=0   mem=35.7MB fps=0.0
2026-04-16 22:33:23 [ERROR] [supervisor.supervisor] [camera] cam=2 ConnectionFailed: RTSP failed: rtsp://admin:password@192.168.1.103:554/
2026-04-16 22:33:24 [INFO] [supervisor.supervisor] [Health] Uptime 00h10m05s
2026-04-16 22:33:24 [INFO] [supervisor.supervisor]   camera_0               alive=True  restarts=0   mem=113.4MB fps=10.8
2026-04-16 22:33:24 [INFO] [supervisor.supervisor]   camera_1               alive=True  restarts=0   mem=108.5MB fps=10.8
2026-04-16 22:33:24 [INFO] [supervisor.supervisor]   camera_2               alive=True  restarts=0   mem=0.0MB fps=0.0
2026-04-16 22:33:24 [INFO] [supervisor.supervisor]   gpu_pool               alive=True  restarts=0   mem=3291.5MB fps=10.4
2026-04-16 22:33:24 [INFO] [supervisor.supervisor]   relay                  alive=True  restarts=0   mem=26.5MB fps=0.0
2026-04-16 22:33:24 [INFO] [supervisor.supervisor]   gui                    alive=True  restarts=0   mem=69.7MB fps=0.0
2026-04-16 22:33:24 [INFO] [supervisor.supervisor]   gpu_monitor            alive=True  restarts=0   mem=35.8MB fps=0.0
2026-04-16 22:33:48 [INFO] [supervisor.supervisor] [Supervisor] Signal 2 → shutdown
2026-04-16 22:33:48 [INFO] [supervisor.supervisor] Supervision loop ending
2026-04-16 22:33:48 [INFO] [supervisor.supervisor] [Supervisor] Shutting down all...
2026-04-16 22:33:48 [INFO] [supervisor.supervisor] [Supervisor] Shutdown complete
2026-04-16 22:57:21 [INFO] [supervisor] Logging initialised → logs\supervisor.log (level=INFO)
2026-04-16 22:57:21 [INFO] [core.config_loader] Config loaded v2.1: 3 cameras
2026-04-16 22:57:21 [INFO] [supervisor.supervisor] ============================================================
2026-04-16 22:57:21 [INFO] [supervisor.supervisor] Supervisor v2.1 — IndustrialVisionSystem
2026-04-16 22:57:21 [INFO] [supervisor.supervisor] ============================================================
2026-04-16 22:57:21 [INFO] [supervisor.supervisor] Model OK: models/best.pt
2026-04-16 22:57:21 [INFO] [supervisor.supervisor] [Supervisor] Result fanout thread started
2026-04-16 22:57:21 [INFO] [supervisor.supervisor] Started camera_0 PID=10016
2026-04-16 22:57:21 [INFO] [supervisor.supervisor] Started camera_1 PID=29484
2026-04-16 22:57:21 [INFO] [supervisor.supervisor] Started camera_2 PID=27016
2026-04-16 22:57:21 [INFO] [supervisor.supervisor] Started gpu_pool PID=28208 (daemon=False, spawns GPU worker children)
2026-04-16 22:57:21 [INFO] [supervisor.supervisor] Started relay PID=11396
2026-04-16 22:57:21 [INFO] [supervisor.supervisor] Started gui PID=26872
2026-04-16 22:57:21 [INFO] [supervisor.supervisor] Started gpu_monitor PID=1688
2026-04-16 22:57:21 [INFO] [supervisor.supervisor] All processes started.
2026-04-16 22:57:21 [INFO] [supervisor.supervisor] Supervision loop running
2026-04-16 22:57:42 [INFO] [supervisor.supervisor] [Supervisor] Detection STARTED by operator
2026-04-16 22:57:46 [INFO] [supervisor.supervisor] [Supervisor] Detection PAUSED by operator
2026-04-16 22:57:52 [ERROR] [supervisor.supervisor] [camera] cam=2 ConnectionFailed: RTSP failed: rtsp://admin:password@192.168.1.103:554/
2026-04-16 22:57:56 [INFO] [supervisor.supervisor] [Supervisor] Detection STARTED by operator
2026-04-16 22:58:21 [INFO] [supervisor.supervisor] [Health] Uptime 00h01m00s
2026-04-16 22:58:21 [INFO] [supervisor.supervisor]   camera_0               alive=True  restarts=0   mem=112.8MB fps=12.9
2026-04-16 22:58:21 [INFO] [supervisor.supervisor]   camera_1               alive=True  restarts=0   mem=109.7MB fps=12.9
2026-04-16 22:58:21 [INFO] [supervisor.supervisor]   camera_2               alive=True  restarts=0   mem=0.0MB fps=0.0
2026-04-16 22:58:21 [INFO] [supervisor.supervisor]   gpu_pool               alive=True  restarts=0   mem=3287.8MB fps=0.0
2026-04-16 22:58:21 [INFO] [supervisor.supervisor]   relay                  alive=True  restarts=0   mem=26.3MB fps=0.0
2026-04-16 22:58:21 [INFO] [supervisor.supervisor]   gui                    alive=True  restarts=0   mem=67.0MB fps=0.0
2026-04-16 22:58:21 [INFO] [supervisor.supervisor]   gpu_monitor            alive=True  restarts=0   mem=35.8MB fps=0.0
2026-04-16 22:58:23 [ERROR] [supervisor.supervisor] [camera] cam=2 ConnectionFailed: RTSP failed: rtsp://admin:password@192.168.1.103:554/
2026-04-16 22:58:26 [INFO] [supervisor.supervisor] [Supervisor] Signal 2 → shutdown
2026-04-16 22:58:27 [INFO] [supervisor.supervisor] Supervision loop ending
2026-04-16 22:58:27 [INFO] [supervisor.supervisor] [Supervisor] Shutting down all...
2026-04-16 22:58:27 [INFO] [supervisor.supervisor] [Supervisor] Shutdown complete
2026-04-16 22:58:53 [INFO] [supervisor] Logging initialised → logs\supervisor.log (level=INFO)
2026-04-16 22:58:53 [INFO] [core.config_loader] Config loaded v2.1: 3 cameras
2026-04-16 22:58:53 [INFO] [supervisor.supervisor] ============================================================
2026-04-16 22:58:53 [INFO] [supervisor.supervisor] Supervisor v2.1 — IndustrialVisionSystem
2026-04-16 22:58:53 [INFO] [supervisor.supervisor] ============================================================
2026-04-16 22:58:53 [INFO] [supervisor.supervisor] Model OK: models/best.pt
2026-04-16 22:58:53 [INFO] [supervisor.supervisor] [Supervisor] Result fanout thread started
2026-04-16 22:58:53 [INFO] [supervisor.supervisor] Started camera_0 PID=3392
2026-04-16 22:58:53 [INFO] [supervisor.supervisor] Started camera_1 PID=27896
2026-04-16 22:58:53 [INFO] [supervisor.supervisor] Started camera_2 PID=3596
2026-04-16 22:58:53 [INFO] [supervisor.supervisor] Started gpu_pool PID=17476 (daemon=False, spawns GPU worker children)
2026-04-16 22:58:53 [INFO] [supervisor.supervisor] Started relay PID=29380
2026-04-16 22:58:53 [INFO] [supervisor.supervisor] Started gui PID=26648
2026-04-16 22:58:53 [INFO] [supervisor.supervisor] Started gpu_monitor PID=11984
2026-04-16 22:58:53 [INFO] [supervisor.supervisor] All processes started.
2026-04-16 22:58:53 [INFO] [supervisor.supervisor] Supervision loop running
2026-04-16 22:59:01 [INFO] [supervisor.supervisor] [Supervisor] Detection STARTED by operator
2026-04-16 22:59:02 [INFO] [supervisor.supervisor] [Supervisor] Detection STARTED by operator
2026-04-16 22:59:23 [ERROR] [supervisor.supervisor] [camera] cam=2 ConnectionFailed: RTSP failed: rtsp://admin:password@192.168.1.103:554/
2026-04-16 22:59:31 [INFO] [supervisor.supervisor] [Supervisor] Signal 2 → shutdown
2026-04-16 22:59:32 [INFO] [supervisor.supervisor] Supervision loop ending
2026-04-16 22:59:32 [INFO] [supervisor.supervisor] [Supervisor] Shutting down all...
2026-04-16 22:59:32 [INFO] [supervisor.supervisor] [Supervisor] Shutdown complete
2026-04-19 21:12:03 [INFO] [supervisor] Logging initialised → logs\supervisor.log (level=INFO)
2026-04-19 21:12:03 [INFO] [core.config_loader] Config loaded v2.1: 3 cameras
2026-04-19 21:12:03 [INFO] [supervisor.supervisor] ============================================================
2026-04-19 21:12:03 [INFO] [supervisor.supervisor] Supervisor v2.1 — IndustrialVisionSystem
2026-04-19 21:12:03 [INFO] [supervisor.supervisor] ============================================================
2026-04-19 21:12:03 [INFO] [supervisor.supervisor] Model OK: models/best.pt
2026-04-19 21:12:03 [INFO] [supervisor.supervisor] [Supervisor] Result fanout thread started
2026-04-19 21:12:04 [INFO] [supervisor.supervisor] Started camera_0 PID=4916
2026-04-19 21:12:04 [INFO] [supervisor.supervisor] Started camera_1 PID=26328
2026-04-19 21:12:04 [INFO] [supervisor.supervisor] Started camera_2 PID=29332
2026-04-19 21:12:04 [INFO] [supervisor.supervisor] Started gpu_pool PID=24952 (daemon=False, spawns GPU worker children)
2026-04-19 21:12:04 [INFO] [supervisor.supervisor] Started relay PID=17636
2026-04-19 21:12:04 [INFO] [supervisor.supervisor] Started gui PID=23812
2026-04-19 21:12:04 [INFO] [supervisor.supervisor] Started gpu_monitor PID=13280
2026-04-19 21:12:04 [INFO] [supervisor.supervisor] All processes started.
2026-04-19 21:12:04 [INFO] [supervisor.supervisor] Supervision loop running
2026-04-19 21:12:18 [INFO] [supervisor.supervisor] [Supervisor] Detection PAUSED by operator
2026-04-19 21:12:24 [INFO] [supervisor.supervisor] [Supervisor] Detection STARTED by operator
2026-04-19 21:12:31 [INFO] [supervisor.supervisor] [Supervisor] Signal 2 → shutdown
2026-04-19 21:12:31 [INFO] [supervisor.supervisor] Supervision loop ending
2026-04-19 21:12:31 [INFO] [supervisor.supervisor] [Supervisor] Shutting down all...
2026-04-19 21:12:31 [INFO] [supervisor.supervisor] [Supervisor] Shutdown complete
2026-04-19 21:17:01 [INFO] [supervisor] Logging initialised → logs\supervisor.log (level=INFO)
2026-04-19 21:17:01 [INFO] [core.config_loader] Config loaded v2.1: 3 cameras
2026-04-19 21:17:01 [INFO] [supervisor.supervisor] ============================================================
2026-04-19 21:17:01 [INFO] [supervisor.supervisor] Supervisor v2.1 — IndustrialVisionSystem
2026-04-19 21:17:01 [INFO] [supervisor.supervisor] ============================================================
2026-04-19 21:17:01 [INFO] [supervisor.supervisor] Model OK: models/best.pt
2026-04-19 21:17:01 [INFO] [supervisor.supervisor] [Supervisor] Result fanout thread started
2026-04-19 21:17:01 [INFO] [supervisor.supervisor] Started camera_0 PID=27052
2026-04-19 21:17:01 [INFO] [supervisor.supervisor] Started camera_1 PID=12748
2026-04-19 21:17:01 [INFO] [supervisor.supervisor] Started camera_2 PID=21568
2026-04-19 21:17:01 [INFO] [supervisor.supervisor] Started gpu_pool PID=27476 (daemon=False, spawns GPU worker children)
2026-04-19 21:17:01 [INFO] [supervisor.supervisor] Started relay PID=16940
2026-04-19 21:17:01 [INFO] [supervisor.supervisor] Started gui PID=18012
2026-04-19 21:17:01 [INFO] [supervisor.supervisor] Started gpu_monitor PID=17692
2026-04-19 21:17:01 [INFO] [supervisor.supervisor] All processes started.
2026-04-19 21:17:01 [INFO] [supervisor.supervisor] Supervision loop running
2026-04-19 21:17:32 [ERROR] [supervisor.supervisor] [camera] cam=2 ConnectionFailed: RTSP failed: rtsp://admin:password@192.168.1.103:554/
2026-04-19 21:18:01 [INFO] [supervisor.supervisor] [Health] Uptime 00h01m00s
2026-04-19 21:18:01 [INFO] [supervisor.supervisor]   camera_0               alive=True  restarts=0   mem=112.7MB fps=12.9
2026-04-19 21:18:01 [INFO] [supervisor.supervisor]   camera_1               alive=True  restarts=0   mem=112.4MB fps=12.9
2026-04-19 21:18:01 [INFO] [supervisor.supervisor]   camera_2               alive=True  restarts=0   mem=0.0MB fps=0.0
2026-04-19 21:18:01 [INFO] [supervisor.supervisor]   gpu_pool               alive=True  restarts=0   mem=3285.7MB fps=5.7
2026-04-19 21:18:01 [INFO] [supervisor.supervisor]   relay                  alive=True  restarts=0   mem=26.4MB fps=0.0
2026-04-19 21:18:01 [INFO] [supervisor.supervisor]   gui                    alive=True  restarts=0   mem=66.6MB fps=0.0
2026-04-19 21:18:01 [INFO] [supervisor.supervisor]   gpu_monitor            alive=True  restarts=0   mem=35.7MB fps=0.0
2026-04-19 21:18:03 [ERROR] [supervisor.supervisor] [camera] cam=2 ConnectionFailed: RTSP failed: rtsp://admin:password@192.168.1.103:554/
2026-04-19 21:18:15 [INFO] [supervisor.supervisor] [Supervisor] Signal 2 → shutdown
2026-04-19 21:18:15 [INFO] [supervisor.supervisor] Supervision loop ending
2026-04-19 21:18:15 [INFO] [supervisor.supervisor] [Supervisor] Shutting down all...
2026-04-19 21:18:16 [INFO] [supervisor.supervisor] [Supervisor] Shutdown complete
2026-04-19 21:31:30 [INFO] [supervisor] Logging initialised → logs\supervisor.log (level=INFO)
2026-04-19 21:31:30 [INFO] [core.config_loader] Config loaded v2.1: 3 cameras
2026-04-19 21:31:30 [INFO] [supervisor.supervisor] ============================================================
2026-04-19 21:31:30 [INFO] [supervisor.supervisor] Supervisor v2.1 — IndustrialVisionSystem
2026-04-19 21:31:30 [INFO] [supervisor.supervisor] ============================================================
2026-04-19 21:31:30 [INFO] [supervisor.supervisor] Model OK: models/best.pt
2026-04-19 21:31:30 [INFO] [supervisor.supervisor] [Supervisor] Result fanout thread started
2026-04-19 21:31:30 [INFO] [supervisor.supervisor] Started camera_0 PID=12076
2026-04-19 21:31:30 [INFO] [supervisor.supervisor] Started camera_1 PID=552
2026-04-19 21:31:30 [INFO] [supervisor.supervisor] Started camera_2 PID=7404
2026-04-19 21:31:30 [INFO] [supervisor.supervisor] Started gpu_pool PID=11992 (daemon=False, spawns GPU worker children)
2026-04-19 21:31:30 [INFO] [supervisor.supervisor] Started relay PID=14704
2026-04-19 21:31:30 [INFO] [supervisor.supervisor] Started gui PID=25796
2026-04-19 21:31:30 [INFO] [supervisor.supervisor] Started gpu_monitor PID=29124
2026-04-19 21:31:30 [INFO] [supervisor.supervisor] All processes started.
2026-04-19 21:31:30 [INFO] [supervisor.supervisor] Supervision loop running
2026-04-19 21:32:01 [ERROR] [supervisor.supervisor] [camera] cam=2 ConnectionFailed: RTSP failed: rtsp://admin:password@192.168.1.103:554/
2026-04-19 21:32:31 [INFO] [supervisor.supervisor] [Health] Uptime 00h01m00s
2026-04-19 21:32:31 [INFO] [supervisor.supervisor]   camera_0               alive=True  restarts=0   mem=112.4MB fps=12.9
2026-04-19 21:32:31 [INFO] [supervisor.supervisor]   camera_1               alive=True  restarts=0   mem=112.5MB fps=12.9
2026-04-19 21:32:31 [INFO] [supervisor.supervisor]   camera_2               alive=True  restarts=0   mem=0.0MB fps=0.0
2026-04-19 21:32:31 [INFO] [supervisor.supervisor]   gpu_pool               alive=True  restarts=0   mem=3291.3MB fps=6.7
2026-04-19 21:32:31 [INFO] [supervisor.supervisor]   relay                  alive=True  restarts=0   mem=26.5MB fps=0.0
2026-04-19 21:32:31 [INFO] [supervisor.supervisor]   gui                    alive=True  restarts=0   mem=72.0MB fps=0.0
2026-04-19 21:32:31 [INFO] [supervisor.supervisor]   gpu_monitor            alive=True  restarts=0   mem=35.8MB fps=0.0
2026-04-19 21:32:33 [ERROR] [supervisor.supervisor] [camera] cam=2 ConnectionFailed: RTSP failed: rtsp://admin:password@192.168.1.103:554/
2026-04-19 21:33:07 [ERROR] [supervisor.supervisor] [camera] cam=2 ConnectionFailed: RTSP failed: rtsp://admin:password@192.168.1.103:554/
2026-04-19 21:33:31 [INFO] [supervisor.supervisor] [Health] Uptime 00h02m01s
2026-04-19 21:33:31 [INFO] [supervisor.supervisor]   camera_0               alive=True  restarts=0   mem=112.7MB fps=12.9
2026-04-19 21:33:31 [INFO] [supervisor.supervisor]   camera_1               alive=True  restarts=0   mem=113.9MB fps=12.9
2026-04-19 21:33:31 [INFO] [supervisor.supervisor]   camera_2               alive=True  restarts=0   mem=0.0MB fps=0.0
2026-04-19 21:33:31 [INFO] [supervisor.supervisor]   gpu_pool               alive=True  restarts=0   mem=3296.6MB fps=0.0
2026-04-19 21:33:31 [INFO] [supervisor.supervisor]   relay                  alive=True  restarts=0   mem=26.4MB fps=0.0
2026-04-19 21:33:31 [INFO] [supervisor.supervisor]   gui                    alive=True  restarts=0   mem=72.0MB fps=0.0
2026-04-19 21:33:31 [INFO] [supervisor.supervisor]   gpu_monitor            alive=True  restarts=0   mem=35.8MB fps=0.0
2026-04-19 21:33:46 [ERROR] [supervisor.supervisor] [camera] cam=2 ConnectionFailed: RTSP failed: rtsp://admin:password@192.168.1.103:554/
2026-04-19 21:34:31 [ERROR] [supervisor.supervisor] [camera] cam=2 ConnectionFailed: RTSP failed: rtsp://admin:password@192.168.1.103:554/
2026-04-19 21:34:32 [INFO] [supervisor.supervisor] [Health] Uptime 00h03m01s
2026-04-19 21:34:32 [INFO] [supervisor.supervisor]   camera_0               alive=True  restarts=0   mem=113.6MB fps=12.9
2026-04-19 21:34:32 [INFO] [supervisor.supervisor]   camera_1               alive=True  restarts=0   mem=114.7MB fps=12.9
2026-04-19 21:34:32 [INFO] [supervisor.supervisor]   camera_2               alive=True  restarts=0   mem=0.0MB fps=0.0
2026-04-19 21:34:32 [INFO] [supervisor.supervisor]   gpu_pool               alive=True  restarts=0   mem=3294.0MB fps=5.0
2026-04-19 21:34:32 [INFO] [supervisor.supervisor]   relay                  alive=True  restarts=0   mem=26.4MB fps=0.0
2026-04-19 21:34:32 [INFO] [supervisor.supervisor]   gui                    alive=True  restarts=0   mem=66.9MB fps=0.0
2026-04-19 21:34:32 [INFO] [supervisor.supervisor]   gpu_monitor            alive=True  restarts=0   mem=35.8MB fps=0.0
2026-04-19 21:35:01 [INFO] [supervisor.supervisor] [Supervisor] Signal 2 → shutdown
2026-04-19 21:35:01 [INFO] [supervisor.supervisor] Supervision loop ending
2026-04-19 21:35:01 [INFO] [supervisor.supervisor] [Supervisor] Shutting down all...
2026-04-19 21:35:01 [INFO] [supervisor.supervisor] [Supervisor] Shutdown complete
2026-04-19 21:35:16 [INFO] [supervisor] Logging initialised → logs\supervisor.log (level=INFO)
2026-04-19 21:35:16 [INFO] [core.config_loader] Config loaded v2.1: 3 cameras
2026-04-19 21:35:16 [INFO] [supervisor.supervisor] ============================================================
2026-04-19 21:35:16 [INFO] [supervisor.supervisor] Supervisor v2.1 — IndustrialVisionSystem
2026-04-19 21:35:16 [INFO] [supervisor.supervisor] ============================================================
2026-04-19 21:35:16 [INFO] [supervisor.supervisor] Model OK: models/best.pt
2026-04-19 21:35:16 [INFO] [supervisor.supervisor] [Supervisor] Result fanout thread started
2026-04-19 21:35:16 [INFO] [supervisor.supervisor] Started camera_0 PID=6764
2026-04-19 21:35:16 [INFO] [supervisor.supervisor] Started camera_1 PID=19532
2026-04-19 21:35:16 [INFO] [supervisor.supervisor] Started camera_2 PID=7892
2026-04-19 21:35:16 [INFO] [supervisor.supervisor] Started gpu_pool PID=5868 (daemon=False, spawns GPU worker children)
2026-04-19 21:35:16 [INFO] [supervisor.supervisor] Started relay PID=25412
2026-04-19 21:35:16 [INFO] [supervisor.supervisor] Started gui PID=28808
2026-04-19 21:35:16 [INFO] [supervisor.supervisor] Started gpu_monitor PID=22396
2026-04-19 21:35:16 [INFO] [supervisor.supervisor] All processes started.
2026-04-19 21:35:16 [INFO] [supervisor.supervisor] Supervision loop running
2026-04-19 21:35:38 [INFO] [supervisor.supervisor] [Supervisor] Signal 2 → shutdown
2026-04-19 21:35:38 [INFO] [supervisor.supervisor] Supervision loop ending
2026-04-19 21:35:38 [INFO] [supervisor.supervisor] [Supervisor] Shutting down all...
2026-04-19 21:35:38 [INFO] [supervisor.supervisor] [Supervisor] Shutdown complete
2026-04-19 21:38:43 [INFO] [supervisor] Logging initialised → logs\supervisor.log (level=INFO)
2026-04-19 21:38:43 [INFO] [core.config_loader] Config loaded v2.1: 3 cameras
2026-04-19 21:38:43 [INFO] [supervisor.supervisor] ============================================================
2026-04-19 21:38:43 [INFO] [supervisor.supervisor] Supervisor v2.1 — IndustrialVisionSystem
2026-04-19 21:38:43 [INFO] [supervisor.supervisor] ============================================================
2026-04-19 21:38:43 [INFO] [supervisor.supervisor] Model OK: models/best.pt
2026-04-19 21:38:43 [INFO] [supervisor.supervisor] [Supervisor] Result fanout thread started
2026-04-19 21:38:43 [INFO] [supervisor.supervisor] Started camera_0 PID=23620
2026-04-19 21:38:43 [INFO] [supervisor.supervisor] Started camera_1 PID=25568
2026-04-19 21:38:43 [INFO] [supervisor.supervisor] Started camera_2 PID=3052
2026-04-19 21:38:43 [INFO] [supervisor.supervisor] Started gpu_pool PID=18288 (daemon=False, spawns GPU worker children)
2026-04-19 21:38:43 [INFO] [supervisor.supervisor] Started relay PID=13452
2026-04-19 21:38:43 [INFO] [supervisor.supervisor] Started gui PID=13480
2026-04-19 21:38:43 [INFO] [supervisor.supervisor] Started gpu_monitor PID=6976
2026-04-19 21:38:43 [INFO] [supervisor.supervisor] All processes started.
2026-04-19 21:38:43 [INFO] [supervisor.supervisor] Supervision loop running
2026-04-19 21:39:13 [ERROR] [supervisor.supervisor] [camera] cam=2 ConnectionFailed: RTSP failed: rtsp://admin:password@192.168.1.103:554/
2026-04-19 21:39:43 [INFO] [supervisor.supervisor] [Health] Uptime 00h01m00s
2026-04-19 21:39:43 [INFO] [supervisor.supervisor]   camera_0               alive=True  restarts=0   mem=113.5MB fps=13.0
2026-04-19 21:39:43 [INFO] [supervisor.supervisor]   camera_1               alive=True  restarts=0   mem=110.6MB fps=13.0
2026-04-19 21:39:43 [INFO] [supervisor.supervisor]   camera_2               alive=True  restarts=0   mem=0.0MB fps=0.0
2026-04-19 21:39:43 [INFO] [supervisor.supervisor]   gpu_pool               alive=True  restarts=0   mem=3295.3MB fps=5.7
2026-04-19 21:39:43 [INFO] [supervisor.supervisor]   relay                  alive=True  restarts=0   mem=28.0MB fps=0.0
2026-04-19 21:39:43 [INFO] [supervisor.supervisor]   gui                    alive=True  restarts=0   mem=71.9MB fps=0.0
2026-04-19 21:39:43 [INFO] [supervisor.supervisor]   gpu_monitor            alive=True  restarts=0   mem=35.9MB fps=0.0
2026-04-19 21:39:46 [ERROR] [supervisor.supervisor] [camera] cam=2 ConnectionFailed: RTSP failed: rtsp://admin:password@192.168.1.103:554/
2026-04-19 21:40:20 [ERROR] [supervisor.supervisor] [camera] cam=2 ConnectionFailed: RTSP failed: rtsp://admin:password@192.168.1.103:554/
2026-04-19 21:40:44 [INFO] [supervisor.supervisor] [Health] Uptime 00h02m01s
2026-04-19 21:40:44 [INFO] [supervisor.supervisor]   camera_0               alive=True  restarts=0   mem=113.6MB fps=12.9
2026-04-19 21:40:44 [INFO] [supervisor.supervisor]   camera_1               alive=True  restarts=0   mem=110.6MB fps=12.9
2026-04-19 21:40:44 [INFO] [supervisor.supervisor]   camera_2               alive=True  restarts=0   mem=0.0MB fps=0.0
2026-04-19 21:40:44 [INFO] [supervisor.supervisor]   gpu_pool               alive=True  restarts=0   mem=3298.0MB fps=0.0
2026-04-19 21:40:44 [INFO] [supervisor.supervisor]   relay                  alive=True  restarts=0   mem=28.0MB fps=0.0
2026-04-19 21:40:44 [INFO] [supervisor.supervisor]   gui                    alive=True  restarts=0   mem=72.0MB fps=0.0
2026-04-19 21:40:44 [INFO] [supervisor.supervisor]   gpu_monitor            alive=True  restarts=0   mem=35.9MB fps=0.0
2026-04-19 21:40:58 [ERROR] [supervisor.supervisor] [camera] cam=2 ConnectionFailed: RTSP failed: rtsp://admin:password@192.168.1.103:554/
2026-04-19 21:41:23 [INFO] [supervisor.supervisor] [Supervisor] Signal 2 → shutdown
2026-04-19 21:41:23 [INFO] [supervisor.supervisor] Supervision loop ending
2026-04-19 21:41:23 [INFO] [supervisor.supervisor] [Supervisor] Shutting down all...
2026-04-19 21:41:23 [INFO] [supervisor.supervisor] [Supervisor] Shutdown complete
2026-04-19 21:53:42 [INFO] [supervisor] Logging initialised → logs\supervisor.log (level=INFO)
2026-04-19 21:53:42 [INFO] [core.config_loader] Config loaded v2.1: 3 cameras
2026-04-19 21:53:42 [INFO] [supervisor.supervisor] ============================================================
2026-04-19 21:53:42 [INFO] [supervisor.supervisor] Supervisor v2.1 — IndustrialVisionSystem
2026-04-19 21:53:42 [INFO] [supervisor.supervisor] ============================================================
2026-04-19 21:53:42 [INFO] [supervisor.supervisor] Model OK: models/best.pt
2026-04-19 21:53:42 [INFO] [supervisor.supervisor] [Supervisor] Result fanout thread started
2026-04-19 21:53:42 [INFO] [supervisor.supervisor] Started camera_0 PID=1012
2026-04-19 21:53:42 [INFO] [supervisor.supervisor] Started camera_1 PID=27696
2026-04-19 21:53:42 [INFO] [supervisor.supervisor] Started camera_2 PID=28176
2026-04-19 21:53:42 [INFO] [supervisor.supervisor] Started gpu_pool PID=18032 (daemon=False, spawns GPU worker children)
2026-04-19 21:53:42 [INFO] [supervisor.supervisor] Started relay PID=3696
2026-04-19 21:53:42 [INFO] [supervisor.supervisor] Started gui PID=17332
2026-04-19 21:53:42 [INFO] [supervisor.supervisor] Started gpu_monitor PID=15612
2026-04-19 21:53:42 [INFO] [supervisor.supervisor] All processes started.
2026-04-19 21:53:42 [INFO] [supervisor.supervisor] Supervision loop running
2026-04-19 21:54:13 [ERROR] [supervisor.supervisor] [camera] cam=2 ConnectionFailed: RTSP failed: rtsp://admin:password@192.168.1.103:554/
2026-04-19 21:54:43 [INFO] [supervisor.supervisor] [Health] Uptime 00h01m00s
2026-04-19 21:54:43 [INFO] [supervisor.supervisor]   camera_0               alive=True  restarts=0   mem=112.6MB fps=12.9
2026-04-19 21:54:43 [INFO] [supervisor.supervisor]   camera_1               alive=True  restarts=0   mem=113.4MB fps=12.9
2026-04-19 21:54:43 [INFO] [supervisor.supervisor]   camera_2               alive=True  restarts=0   mem=0.0MB fps=0.0
2026-04-19 21:54:43 [INFO] [supervisor.supervisor]   gpu_pool               alive=True  restarts=0   mem=3291.4MB fps=5.3
2026-04-19 21:54:43 [INFO] [supervisor.supervisor]   relay                  alive=True  restarts=0   mem=28.0MB fps=0.0
2026-04-19 21:54:43 [INFO] [supervisor.supervisor]   gui                    alive=True  restarts=0   mem=71.8MB fps=0.0
2026-04-19 21:54:43 [INFO] [supervisor.supervisor]   gpu_monitor            alive=True  restarts=0   mem=35.8MB fps=0.0
2026-04-19 21:54:45 [ERROR] [supervisor.supervisor] [camera] cam=2 ConnectionFailed: RTSP failed: rtsp://admin:password@192.168.1.103:554/
2026-04-19 21:55:19 [ERROR] [supervisor.supervisor] [camera] cam=2 ConnectionFailed: RTSP failed: rtsp://admin:password@192.168.1.103:554/
2026-04-19 21:55:21 [INFO] [supervisor.supervisor] [Supervisor] Signal 2 → shutdown
2026-04-19 21:55:21 [INFO] [supervisor.supervisor] Supervision loop ending
2026-04-19 21:55:21 [INFO] [supervisor.supervisor] [Supervisor] Shutting down all...
2026-04-19 21:55:21 [INFO] [supervisor.supervisor] [Supervisor] Shutdown complete
2026-04-19 21:59:32 [INFO] [supervisor] Logging initialised → logs\supervisor.log (level=INFO)
2026-04-19 21:59:32 [INFO] [core.config_loader] Config loaded v2.1: 3 cameras
2026-04-19 21:59:32 [INFO] [supervisor.supervisor] ============================================================
2026-04-19 21:59:32 [INFO] [supervisor.supervisor] Supervisor v2.1 — IndustrialVisionSystem
2026-04-19 21:59:32 [INFO] [supervisor.supervisor] ============================================================
2026-04-19 21:59:32 [INFO] [supervisor.supervisor] Model OK: models/best.pt
2026-04-19 21:59:32 [INFO] [supervisor.supervisor] [Supervisor] Result fanout thread started
2026-04-19 21:59:32 [INFO] [supervisor.supervisor] Started camera_0 PID=22224
2026-04-19 21:59:32 [INFO] [supervisor.supervisor] Started camera_1 PID=17928
2026-04-19 21:59:32 [INFO] [supervisor.supervisor] Started camera_2 PID=1504
2026-04-19 21:59:32 [INFO] [supervisor.supervisor] Started gpu_pool PID=16536 (daemon=False, spawns GPU worker children)
2026-04-19 21:59:32 [INFO] [supervisor.supervisor] Started relay PID=1596
2026-04-19 21:59:32 [INFO] [supervisor.supervisor] Started gui PID=7192
2026-04-19 21:59:32 [INFO] [supervisor.supervisor] Started gpu_monitor PID=13136
2026-04-19 21:59:32 [INFO] [supervisor.supervisor] All processes started.
2026-04-19 21:59:32 [INFO] [supervisor.supervisor] Supervision loop running
2026-04-19 22:00:03 [ERROR] [supervisor.supervisor] [camera] cam=2 ConnectionFailed: RTSP failed: rtsp://admin:password@192.168.1.103:554/
2026-04-19 22:00:33 [INFO] [supervisor.supervisor] [Health] Uptime 00h01m00s
2026-04-19 22:00:33 [INFO] [supervisor.supervisor]   camera_0               alive=True  restarts=0   mem=113.6MB fps=12.9
2026-04-19 22:00:33 [INFO] [supervisor.supervisor]   camera_1               alive=True  restarts=0   mem=112.2MB fps=12.9
2026-04-19 22:00:33 [INFO] [supervisor.supervisor]   camera_2               alive=True  restarts=0   mem=0.0MB fps=0.0
2026-04-19 22:00:33 [INFO] [supervisor.supervisor]   gpu_pool               alive=True  restarts=0   mem=3293.7MB fps=0.0
2026-04-19 22:00:33 [INFO] [supervisor.supervisor]   relay                  alive=True  restarts=0   mem=28.1MB fps=0.0
2026-04-19 22:00:33 [INFO] [supervisor.supervisor]   gui                    alive=True  restarts=0   mem=69.4MB fps=0.0
2026-04-19 22:00:33 [INFO] [supervisor.supervisor]   gpu_monitor            alive=True  restarts=0   mem=35.9MB fps=0.0
2026-04-19 22:00:35 [ERROR] [supervisor.supervisor] [camera] cam=2 ConnectionFailed: RTSP failed: rtsp://admin:password@192.168.1.103:554/
2026-04-19 22:01:09 [ERROR] [supervisor.supervisor] [camera] cam=2 ConnectionFailed: RTSP failed: rtsp://admin:password@192.168.1.103:554/
2026-04-19 22:01:34 [INFO] [supervisor.supervisor] [Health] Uptime 00h02m01s
2026-04-19 22:01:34 [INFO] [supervisor.supervisor]   camera_0               alive=True  restarts=0   mem=113.7MB fps=13.1
2026-04-19 22:01:34 [INFO] [supervisor.supervisor]   camera_1               alive=True  restarts=0   mem=114.1MB fps=13.1
2026-04-19 22:01:34 [INFO] [supervisor.supervisor]   camera_2               alive=True  restarts=0   mem=0.0MB fps=0.0
2026-04-19 22:01:34 [INFO] [supervisor.supervisor]   gpu_pool               alive=True  restarts=0   mem=3293.7MB fps=0.0
2026-04-19 22:01:34 [INFO] [supervisor.supervisor]   relay                  alive=True  restarts=0   mem=28.0MB fps=0.0
2026-04-19 22:01:34 [INFO] [supervisor.supervisor]   gui                    alive=True  restarts=0   mem=69.3MB fps=0.0
2026-04-19 22:01:34 [INFO] [supervisor.supervisor]   gpu_monitor            alive=True  restarts=0   mem=35.9MB fps=0.0
2026-04-19 22:01:40 [INFO] [supervisor.supervisor] [Supervisor] Signal 2 → shutdown
2026-04-19 22:01:40 [INFO] [supervisor.supervisor] Supervision loop ending
2026-04-19 22:01:40 [INFO] [supervisor.supervisor] [Supervisor] Shutting down all...
2026-04-19 22:01:40 [INFO] [supervisor.supervisor] [Supervisor] Shutdown complete
2026-04-19 22:14:25 [INFO] [supervisor] Logging initialised → logs\supervisor.log (level=INFO)
2026-04-19 22:14:25 [INFO] [core.config_loader] Config loaded v2.1: 3 cameras
2026-04-19 22:14:25 [INFO] [supervisor.supervisor] ============================================================
2026-04-19 22:14:25 [INFO] [supervisor.supervisor] Supervisor v2.1 — IndustrialVisionSystem
2026-04-19 22:14:25 [INFO] [supervisor.supervisor] ============================================================
2026-04-19 22:14:25 [INFO] [supervisor.supervisor] Model OK: models/best.pt
2026-04-19 22:14:25 [INFO] [supervisor.supervisor] [Supervisor] Result fanout thread started
2026-04-19 22:14:26 [INFO] [supervisor.supervisor] Started camera_0 PID=16480
2026-04-19 22:14:26 [INFO] [supervisor.supervisor] Started camera_1 PID=20832
2026-04-19 22:14:26 [INFO] [supervisor.supervisor] Started camera_2 PID=28388
2026-04-19 22:14:26 [INFO] [supervisor.supervisor] Started gpu_pool PID=4796 (daemon=False, spawns GPU worker children)
2026-04-19 22:14:26 [INFO] [supervisor.supervisor] Started relay PID=6072
2026-04-19 22:14:26 [INFO] [supervisor.supervisor] Started gui PID=25000
2026-04-19 22:14:26 [INFO] [supervisor.supervisor] Started gpu_monitor PID=25908
2026-04-19 22:14:26 [INFO] [supervisor.supervisor] All processes started.
2026-04-19 22:14:26 [INFO] [supervisor.supervisor] Supervision loop running
2026-04-19 22:14:57 [ERROR] [supervisor.supervisor] [camera] cam=2 ConnectionFailed: RTSP failed: rtsp://admin:password@192.168.1.103:554/
2026-04-19 22:15:20 [INFO] [supervisor.supervisor] [Supervisor] Signal 2 → shutdown
2026-04-19 22:15:20 [INFO] [supervisor.supervisor] Supervision loop ending
2026-04-19 22:15:20 [INFO] [supervisor.supervisor] [Supervisor] Shutting down all...
2026-04-19 22:15:20 [INFO] [supervisor.supervisor] [Supervisor] Shutdown complete
2026-04-22 15:24:10 [INFO] [supervisor] Logging initialised → logs\supervisor.log (level=INFO)
2026-04-22 15:24:10 [INFO] [core.config_loader] Config loaded v2.1: 3 cameras
2026-04-22 15:24:10 [INFO] [supervisor.supervisor] ============================================================
2026-04-22 15:24:10 [INFO] [supervisor.supervisor] Supervisor v2.1 — IndustrialVisionSystem
2026-04-22 15:24:10 [INFO] [supervisor.supervisor] ============================================================
2026-04-22 15:24:10 [INFO] [supervisor.supervisor] Model OK: models/best.pt
2026-04-22 15:24:10 [INFO] [supervisor.supervisor] [Supervisor] Result fanout thread started
2026-04-22 15:24:11 [INFO] [supervisor.supervisor] Started camera_0 PID=22152
2026-04-22 15:24:11 [INFO] [supervisor.supervisor] Started camera_1 PID=26508
2026-04-22 15:24:11 [INFO] [supervisor.supervisor] Started camera_2 PID=25660
2026-04-22 15:24:11 [INFO] [supervisor.supervisor] Started gpu_pool PID=21576 (daemon=False, spawns GPU worker children)
2026-04-22 15:24:11 [INFO] [supervisor.supervisor] Started relay PID=24144
2026-04-22 15:24:11 [INFO] [supervisor.supervisor] Started gui PID=6884
2026-04-22 15:24:11 [INFO] [supervisor.supervisor] Started gpu_monitor PID=10380
2026-04-22 15:24:11 [INFO] [supervisor.supervisor] All processes started.
2026-04-22 15:24:11 [INFO] [supervisor.supervisor] Supervision loop running
2026-04-22 15:24:42 [ERROR] [supervisor.supervisor] [camera] cam=0 ConnectionFailed: RTSP failed: rtsp://admin:Pass_123@192.168.1.248:554/
2026-04-22 15:24:42 [ERROR] [supervisor.supervisor] [camera] cam=1 ConnectionFailed: RTSP failed: rtsp://admin:Pass_123@192.168.1.249:554/
2026-04-22 15:24:42 [ERROR] [supervisor.supervisor] [camera] cam=2 ConnectionFailed: RTSP failed: rtsp://admin:password@192.168.1.103:554/
2026-04-22 15:25:10 [INFO] [supervisor.supervisor] [Health] Uptime 00h01m00s
2026-04-22 15:25:10 [INFO] [supervisor.supervisor]   camera_0               alive=True  restarts=0   mem=0.0MB fps=0.0
2026-04-22 15:25:10 [INFO] [supervisor.supervisor]   camera_1               alive=True  restarts=0   mem=0.0MB fps=0.0
2026-04-22 15:25:10 [INFO] [supervisor.supervisor]   camera_2               alive=True  restarts=0   mem=0.0MB fps=0.0
2026-04-22 15:25:10 [INFO] [supervisor.supervisor]   gpu_pool               alive=True  restarts=0   mem=3257.5MB fps=0.0
2026-04-22 15:25:10 [INFO] [supervisor.supervisor]   relay                  alive=True  restarts=0   mem=27.9MB fps=0.0
2026-04-22 15:25:10 [INFO] [supervisor.supervisor]   gui                    alive=True  restarts=0   mem=55.6MB fps=0.0
2026-04-22 15:25:10 [INFO] [supervisor.supervisor]   gpu_monitor            alive=True  restarts=0   mem=35.9MB fps=0.0
2026-04-22 15:25:13 [ERROR] [supervisor.supervisor] [camera] cam=1 ConnectionFailed: RTSP failed: rtsp://admin:Pass_123@192.168.1.249:554/
2026-04-22 15:25:13 [ERROR] [supervisor.supervisor] [camera] cam=2 ConnectionFailed: RTSP failed: rtsp://admin:password@192.168.1.103:554/
2026-04-22 15:25:13 [ERROR] [supervisor.supervisor] [camera] cam=0 ConnectionFailed: RTSP failed: rtsp://admin:Pass_123@192.168.1.248:554/
2026-04-22 15:25:47 [ERROR] [supervisor.supervisor] [camera] cam=1 ConnectionFailed: RTSP failed: rtsp://admin:Pass_123@192.168.1.249:554/
2026-04-22 15:25:47 [ERROR] [supervisor.supervisor] [camera] cam=2 ConnectionFailed: RTSP failed: rtsp://admin:password@192.168.1.103:554/
2026-04-22 15:25:47 [ERROR] [supervisor.supervisor] [camera] cam=0 ConnectionFailed: RTSP failed: rtsp://admin:Pass_123@192.168.1.248:554/
2026-04-22 15:26:11 [INFO] [supervisor.supervisor] [Health] Uptime 00h02m00s
2026-04-22 15:26:11 [INFO] [supervisor.supervisor]   camera_0               alive=True  restarts=0   mem=0.0MB fps=0.0
2026-04-22 15:26:11 [INFO] [supervisor.supervisor]   camera_1               alive=True  restarts=0   mem=0.0MB fps=0.0
2026-04-22 15:26:11 [INFO] [supervisor.supervisor]   camera_2               alive=True  restarts=0   mem=0.0MB fps=0.0
2026-04-22 15:26:11 [INFO] [supervisor.supervisor]   gpu_pool               alive=True  restarts=0   mem=3257.4MB fps=0.0
2026-04-22 15:26:11 [INFO] [supervisor.supervisor]   relay                  alive=True  restarts=0   mem=27.9MB fps=0.0
2026-04-22 15:26:11 [INFO] [supervisor.supervisor]   gui                    alive=True  restarts=0   mem=55.5MB fps=0.0
2026-04-22 15:26:11 [INFO] [supervisor.supervisor]   gpu_monitor            alive=True  restarts=0   mem=35.8MB fps=0.0
2026-04-22 15:26:26 [ERROR] [supervisor.supervisor] [camera] cam=2 ConnectionFailed: RTSP failed: rtsp://admin:password@192.168.1.103:554/
2026-04-22 15:26:26 [ERROR] [supervisor.supervisor] [camera] cam=1 ConnectionFailed: RTSP failed: rtsp://admin:Pass_123@192.168.1.249:554/
2026-04-22 15:26:26 [ERROR] [supervisor.supervisor] [camera] cam=0 ConnectionFailed: RTSP failed: rtsp://admin:Pass_123@192.168.1.248:554/
2026-04-22 15:27:11 [INFO] [supervisor.supervisor] [Health] Uptime 00h03m01s
2026-04-22 15:27:11 [INFO] [supervisor.supervisor]   camera_0               alive=True  restarts=0   mem=0.0MB fps=0.0
2026-04-22 15:27:11 [INFO] [supervisor.supervisor]   camera_1               alive=True  restarts=0   mem=0.0MB fps=0.0
2026-04-22 15:27:11 [INFO] [supervisor.supervisor]   camera_2               alive=True  restarts=0   mem=0.0MB fps=0.0
2026-04-22 15:27:11 [INFO] [supervisor.supervisor]   gpu_pool               alive=True  restarts=0   mem=3257.4MB fps=0.0
2026-04-22 15:27:11 [INFO] [supervisor.supervisor]   relay                  alive=True  restarts=0   mem=27.8MB fps=0.0
2026-04-22 15:27:11 [INFO] [supervisor.supervisor]   gui                    alive=True  restarts=0   mem=55.5MB fps=0.0
2026-04-22 15:27:11 [INFO] [supervisor.supervisor]   gpu_monitor            alive=True  restarts=0   mem=35.8MB fps=0.0
2026-04-22 15:27:12 [ERROR] [supervisor.supervisor] [camera] cam=0 ConnectionFailed: RTSP failed: rtsp://admin:Pass_123@192.168.1.248:554/
2026-04-22 15:27:12 [ERROR] [supervisor.supervisor] [camera] cam=2 ConnectionFailed: RTSP failed: rtsp://admin:password@192.168.1.103:554/
2026-04-22 15:27:12 [ERROR] [supervisor.supervisor] [camera] cam=1 ConnectionFailed: RTSP failed: rtsp://admin:Pass_123@192.168.1.249:554/
2026-04-22 15:28:05 [ERROR] [supervisor.supervisor] [Supervisor] relay not alive → restart
2026-04-22 15:28:05 [INFO] [supervisor.supervisor] [Supervisor] Restarting relay (#1)
2026-04-22 15:28:05 [INFO] [supervisor.supervisor] [Supervisor] relay backoff 5.0s
2026-04-22 15:29:24 [INFO] [supervisor] Logging initialised → logs\supervisor.log (level=INFO)
2026-04-22 15:29:24 [INFO] [core.config_loader] Config loaded v2.1: 3 cameras
2026-04-22 15:29:24 [INFO] [supervisor.supervisor] ============================================================
2026-04-22 15:29:24 [INFO] [supervisor.supervisor] Supervisor v2.1 — IndustrialVisionSystem
2026-04-22 15:29:24 [INFO] [supervisor.supervisor] ============================================================
2026-04-22 15:29:24 [INFO] [supervisor.supervisor] Model OK: models/best.pt
2026-04-22 15:29:24 [INFO] [supervisor.supervisor] [Supervisor] Result fanout thread started
2026-04-22 15:29:24 [INFO] [supervisor.supervisor] Started camera_0 PID=18388
2026-04-22 15:29:24 [INFO] [supervisor.supervisor] Started camera_1 PID=1272
2026-04-22 15:29:24 [INFO] [supervisor.supervisor] Started camera_2 PID=20448
2026-04-22 15:29:24 [INFO] [supervisor.supervisor] Started gpu_pool PID=320 (daemon=False, spawns GPU worker children)
2026-04-22 15:29:24 [INFO] [supervisor.supervisor] Started relay PID=29048
2026-04-22 15:29:24 [INFO] [supervisor.supervisor] Started gui PID=1556
2026-04-22 15:29:24 [INFO] [supervisor.supervisor] Started gpu_monitor PID=20940
2026-04-22 15:29:24 [INFO] [supervisor.supervisor] All processes started.
2026-04-22 15:29:24 [INFO] [supervisor.supervisor] Supervision loop running
2026-04-22 15:29:42 [INFO] [supervisor.supervisor] [Supervisor] Signal 2 → shutdown
2026-04-22 15:29:43 [INFO] [supervisor.supervisor] Supervision loop ending
2026-04-22 15:29:43 [INFO] [supervisor.supervisor] [Supervisor] Shutting down all...
2026-04-22 15:29:43 [INFO] [supervisor.supervisor] [Supervisor] Shutdown complete
2026-04-27 04:11:21 [INFO] [supervisor] Logging initialised → logs\supervisor.log (level=INFO)
2026-04-27 04:11:21 [INFO] [core.config_loader] Config loaded v2.1: 3 cameras
2026-04-27 04:11:21 [INFO] [supervisor.supervisor] ============================================================
2026-04-27 04:11:21 [INFO] [supervisor.supervisor] Supervisor v2.1 — IndustrialVisionSystem
2026-04-27 04:11:21 [INFO] [supervisor.supervisor] ============================================================
2026-04-27 04:11:21 [INFO] [supervisor.supervisor] Model OK: models/best.pt
2026-04-27 04:11:21 [INFO] [supervisor.supervisor] [Supervisor] Result fanout thread started
2026-04-27 04:11:21 [INFO] [supervisor.supervisor] Started camera_0 PID=28452
2026-04-27 04:11:21 [INFO] [supervisor.supervisor] Started camera_1 PID=26948
2026-04-27 04:11:21 [INFO] [supervisor.supervisor] Started camera_2 PID=20612
2026-04-27 04:11:21 [INFO] [supervisor.supervisor] Started gpu_pool PID=1304 (daemon=False, spawns GPU worker children)
2026-04-27 04:11:21 [INFO] [supervisor.supervisor] Started relay PID=11324
2026-04-27 04:11:21 [INFO] [supervisor.supervisor] Started gui PID=26560
2026-04-27 04:11:21 [INFO] [supervisor.supervisor] Started gpu_monitor PID=17432
2026-04-27 04:11:21 [INFO] [supervisor.supervisor] All processes started.
2026-04-27 04:11:21 [INFO] [supervisor.supervisor] Supervision loop running
2026-04-27 04:11:32 [INFO] [supervisor.supervisor] [Supervisor] Signal 2 → shutdown
2026-04-27 04:11:32 [INFO] [supervisor.supervisor] [Supervisor] Signal 2 → shutdown
2026-04-27 04:11:32 [INFO] [supervisor.supervisor] Supervision loop ending
2026-04-27 04:11:32 [INFO] [supervisor.supervisor] [Supervisor] Shutting down all...
2026-04-27 04:11:33 [INFO] [supervisor.supervisor] [Supervisor] Shutdown complete
2026-04-27 04:49:42 [INFO] [supervisor] Logging initialised → logs\supervisor.log (level=INFO)
2026-04-27 04:49:42 [INFO] [core.config_loader] Config loaded v2.1: 3 cameras
2026-04-27 04:49:42 [INFO] [supervisor.supervisor] ============================================================
2026-04-27 04:49:42 [INFO] [supervisor.supervisor] Supervisor v2.1 — IndustrialVisionSystem
2026-04-27 04:49:42 [INFO] [supervisor.supervisor] ============================================================
2026-04-27 04:49:42 [INFO] [supervisor.supervisor] Model OK: models/best.pt
2026-04-27 04:49:42 [INFO] [supervisor.supervisor] [Supervisor] Result fanout thread started
2026-04-27 04:49:42 [INFO] [supervisor.supervisor] Started camera_0 PID=23112
2026-04-27 04:49:42 [INFO] [supervisor.supervisor] Started camera_1 PID=25232
2026-04-27 04:49:42 [INFO] [supervisor.supervisor] Started camera_2 PID=24720
2026-04-27 04:49:42 [INFO] [supervisor.supervisor] Started gpu_pool PID=28680 (daemon=False, spawns GPU worker children)
2026-04-27 04:49:42 [INFO] [supervisor.supervisor] Started relay PID=27704
2026-04-27 04:49:42 [INFO] [supervisor.supervisor] Started gui PID=11328
2026-04-27 04:49:42 [INFO] [supervisor.supervisor] Started gpu_monitor PID=9824
2026-04-27 04:49:42 [INFO] [supervisor.supervisor] All processes started.
2026-04-27 04:49:42 [INFO] [supervisor.supervisor] Supervision loop running
2026-04-27 04:50:13 [ERROR] [supervisor.supervisor] [camera] cam=2 ConnectionFailed: RTSP failed: rtsp://admin:password@192.168.1.103:554/
2026-04-27 04:50:13 [ERROR] [supervisor.supervisor] [camera] cam=0 ConnectionFailed: RTSP failed: rtsp://admin:Pass_123@192.168.1.245:554/stream
2026-04-27 04:50:13 [ERROR] [supervisor.supervisor] [camera] cam=1 ConnectionFailed: RTSP failed: rtsp://admin:Pass_123@192.168.1.249:554/
2026-04-27 04:50:43 [INFO] [supervisor.supervisor] [Health] Uptime 00h01m00s
2026-04-27 04:50:43 [INFO] [supervisor.supervisor]   camera_0               alive=True  restarts=0   mem=0.0MB fps=0.0
2026-04-27 04:50:43 [INFO] [supervisor.supervisor]   camera_1               alive=True  restarts=0   mem=0.0MB fps=0.0
2026-04-27 04:50:43 [INFO] [supervisor.supervisor]   camera_2               alive=True  restarts=0   mem=0.0MB fps=0.0
2026-04-27 04:50:43 [INFO] [supervisor.supervisor]   gpu_pool               alive=True  restarts=0   mem=3254.0MB fps=0.0
2026-04-27 04:50:43 [INFO] [supervisor.supervisor]   relay                  alive=True  restarts=0   mem=27.9MB fps=0.0
2026-04-27 04:50:43 [INFO] [supervisor.supervisor]   gui                    alive=True  restarts=0   mem=55.6MB fps=0.0
2026-04-27 04:50:43 [INFO] [supervisor.supervisor]   gpu_monitor            alive=True  restarts=0   mem=35.9MB fps=0.0
2026-04-27 04:50:45 [ERROR] [supervisor.supervisor] [camera] cam=2 ConnectionFailed: RTSP failed: rtsp://admin:password@192.168.1.103:554/
2026-04-27 04:50:45 [ERROR] [supervisor.supervisor] [camera] cam=0 ConnectionFailed: RTSP failed: rtsp://admin:Pass_123@192.168.1.245:554/stream
2026-04-27 04:50:45 [ERROR] [supervisor.supervisor] [camera] cam=1 ConnectionFailed: RTSP failed: rtsp://admin:Pass_123@192.168.1.249:554/
2026-04-27 04:50:56 [INFO] [supervisor.supervisor] [Supervisor] Signal 2 → shutdown
2026-04-27 04:50:56 [INFO] [supervisor.supervisor] Supervision loop ending
2026-04-27 04:50:56 [INFO] [supervisor.supervisor] [Supervisor] Shutting down all...
2026-04-27 04:50:56 [INFO] [supervisor.supervisor] [Supervisor] Shutdown complete
2026-04-27 04:50:59 [INFO] [supervisor] Logging initialised → logs\supervisor.log (level=INFO)
2026-04-27 04:50:59 [INFO] [core.config_loader] Config loaded v2.1: 3 cameras
2026-04-27 04:50:59 [INFO] [supervisor.supervisor] ============================================================
2026-04-27 04:50:59 [INFO] [supervisor.supervisor] Supervisor v2.1 — IndustrialVisionSystem
2026-04-27 04:50:59 [INFO] [supervisor.supervisor] ============================================================
2026-04-27 04:50:59 [INFO] [supervisor.supervisor] Model OK: models/best.pt
2026-04-27 04:50:59 [INFO] [supervisor.supervisor] [Supervisor] Result fanout thread started
2026-04-27 04:50:59 [INFO] [supervisor.supervisor] Started camera_0 PID=3200
2026-04-27 04:50:59 [INFO] [supervisor.supervisor] Started camera_1 PID=26368
2026-04-27 04:50:59 [INFO] [supervisor.supervisor] Started camera_2 PID=11520
2026-04-27 04:50:59 [INFO] [supervisor.supervisor] Started gpu_pool PID=24828 (daemon=False, spawns GPU worker children)
2026-04-27 04:50:59 [INFO] [supervisor.supervisor] Started relay PID=29348
2026-04-27 04:50:59 [INFO] [supervisor.supervisor] Started gui PID=26832
2026-04-27 04:50:59 [INFO] [supervisor.supervisor] Started gpu_monitor PID=14076
2026-04-27 04:50:59 [INFO] [supervisor.supervisor] All processes started.
2026-04-27 04:50:59 [INFO] [supervisor.supervisor] Supervision loop running
2026-04-27 04:51:29 [ERROR] [supervisor.supervisor] [camera] cam=2 ConnectionFailed: RTSP failed: rtsp://admin:password@192.168.1.103:554/
2026-04-27 04:51:29 [ERROR] [supervisor.supervisor] [camera] cam=1 ConnectionFailed: RTSP failed: rtsp://admin:Pass_123@192.168.1.249:554/
2026-04-27 04:51:59 [INFO] [supervisor.supervisor] [Health] Uptime 00h01m00s
2026-04-27 04:51:59 [INFO] [supervisor.supervisor]   camera_0               alive=True  restarts=0   mem=175.7MB fps=13.1
2026-04-27 04:51:59 [INFO] [supervisor.supervisor]   camera_1               alive=True  restarts=0   mem=0.0MB fps=0.0
2026-04-27 04:51:59 [INFO] [supervisor.supervisor]   camera_2               alive=True  restarts=0   mem=0.0MB fps=0.0
2026-04-27 04:51:59 [INFO] [supervisor.supervisor]   gpu_pool               alive=True  restarts=0   mem=3273.6MB fps=4.3
2026-04-27 04:51:59 [INFO] [supervisor.supervisor]   relay                  alive=True  restarts=0   mem=28.0MB fps=0.0
2026-04-27 04:51:59 [INFO] [supervisor.supervisor]   gui                    alive=True  restarts=0   mem=64.1MB fps=0.0
2026-04-27 04:51:59 [INFO] [supervisor.supervisor]   gpu_monitor            alive=True  restarts=0   mem=35.8MB fps=0.0
2026-04-27 04:52:01 [ERROR] [supervisor.supervisor] [camera] cam=1 ConnectionFailed: RTSP failed: rtsp://admin:Pass_123@192.168.1.249:554/
2026-04-27 04:52:01 [ERROR] [supervisor.supervisor] [camera] cam=2 ConnectionFailed: RTSP failed: rtsp://admin:password@192.168.1.103:554/
2026-04-27 04:52:36 [ERROR] [supervisor.supervisor] [camera] cam=1 ConnectionFailed: RTSP failed: rtsp://admin:Pass_123@192.168.1.249:554/
2026-04-27 04:52:36 [ERROR] [supervisor.supervisor] [camera] cam=2 ConnectionFailed: RTSP failed: rtsp://admin:password@192.168.1.103:554/
2026-04-27 04:53:00 [INFO] [supervisor.supervisor] [Health] Uptime 00h02m01s
2026-04-27 04:53:00 [INFO] [supervisor.supervisor]   camera_0               alive=True  restarts=0   mem=175.7MB fps=12.9
2026-04-27 04:53:00 [INFO] [supervisor.supervisor]   camera_1               alive=True  restarts=0   mem=0.0MB fps=0.0
2026-04-27 04:53:00 [INFO] [supervisor.supervisor]   camera_2               alive=True  restarts=0   mem=0.0MB fps=0.0
2026-04-27 04:53:00 [INFO] [supervisor.supervisor]   gpu_pool               alive=True  restarts=0   mem=3273.6MB fps=4.3
2026-04-27 04:53:00 [INFO] [supervisor.supervisor]   relay                  alive=True  restarts=0   mem=27.9MB fps=0.0
2026-04-27 04:53:00 [INFO] [supervisor.supervisor]   gui                    alive=True  restarts=0   mem=64.9MB fps=0.0
2026-04-27 04:53:00 [INFO] [supervisor.supervisor]   gpu_monitor            alive=True  restarts=0   mem=35.7MB fps=0.0
2026-04-27 04:53:11 [INFO] [supervisor.supervisor] [Supervisor] Signal 2 → shutdown
2026-04-27 04:53:11 [INFO] [supervisor.supervisor] Supervision loop ending
2026-04-27 04:53:11 [INFO] [supervisor.supervisor] [Supervisor] Shutting down all...
2026-04-27 04:53:11 [INFO] [supervisor.supervisor] [Supervisor] Shutdown complete
